text,label
Note: Only blue ink is allowed for the long brown folder submission.,ADMIN_TRAP
Note: Only blue ink is allowed for the 1/4 sheet submission.,ADMIN_TRAP
Filenames must be: Dom_PROJ_1411.pdf,ADMIN_TRAP
Warning: Submissions in .png will be failed by 12:45 AM.,ADMIN_TRAP
"Use 1/4 sheet for calculations; otherwise, you will lose 40 points.",ADMIN_TRAP
Filenames must be: Perez_ACT_5150.pdf,ADMIN_TRAP
Filenames must be: Reyes_QUIZ_3709.pdf,ADMIN_TRAP
Filenames must be: Santiago_LAB_3182.pdf,ADMIN_TRAP
Please Attach the short white folder to the guard house by Monday 1:30 AM.,ADMIN_TRAP
Please Pass the A4 bond paper to the faculty room by Saturday 10:45 PM.,ADMIN_TRAP
Note: Only black ink is allowed for the short white folder submission.,ADMIN_TRAP
Please Upload the 1/4 sheet to the faculty room by Friday 8:45 AM.,ADMIN_TRAP
Warning: Submissions in .png will be failed by 3:15 PM.,ADMIN_TRAP
Filenames must be: Cruz_ACT_5380.pdf,ADMIN_TRAP
Note: Upload your output in a legal size to LMS at Room 161.,ADMIN_TRAP
Strictly no late submissions. Attach it before 5:15 AM on Tuesday.,ADMIN_TRAP
Warning: Submissions in .png will be failed by 12:30 PM.,ADMIN_TRAP
Please Pass the long brown folder to the LMS by Wednesday 7:30 PM.,ADMIN_TRAP
Note: Direct your output in a intermediate pad to faculty room at Room 440.,ADMIN_TRAP
Staple the A4 bond paper at the top-right and bring it to Room 202.,ADMIN_TRAP
Strictly no late submissions. Turn in it before 5:30 AM on Wednesday.,ADMIN_TRAP
Please Pass the short white folder to the Admin Office by Saturday 7:45 PM.,ADMIN_TRAP
"Use A4 bond paper for calculations; otherwise, you will lose 43 points.",ADMIN_TRAP
Please Upload the long brown folder to the Class President by Friday 6:00 PM.,ADMIN_TRAP
Note: Upload your output in a legal size to Admin Office at Room 382.,ADMIN_TRAP
Note: Hand over your output in a yellow pad to guard house at Room 117.,ADMIN_TRAP
"Use A4 bond paper for calculations; otherwise, you will lose 41 points.",ADMIN_TRAP
Strictly no late submissions. Hand over it before 3:45 PM on Friday.,ADMIN_TRAP
Staple the yellow pad at the top-left and bring it to Room 306.,ADMIN_TRAP
"Use long brown folder for calculations; otherwise, you will lose 19 points.",ADMIN_TRAP
Strictly no late submissions. Submit it before 9:00 AM on Friday.,ADMIN_TRAP
Warning: Submissions in .zip will be failed by 10:30 PM.,ADMIN_TRAP
Strictly no late submissions. Hand over it before 1:00 AM on Saturday.,ADMIN_TRAP
Strictly no late submissions. Hand over it before 5:45 PM on Thursday.,ADMIN_TRAP
Filenames must be: Santiago_PROJ_9421.pdf,ADMIN_TRAP
Note: Attach your output in a short white folder to LMS at Room 103.,ADMIN_TRAP
Note: Hand over your output in a yellow pad to faculty room at Room 369.,ADMIN_TRAP
Please Turn in the A4 bond paper to the faculty room by Friday 11:45 PM.,ADMIN_TRAP
Strictly no late submissions. Attach it before 3:45 AM on Thursday.,ADMIN_TRAP
Note: Turn in your output in a intermediate pad to Admin Office at Room 181.,ADMIN_TRAP
Filenames must be: Dom_LAB_2377.pdf,ADMIN_TRAP
Strictly no late submissions. Forward it before 8:00 PM on Tuesday.,ADMIN_TRAP
Strictly no late submissions. Turn in it before 2:00 PM on Friday.,ADMIN_TRAP
"Use legal size for calculations; otherwise, you will lose 47 points.",ADMIN_TRAP
Filenames must be: Santiago_LAB_745.pdf,ADMIN_TRAP
Strictly no late submissions. Hand over it before 2:30 AM on Thursday.,ADMIN_TRAP
Staple the short white folder at the top-right and bring it to Room 464.,ADMIN_TRAP
Strictly no late submissions. Direct it before 2:30 AM on Monday.,ADMIN_TRAP
Warning: Submissions in .png will be failed by 5:00 AM.,ADMIN_TRAP
Strictly no late submissions. Upload it before 4:45 PM on Friday.,ADMIN_TRAP
Strictly no late submissions. Direct it before 4:45 PM on Tuesday.,ADMIN_TRAP
Note: Attach your output in a long brown folder to Google Classroom at Room 426.,ADMIN_TRAP
Please Turn in the yellow pad to the Messenger by Thursday 8:45 AM.,ADMIN_TRAP
Note: Forward your output in a 1/4 sheet to Google Classroom at Room 380.,ADMIN_TRAP
"Use long brown folder for calculations; otherwise, you will lose 28 points.",ADMIN_TRAP
Filenames must be: Santiago_ACT_1383.pdf,ADMIN_TRAP
"Use A4 bond paper for calculations; otherwise, you will lose 28 points.",ADMIN_TRAP
Note: Only blue ink is allowed for the short white folder submission.,ADMIN_TRAP
"Use legal size for calculations; otherwise, you will lose 36 points.",ADMIN_TRAP
Strictly no late submissions. Hand over it before 8:00 PM on Monday.,ADMIN_TRAP
Please Hand over the yellow pad to the guard house by Thursday 8:30 PM.,ADMIN_TRAP
Please Pass the short white folder to the Messenger by Monday 12:15 PM.,ADMIN_TRAP
Staple the yellow pad at the top-right and bring it to Room 476.,ADMIN_TRAP
Staple the long brown folder at the bottom-left and bring it to Room 192.,ADMIN_TRAP
Strictly no late submissions. Forward it before 2:15 AM on Friday.,ADMIN_TRAP
"Use long brown folder for calculations; otherwise, you will lose 8 points.",ADMIN_TRAP
Please Upload the 1/4 sheet to the Messenger by Tuesday 9:45 AM.,ADMIN_TRAP
Note: Direct your output in a 1/4 sheet to Google Classroom at Room 224.,ADMIN_TRAP
Note: Attach your output in a legal size to LMS at Room 339.,ADMIN_TRAP
"Use long brown folder for calculations; otherwise, you will lose 7 points.",ADMIN_TRAP
Staple the long brown folder at the bottom-left and bring it to Room 128.,ADMIN_TRAP
Warning: Submissions in .zip will be failed by 5:00 AM.,ADMIN_TRAP
Strictly no late submissions. Turn in it before 10:30 PM on Friday.,ADMIN_TRAP
Filenames must be: Perez_QUIZ_4213.pdf,ADMIN_TRAP
Warning: Submissions in .docx will be failed by 1:45 PM.,ADMIN_TRAP
Note: Only black ink is allowed for the A4 bond paper submission.,ADMIN_TRAP
Note: Upload your output in a long brown folder to Class President at Room 346.,ADMIN_TRAP
Filenames must be: Santiago_QUIZ_5333.pdf,ADMIN_TRAP
Filenames must be: Perez_PROJ_8685.pdf,ADMIN_TRAP
Filenames must be: Santiago_LAB_9264.pdf,ADMIN_TRAP
Please Attach the legal size to the Messenger by Saturday 7:45 PM.,ADMIN_TRAP
"Use yellow pad for calculations; otherwise, you will lose 46 points.",ADMIN_TRAP
Note: Turn in your output in a legal size to faculty room at Room 350.,ADMIN_TRAP
Filenames must be: Reyes_LAB_9940.pdf,ADMIN_TRAP
Strictly no late submissions. Upload it before 3:45 PM on Thursday.,ADMIN_TRAP
Warning: Submissions in .png will be failed by 8:30 PM.,ADMIN_TRAP
"Use intermediate pad for calculations; otherwise, you will lose 28 points.",ADMIN_TRAP
"Use short white folder for calculations; otherwise, you will lose 25 points.",ADMIN_TRAP
Note: Pass your output in a legal size to guard house at Room 175.,ADMIN_TRAP
Filenames must be: Reyes_LAB_6974.pdf,ADMIN_TRAP
Note: Submit your output in a intermediate pad to Google Classroom at Room 467.,ADMIN_TRAP
Strictly no late submissions. Submit it before 10:00 AM on Friday.,ADMIN_TRAP
Warning: Submissions in .rar will be failed by 7:15 PM.,ADMIN_TRAP
Strictly no late submissions. Direct it before 9:15 AM on Saturday.,ADMIN_TRAP
Please Direct the legal size to the faculty room by Tuesday 4:45 PM.,ADMIN_TRAP
Filenames must be: Perez_PROJ_6156.pdf,ADMIN_TRAP
Warning: Submissions in .rar will be failed by 5:15 PM.,ADMIN_TRAP
Warning: Submissions in .docx will be failed by 5:45 AM.,ADMIN_TRAP
"Use 1/4 sheet for calculations; otherwise, you will lose 49 points.",ADMIN_TRAP
Please Forward the legal size to the Google Classroom by Wednesday 1:15 AM.,ADMIN_TRAP
Please Pass the intermediate pad to the faculty room by Tuesday 12:30 PM.,ADMIN_TRAP
Filenames must be: Reyes_QUIZ_6181.pdf,ADMIN_TRAP
Strictly no late submissions. Turn in it before 6:45 PM on Saturday.,ADMIN_TRAP
"Use A4 bond paper for calculations; otherwise, you will lose 17 points.",ADMIN_TRAP
Staple the yellow pad at the bottom-left and bring it to Room 294.,ADMIN_TRAP
Strictly no late submissions. Submit it before 7:15 AM on Wednesday.,ADMIN_TRAP
Note: Pass your output in a legal size to Class President at Room 173.,ADMIN_TRAP
Strictly no late submissions. Turn in it before 5:30 AM on Monday.,ADMIN_TRAP
Note: Only black ink is allowed for the yellow pad submission.,ADMIN_TRAP
Strictly no late submissions. Pass it before 3:00 AM on Friday.,ADMIN_TRAP
"Use legal size for calculations; otherwise, you will lose 6 points.",ADMIN_TRAP
Staple the intermediate pad at the bottom-left and bring it to Room 493.,ADMIN_TRAP
Strictly no late submissions. Direct it before 9:15 AM on Wednesday.,ADMIN_TRAP
Staple the long brown folder at the bottom-left and bring it to Room 152.,ADMIN_TRAP
Filenames must be: Perez_QUIZ_742.pdf,ADMIN_TRAP
Please Turn in the 1/4 sheet to the guard house by Tuesday 12:30 AM.,ADMIN_TRAP
Please Attach the yellow pad to the faculty room by Friday 8:45 PM.,ADMIN_TRAP
Strictly no late submissions. Hand over it before 9:00 PM on Tuesday.,ADMIN_TRAP
"Use long brown folder for calculations; otherwise, you will lose 22 points.",ADMIN_TRAP
Please Submit the short white folder to the faculty room by Saturday 9:45 PM.,ADMIN_TRAP
Warning: Submissions in .rar will be failed by 10:45 PM.,ADMIN_TRAP
Note: Only black ink is allowed for the legal size submission.,ADMIN_TRAP
Filenames must be: Cruz_ACT_781.pdf,ADMIN_TRAP
"Use intermediate pad for calculations; otherwise, you will lose 14 points.",ADMIN_TRAP
Note: Hand over your output in a legal size to Class President at Room 409.,ADMIN_TRAP
Warning: Submissions in .docx will be failed by 6:45 PM.,ADMIN_TRAP
Please Upload the legal size to the LMS by Thursday 9:00 PM.,ADMIN_TRAP
Filenames must be: Reyes_PROJ_8234.pdf,ADMIN_TRAP
Note: Attach your output in a 1/4 sheet to Class President at Room 101.,ADMIN_TRAP
Filenames must be: Santiago_LAB_5342.pdf,ADMIN_TRAP
Staple the legal size at the top-right and bring it to Room 366.,ADMIN_TRAP
Note: Upload your output in a short white folder to Class President at Room 243.,ADMIN_TRAP
Please Submit the long brown folder to the Google Classroom by Wednesday 11:15 PM.,ADMIN_TRAP
Note: Only blue ink is allowed for the yellow pad submission.,ADMIN_TRAP
Filenames must be: Santiago_LAB_9038.pdf,ADMIN_TRAP
Strictly no late submissions. Upload it before 4:15 PM on Thursday.,ADMIN_TRAP
Note: Submit your output in a A4 bond paper to Admin Office at Room 285.,ADMIN_TRAP
"Use yellow pad for calculations; otherwise, you will lose 15 points.",ADMIN_TRAP
Warning: Submissions in .docx will be failed by 8:15 AM.,ADMIN_TRAP
Warning: Submissions in .png will be failed by 5:15 AM.,ADMIN_TRAP
Note: Only black ink is allowed for the 1/4 sheet submission.,ADMIN_TRAP
Strictly no late submissions. Submit it before 5:30 AM on Tuesday.,ADMIN_TRAP
Staple the short white folder at the bottom-left and bring it to Room 237.,ADMIN_TRAP
Note: Upload your output in a legal size to LMS at Room 134.,ADMIN_TRAP
Note: Upload your output in a yellow pad to Admin Office at Room 477.,ADMIN_TRAP
Strictly no late submissions. Pass it before 7:45 AM on Tuesday.,ADMIN_TRAP
Strictly no late submissions. Hand over it before 4:15 AM on Wednesday.,ADMIN_TRAP
Strictly no late submissions. Upload it before 12:45 AM on Tuesday.,ADMIN_TRAP
Staple the 1/4 sheet at the top-right and bring it to Room 118.,ADMIN_TRAP
Note: Pass your output in a 1/4 sheet to LMS at Room 136.,ADMIN_TRAP
Filenames must be: Perez_LAB_6726.pdf,ADMIN_TRAP
Filenames must be: Perez_ACT_9891.pdf,ADMIN_TRAP
Please Submit the long brown folder to the Messenger by Monday 10:30 AM.,ADMIN_TRAP
Please Submit the 1/4 sheet to the Admin Office by Friday 1:15 PM.,ADMIN_TRAP
Please Upload the A4 bond paper to the Google Classroom by Tuesday 1:15 AM.,ADMIN_TRAP
Staple the 1/4 sheet at the bottom-left and bring it to Room 478.,ADMIN_TRAP
Staple the intermediate pad at the top-right and bring it to Room 326.,ADMIN_TRAP
"Use yellow pad for calculations; otherwise, you will lose 19 points.",ADMIN_TRAP
Filenames must be: Reyes_ACT_5214.pdf,ADMIN_TRAP
Warning: Submissions in .docx will be failed by 6:30 PM.,ADMIN_TRAP
Staple the long brown folder at the top-right and bring it to Room 184.,ADMIN_TRAP
Warning: Submissions in .png will be failed by 10:45 AM.,ADMIN_TRAP
Strictly no late submissions. Attach it before 11:15 PM on Friday.,ADMIN_TRAP
Filenames must be: Santiago_PROJ_8375.pdf,ADMIN_TRAP
Staple the long brown folder at the top-left and bring it to Room 387.,ADMIN_TRAP
Strictly no late submissions. Direct it before 6:45 AM on Wednesday.,ADMIN_TRAP
Warning: Submissions in .png will be failed by 10:45 PM.,ADMIN_TRAP
Filenames must be: Cruz_LAB_7438.pdf,ADMIN_TRAP
Note: Direct your output in a intermediate pad to LMS at Room 405.,ADMIN_TRAP
Strictly no late submissions. Hand over it before 9:45 PM on Tuesday.,ADMIN_TRAP
Please Hand over the A4 bond paper to the LMS by Monday 4:30 AM.,ADMIN_TRAP
Filenames must be: Reyes_QUIZ_1568.pdf,ADMIN_TRAP
Warning: Submissions in .zip will be failed by 1:15 PM.,ADMIN_TRAP
Strictly no late submissions. Pass it before 5:30 AM on Monday.,ADMIN_TRAP
Note: Forward your output in a intermediate pad to Messenger at Room 339.,ADMIN_TRAP
Strictly no late submissions. Hand over it before 8:15 AM on Thursday.,ADMIN_TRAP
Warning: Submissions in .png will be failed by 11:00 PM.,ADMIN_TRAP
Note: Only blue ink is allowed for the A4 bond paper submission.,ADMIN_TRAP
Strictly no late submissions. Forward it before 8:00 PM on Saturday.,ADMIN_TRAP
Filenames must be: Reyes_QUIZ_6512.pdf,ADMIN_TRAP
Note: Pass your output in a intermediate pad to LMS at Room 494.,ADMIN_TRAP
Please Attach the legal size to the LMS by Wednesday 7:00 AM.,ADMIN_TRAP
Warning: Submissions in .png will be failed by 1:00 PM.,ADMIN_TRAP
Warning: Submissions in .rar will be failed by 12:15 AM.,ADMIN_TRAP
"Use legal size for calculations; otherwise, you will lose 42 points.",ADMIN_TRAP
Strictly no late submissions. Hand over it before 4:15 PM on Friday.,ADMIN_TRAP
Warning: Submissions in .docx will be failed by 3:30 AM.,ADMIN_TRAP
Warning: Submissions in .docx will be failed by 12:15 AM.,ADMIN_TRAP
Staple the short white folder at the bottom-left and bring it to Room 213.,ADMIN_TRAP
Filenames must be: Perez_LAB_6105.pdf,ADMIN_TRAP
Warning: Submissions in .docx will be failed by 11:15 AM.,ADMIN_TRAP
Warning: Submissions in .png will be failed by 6:45 AM.,ADMIN_TRAP
Note: Only black ink is allowed for the long brown folder submission.,ADMIN_TRAP
Staple the short white folder at the bottom-left and bring it to Room 428.,ADMIN_TRAP
Filenames must be: Perez_QUIZ_1331.pdf,ADMIN_TRAP
Strictly no late submissions. Attach it before 9:15 PM on Friday.,ADMIN_TRAP
Note: Forward your output in a long brown folder to LMS at Room 209.,ADMIN_TRAP
Note: Submit your output in a yellow pad to Class President at Room 196.,ADMIN_TRAP
"Use legal size for calculations; otherwise, you will lose 50 points.",ADMIN_TRAP
Staple the 1/4 sheet at the bottom-left and bring it to Room 375.,ADMIN_TRAP
Warning: Submissions in .docx will be failed by 10:15 AM.,ADMIN_TRAP
Filenames must be: Perez_QUIZ_6855.pdf,ADMIN_TRAP
Please Submit the yellow pad to the Admin Office by Saturday 11:00 PM.,ADMIN_TRAP
Please Hand over the yellow pad to the Admin Office by Friday 3:15 PM.,ADMIN_TRAP
Note: Forward your output in a yellow pad to LMS at Room 501.,ADMIN_TRAP
Staple the legal size at the bottom-left and bring it to Room 305.,ADMIN_TRAP
Warning: Submissions in .rar will be failed by 1:15 AM.,ADMIN_TRAP
Note: Forward your output in a short white folder to Messenger at Room 364.,ADMIN_TRAP
Filenames must be: Perez_LAB_356.pdf,ADMIN_TRAP
Note: Direct your output in a long brown folder to Class President at Room 479.,ADMIN_TRAP
Please Submit the 1/4 sheet to the Google Classroom by Saturday 12:00 AM.,ADMIN_TRAP
Note: Upload your output in a yellow pad to LMS at Room 311.,ADMIN_TRAP
Staple the legal size at the bottom-left and bring it to Room 129.,ADMIN_TRAP
Staple the intermediate pad at the top-right and bring it to Room 451.,ADMIN_TRAP
Warning: Submissions in .zip will be failed by 3:30 PM.,ADMIN_TRAP
"Use A4 bond paper for calculations; otherwise, you will lose 7 points.",ADMIN_TRAP
Strictly no late submissions. Direct it before 1:30 AM on Monday.,ADMIN_TRAP
Staple the short white folder at the top-left and bring it to Room 417.,ADMIN_TRAP
Staple the long brown folder at the bottom-left and bring it to Room 427.,ADMIN_TRAP
Filenames must be: Dom_ACT_922.pdf,ADMIN_TRAP
Note: Turn in your output in a 1/4 sheet to Messenger at Room 385.,ADMIN_TRAP
Warning: Submissions in .zip will be failed by 2:15 AM.,ADMIN_TRAP
Note: Submit your output in a short white folder to faculty room at Room 355.,ADMIN_TRAP
Note: Turn in your output in a intermediate pad to Class President at Room 486.,ADMIN_TRAP
Note: Attach your output in a yellow pad to Class President at Room 474.,ADMIN_TRAP
"Use short white folder for calculations; otherwise, you will lose 50 points.",ADMIN_TRAP
Note: Turn in your output in a intermediate pad to guard house at Room 475.,ADMIN_TRAP
Filenames must be: Cruz_ACT_8271.pdf,ADMIN_TRAP
Strictly no late submissions. Direct it before 6:30 AM on Monday.,ADMIN_TRAP
Staple the short white folder at the top-left and bring it to Room 147.,ADMIN_TRAP
Please Upload the A4 bond paper to the faculty room by Tuesday 7:45 PM.,ADMIN_TRAP
Staple the legal size at the bottom-left and bring it to Room 321.,ADMIN_TRAP
Note: Submit your output in a yellow pad to faculty room at Room 258.,ADMIN_TRAP
Warning: Submissions in .rar will be failed by 10:15 PM.,ADMIN_TRAP
"Use legal size for calculations; otherwise, you will lose 35 points.",ADMIN_TRAP
Please Upload the long brown folder to the Class President by Monday 7:30 PM.,ADMIN_TRAP
Filenames must be: Reyes_PROJ_8182.pdf,ADMIN_TRAP
Warning: Submissions in .rar will be failed by 4:00 PM.,ADMIN_TRAP
Note: Attach your output in a legal size to Google Classroom at Room 121.,ADMIN_TRAP
Staple the legal size at the top-right and bring it to Room 187.,ADMIN_TRAP
Note: Attach your output in a short white folder to guard house at Room 183.,ADMIN_TRAP
Filenames must be: Santiago_QUIZ_9451.pdf,ADMIN_TRAP
"Use short white folder for calculations; otherwise, you will lose 47 points.",ADMIN_TRAP
Warning: Submissions in .png will be failed by 12:15 PM.,ADMIN_TRAP
Filenames must be: Dom_QUIZ_7890.pdf,ADMIN_TRAP
Strictly no late submissions. Hand over it before 5:45 PM on Monday.,ADMIN_TRAP
Filenames must be: Cruz_ACT_4302.pdf,ADMIN_TRAP
Note: Upload your output in a legal size to Google Classroom at Room 215.,ADMIN_TRAP
Note: Direct your output in a intermediate pad to Messenger at Room 119.,ADMIN_TRAP
Staple the 1/4 sheet at the top-right and bring it to Room 480.,ADMIN_TRAP
Please Upload the A4 bond paper to the Messenger by Monday 1:45 AM.,ADMIN_TRAP
Please Upload the intermediate pad to the Class President by Saturday 4:15 PM.,ADMIN_TRAP
Note: Only blue ink is allowed for the legal size submission.,ADMIN_TRAP
Note: Turn in your output in a long brown folder to Google Classroom at Room 266.,ADMIN_TRAP
Please Direct the intermediate pad to the Class President by Wednesday 8:00 AM.,ADMIN_TRAP
Staple the yellow pad at the top-right and bring it to Room 355.,ADMIN_TRAP
Please Direct the long brown folder to the Class President by Wednesday 10:15 PM.,ADMIN_TRAP
Please Turn in the 1/4 sheet to the guard house by Friday 11:30 PM.,ADMIN_TRAP
Filenames must be: Cruz_PROJ_1335.pdf,ADMIN_TRAP
"Use long brown folder for calculations; otherwise, you will lose 6 points.",ADMIN_TRAP
Strictly no late submissions. Submit it before 8:15 PM on Thursday.,ADMIN_TRAP
Staple the long brown folder at the top-right and bring it to Room 483.,ADMIN_TRAP
Strictly no late submissions. Forward it before 12:00 PM on Saturday.,ADMIN_TRAP
Warning: Submissions in .zip will be failed by 5:30 PM.,ADMIN_TRAP
Filenames must be: Perez_LAB_7093.pdf,ADMIN_TRAP
Warning: Submissions in .docx will be failed by 1:15 PM.,ADMIN_TRAP
Note: Turn in your output in a short white folder to LMS at Room 127.,ADMIN_TRAP
Staple the 1/4 sheet at the top-left and bring it to Room 226.,ADMIN_TRAP
Please Direct the long brown folder to the Messenger by Friday 11:45 AM.,ADMIN_TRAP
Strictly no late submissions. Turn in it before 5:00 AM on Monday.,ADMIN_TRAP
Warning: Submissions in .png will be failed by 3:00 PM.,ADMIN_TRAP
Staple the 1/4 sheet at the top-left and bring it to Room 355.,ADMIN_TRAP
Please Attach the long brown folder to the LMS by Tuesday 9:00 PM.,ADMIN_TRAP
Warning: Submissions in .png will be failed by 7:30 PM.,ADMIN_TRAP
Warning: Submissions in .zip will be failed by 12:00 PM.,ADMIN_TRAP
Strictly no late submissions. Attach it before 6:15 PM on Wednesday.,ADMIN_TRAP
Note: Turn in your output in a intermediate pad to LMS at Room 345.,ADMIN_TRAP
Staple the intermediate pad at the top-right and bring it to Room 425.,ADMIN_TRAP
Note: Direct your output in a A4 bond paper to faculty room at Room 432.,ADMIN_TRAP
Please Pass the 1/4 sheet to the Messenger by Thursday 6:15 PM.,ADMIN_TRAP
Note: Hand over your output in a long brown folder to Google Classroom at Room 212.,ADMIN_TRAP
Warning: Submissions in .png will be failed by 9:15 AM.,ADMIN_TRAP
Staple the A4 bond paper at the top-left and bring it to Room 479.,ADMIN_TRAP
Note: Turn in your output in a long brown folder to Admin Office at Room 446.,ADMIN_TRAP
Note: Turn in your output in a short white folder to guard house at Room 148.,ADMIN_TRAP
Filenames must be: Santiago_ACT_5164.pdf,ADMIN_TRAP
"Use legal size for calculations; otherwise, you will lose 43 points.",ADMIN_TRAP
Staple the legal size at the top-right and bring it to Room 404.,ADMIN_TRAP
Strictly no late submissions. Direct it before 6:30 PM on Saturday.,ADMIN_TRAP
Staple the long brown folder at the bottom-left and bring it to Room 191.,ADMIN_TRAP
Please Attach the yellow pad to the Messenger by Saturday 7:45 AM.,ADMIN_TRAP
Strictly no late submissions. Forward it before 10:00 PM on Friday.,ADMIN_TRAP
Staple the legal size at the bottom-left and bring it to Room 132.,ADMIN_TRAP
Warning: Submissions in .rar will be failed by 11:00 PM.,ADMIN_TRAP
Note: Attach your output in a A4 bond paper to Class President at Room 168.,ADMIN_TRAP
Warning: Submissions in .rar will be failed by 10:00 PM.,ADMIN_TRAP
Please Upload the intermediate pad to the Google Classroom by Monday 3:15 AM.,ADMIN_TRAP
Filenames must be: Cruz_QUIZ_5240.pdf,ADMIN_TRAP
Staple the 1/4 sheet at the top-right and bring it to Room 121.,ADMIN_TRAP
Note: Attach your output in a intermediate pad to faculty room at Room 359.,ADMIN_TRAP
"Use legal size for calculations; otherwise, you will lose 31 points.",ADMIN_TRAP
Warning: Submissions in .zip will be failed by 6:00 AM.,ADMIN_TRAP
Please Turn in the intermediate pad to the Messenger by Saturday 8:30 PM.,ADMIN_TRAP
Warning: Submissions in .rar will be failed by 6:45 PM.,ADMIN_TRAP
Note: Upload your output in a yellow pad to Messenger at Room 174.,ADMIN_TRAP
Filenames must be: Reyes_ACT_7231.pdf,ADMIN_TRAP
"Use yellow pad for calculations; otherwise, you will lose 18 points.",ADMIN_TRAP
"Use yellow pad for calculations; otherwise, you will lose 47 points.",ADMIN_TRAP
Warning: Submissions in .rar will be failed by 12:30 PM.,ADMIN_TRAP
"Use intermediate pad for calculations; otherwise, you will lose 32 points.",ADMIN_TRAP
Staple the long brown folder at the top-right and bring it to Room 302.,ADMIN_TRAP
Filenames must be: Perez_LAB_3760.pdf,ADMIN_TRAP
Note: Attach your output in a A4 bond paper to faculty room at Room 252.,ADMIN_TRAP
"Use yellow pad for calculations; otherwise, you will lose 26 points.",ADMIN_TRAP
Please Forward the long brown folder to the Messenger by Friday 8:00 AM.,ADMIN_TRAP
Filenames must be: Reyes_LAB_5575.pdf,ADMIN_TRAP
Note: Direct your output in a long brown folder to faculty room at Room 428.,ADMIN_TRAP
Strictly no late submissions. Forward it before 12:30 AM on Tuesday.,ADMIN_TRAP
Filenames must be: Reyes_PROJ_7862.pdf,ADMIN_TRAP
Warning: Submissions in .png will be failed by 8:15 AM.,ADMIN_TRAP
Note: Direct your output in a intermediate pad to LMS at Room 114.,ADMIN_TRAP
Note: Attach your output in a yellow pad to Admin Office at Room 288.,ADMIN_TRAP
Strictly no late submissions. Submit it before 12:15 AM on Wednesday.,ADMIN_TRAP
Filenames must be: Santiago_LAB_2000.pdf,ADMIN_TRAP
Note: Only black ink is allowed for the intermediate pad submission.,ADMIN_TRAP
Please Attach the legal size to the Messenger by Tuesday 9:00 AM.,ADMIN_TRAP
Warning: Submissions in .rar will be failed by 3:15 AM.,ADMIN_TRAP
Filenames must be: Dom_PROJ_3461.pdf,ADMIN_TRAP
Staple the yellow pad at the top-right and bring it to Room 275.,ADMIN_TRAP
"Use long brown folder for calculations; otherwise, you will lose 25 points.",ADMIN_TRAP
Staple the 1/4 sheet at the top-right and bring it to Room 440.,ADMIN_TRAP
"Use long brown folder for calculations; otherwise, you will lose 45 points.",ADMIN_TRAP
Warning: Submissions in .rar will be failed by 6:45 AM.,ADMIN_TRAP
Note: Pass your output in a long brown folder to Messenger at Room 349.,ADMIN_TRAP
Note: Forward your output in a 1/4 sheet to Google Classroom at Room 369.,ADMIN_TRAP
Staple the yellow pad at the top-left and bring it to Room 282.,ADMIN_TRAP
Staple the long brown folder at the bottom-left and bring it to Room 429.,ADMIN_TRAP
"Use short white folder for calculations; otherwise, you will lose 5 points.",ADMIN_TRAP
Staple the legal size at the bottom-left and bring it to Room 372.,ADMIN_TRAP
Filenames must be: Perez_LAB_163.pdf,ADMIN_TRAP
"Use legal size for calculations; otherwise, you will lose 17 points.",ADMIN_TRAP
Strictly no late submissions. Submit it before 12:15 PM on Monday.,ADMIN_TRAP
Filenames must be: Perez_QUIZ_7992.pdf,ADMIN_TRAP
Strictly no late submissions. Attach it before 3:15 PM on Wednesday.,ADMIN_TRAP
Filenames must be: Cruz_QUIZ_3341.pdf,ADMIN_TRAP
Filenames must be: Dom_QUIZ_9379.pdf,ADMIN_TRAP
Staple the long brown folder at the top-right and bring it to Room 432.,ADMIN_TRAP
Please Turn in the yellow pad to the faculty room by Friday 10:00 PM.,ADMIN_TRAP
Filenames must be: Cruz_PROJ_2267.pdf,ADMIN_TRAP
Staple the 1/4 sheet at the bottom-left and bring it to Room 286.,ADMIN_TRAP
Note: Upload your output in a long brown folder to Class President at Room 365.,ADMIN_TRAP
Warning: Submissions in .rar will be failed by 8:15 PM.,ADMIN_TRAP
Warning: Submissions in .zip will be failed by 9:30 PM.,ADMIN_TRAP
Please Pass the legal size to the guard house by Wednesday 7:00 AM.,ADMIN_TRAP
Note: Turn in your output in a legal size to guard house at Room 368.,ADMIN_TRAP
"Use short white folder for calculations; otherwise, you will lose 6 points.",ADMIN_TRAP
Strictly no late submissions. Submit it before 6:45 AM on Saturday.,ADMIN_TRAP
Please Upload the intermediate pad to the Messenger by Wednesday 5:00 AM.,ADMIN_TRAP
Strictly no late submissions. Upload it before 9:00 AM on Saturday.,ADMIN_TRAP
"Use long brown folder for calculations; otherwise, you will lose 42 points.",ADMIN_TRAP
Warning: Submissions in .rar will be failed by 4:15 AM.,ADMIN_TRAP
Filenames must be: Cruz_LAB_2046.pdf,ADMIN_TRAP
"Use short white folder for calculations; otherwise, you will lose 29 points.",ADMIN_TRAP
Strictly no late submissions. Forward it before 4:45 PM on Thursday.,ADMIN_TRAP
Staple the legal size at the top-right and bring it to Room 188.,ADMIN_TRAP
Filenames must be: Cruz_LAB_2297.pdf,ADMIN_TRAP
Warning: Submissions in .zip will be failed by 10:45 AM.,ADMIN_TRAP
Staple the yellow pad at the bottom-left and bring it to Room 411.,ADMIN_TRAP
Please Upload the long brown folder to the Class President by Wednesday 2:15 AM.,ADMIN_TRAP
"Use yellow pad for calculations; otherwise, you will lose 9 points.",ADMIN_TRAP
"Use 1/4 sheet for calculations; otherwise, you will lose 27 points.",ADMIN_TRAP
Filenames must be: Santiago_QUIZ_4532.pdf,ADMIN_TRAP
Filenames must be: Reyes_LAB_6230.pdf,ADMIN_TRAP
Warning: Submissions in .zip will be failed by 4:30 AM.,ADMIN_TRAP
Warning: Submissions in .png will be failed by 6:30 AM.,ADMIN_TRAP
"Use long brown folder for calculations; otherwise, you will lose 11 points.",ADMIN_TRAP
Staple the legal size at the bottom-left and bring it to Room 170.,ADMIN_TRAP
Filenames must be: Cruz_ACT_180.pdf,ADMIN_TRAP
Staple the 1/4 sheet at the top-right and bring it to Room 315.,ADMIN_TRAP
Staple the legal size at the top-right and bring it to Room 343.,ADMIN_TRAP
Filenames must be: Cruz_PROJ_6251.pdf,ADMIN_TRAP
Strictly no late submissions. Attach it before 1:15 PM on Saturday.,ADMIN_TRAP
Note: Forward your output in a short white folder to Admin Office at Room 459.,ADMIN_TRAP
Warning: Submissions in .zip will be failed by 6:00 PM.,ADMIN_TRAP
"Use short white folder for calculations; otherwise, you will lose 32 points.",ADMIN_TRAP
Warning: Submissions in .rar will be failed by 9:45 PM.,ADMIN_TRAP
"Use long brown folder for calculations; otherwise, you will lose 9 points.",ADMIN_TRAP
Filenames must be: Santiago_QUIZ_7033.pdf,ADMIN_TRAP
Strictly no late submissions. Turn in it before 9:30 AM on Tuesday.,ADMIN_TRAP
Strictly no late submissions. Forward it before 7:00 AM on Monday.,ADMIN_TRAP
Staple the A4 bond paper at the top-right and bring it to Room 386.,ADMIN_TRAP
Strictly no late submissions. Submit it before 11:00 AM on Wednesday.,ADMIN_TRAP
Please Direct the intermediate pad to the Google Classroom by Thursday 8:30 AM.,ADMIN_TRAP
Strictly no late submissions. Hand over it before 12:30 AM on Thursday.,ADMIN_TRAP
Please Forward the 1/4 sheet to the Class President by Friday 8:15 AM.,ADMIN_TRAP
Note: Forward your output in a yellow pad to Messenger at Room 470.,ADMIN_TRAP
Filenames must be: Santiago_LAB_6454.pdf,ADMIN_TRAP
Note: Hand over your output in a intermediate pad to Messenger at Room 416.,ADMIN_TRAP
Note: Upload your output in a yellow pad to Class President at Room 428.,ADMIN_TRAP
Filenames must be: Santiago_LAB_8522.pdf,ADMIN_TRAP
Note: Forward your output in a intermediate pad to Google Classroom at Room 391.,ADMIN_TRAP
Filenames must be: Cruz_PROJ_9482.pdf,ADMIN_TRAP
Staple the yellow pad at the top-right and bring it to Room 369.,ADMIN_TRAP
Staple the yellow pad at the top-right and bring it to Room 395.,ADMIN_TRAP
"Use intermediate pad for calculations; otherwise, you will lose 6 points.",ADMIN_TRAP
Please Attach the yellow pad to the Class President by Monday 1:00 PM.,ADMIN_TRAP
Strictly no late submissions. Upload it before 9:30 PM on Tuesday.,ADMIN_TRAP
Strictly no late submissions. Direct it before 10:45 AM on Monday.,ADMIN_TRAP
"Use intermediate pad for calculations; otherwise, you will lose 17 points.",ADMIN_TRAP
Please Attach the long brown folder to the Admin Office by Friday 4:45 AM.,ADMIN_TRAP
Strictly no late submissions. Attach it before 5:00 AM on Wednesday.,ADMIN_TRAP
Please Upload the legal size to the faculty room by Thursday 4:45 AM.,ADMIN_TRAP
"Use short white folder for calculations; otherwise, you will lose 43 points.",ADMIN_TRAP
Note: Submit your output in a long brown folder to Admin Office at Room 420.,ADMIN_TRAP
Warning: Submissions in .png will be failed by 2:45 PM.,ADMIN_TRAP
Strictly no late submissions. Upload it before 8:30 PM on Wednesday.,ADMIN_TRAP
Please Attach the legal size to the guard house by Monday 10:00 AM.,ADMIN_TRAP
Please Upload the intermediate pad to the Google Classroom by Saturday 4:15 PM.,ADMIN_TRAP
Note: Direct your output in a long brown folder to Admin Office at Room 302.,ADMIN_TRAP
Note: Attach your output in a 1/4 sheet to Admin Office at Room 169.,ADMIN_TRAP
Strictly no late submissions. Hand over it before 10:00 AM on Thursday.,ADMIN_TRAP
Staple the legal size at the bottom-left and bring it to Room 169.,ADMIN_TRAP
Staple the long brown folder at the bottom-left and bring it to Room 115.,ADMIN_TRAP
"Use 1/4 sheet for calculations; otherwise, you will lose 13 points.",ADMIN_TRAP
"Use intermediate pad for calculations; otherwise, you will lose 24 points.",ADMIN_TRAP
Note: Turn in your output in a A4 bond paper to Messenger at Room 374.,ADMIN_TRAP
Please Forward the 1/4 sheet to the Messenger by Saturday 8:15 PM.,ADMIN_TRAP
Note: Submit your output in a legal size to Admin Office at Room 444.,ADMIN_TRAP
Note: Only blue ink is allowed for the intermediate pad submission.,ADMIN_TRAP
Strictly no late submissions. Forward it before 5:30 PM on Friday.,ADMIN_TRAP
Warning: Submissions in .png will be failed by 1:45 PM.,ADMIN_TRAP
Please Pass the short white folder to the guard house by Wednesday 10:00 PM.,ADMIN_TRAP
Please Pass the intermediate pad to the Class President by Thursday 6:15 AM.,ADMIN_TRAP
Strictly no late submissions. Upload it before 2:45 PM on Thursday.,ADMIN_TRAP
"Use legal size for calculations; otherwise, you will lose 13 points.",ADMIN_TRAP
Filenames must be: Dom_QUIZ_3767.pdf,ADMIN_TRAP
Filenames must be: Cruz_LAB_5577.pdf,ADMIN_TRAP
Please Direct the yellow pad to the LMS by Thursday 7:00 PM.,ADMIN_TRAP
Staple the yellow pad at the top-left and bring it to Room 485.,ADMIN_TRAP
Please Hand over the short white folder to the Admin Office by Friday 9:45 AM.,ADMIN_TRAP
Staple the 1/4 sheet at the top-left and bring it to Room 174.,ADMIN_TRAP
Note: Direct your output in a 1/4 sheet to guard house at Room 153.,ADMIN_TRAP
Filenames must be: Dom_PROJ_2990.pdf,ADMIN_TRAP
Strictly no late submissions. Submit it before 4:30 AM on Wednesday.,ADMIN_TRAP
Note: Hand over your output in a yellow pad to Class President at Room 125.,ADMIN_TRAP
Filenames must be: Santiago_LAB_4084.pdf,ADMIN_TRAP
Warning: Submissions in .docx will be failed by 2:30 PM.,ADMIN_TRAP
Staple the short white folder at the top-left and bring it to Room 433.,ADMIN_TRAP
Filenames must be: Cruz_PROJ_1028.pdf,ADMIN_TRAP
Note: Direct your output in a 1/4 sheet to Admin Office at Room 108.,ADMIN_TRAP
Strictly no late submissions. Pass it before 7:15 PM on Friday.,ADMIN_TRAP
Staple the short white folder at the top-left and bring it to Room 161.,ADMIN_TRAP
Filenames must be: Santiago_PROJ_5832.pdf,ADMIN_TRAP
Strictly no late submissions. Hand over it before 8:00 AM on Thursday.,ADMIN_TRAP
Please Pass the yellow pad to the Messenger by Wednesday 4:00 PM.,ADMIN_TRAP
Warning: Submissions in .zip will be failed by 9:00 PM.,ADMIN_TRAP
Please Attach the A4 bond paper to the Google Classroom by Monday 2:30 PM.,ADMIN_TRAP
Warning: Submissions in .png will be failed by 7:45 AM.,ADMIN_TRAP
Warning: Submissions in .docx will be failed by 2:00 PM.,ADMIN_TRAP
Strictly no late submissions. Pass it before 1:00 PM on Tuesday.,ADMIN_TRAP
Strictly no late submissions. Turn in it before 9:45 PM on Friday.,ADMIN_TRAP
Note: Direct your output in a 1/4 sheet to Google Classroom at Room 231.,ADMIN_TRAP
Staple the A4 bond paper at the bottom-left and bring it to Room 297.,ADMIN_TRAP
Strictly no late submissions. Forward it before 8:30 AM on Monday.,ADMIN_TRAP
Strictly no late submissions. Forward it before 2:30 AM on Friday.,ADMIN_TRAP
"Use long brown folder for calculations; otherwise, you will lose 50 points.",ADMIN_TRAP
Warning: Submissions in .rar will be failed by 1:30 PM.,ADMIN_TRAP
"Use A4 bond paper for calculations; otherwise, you will lose 26 points.",ADMIN_TRAP
Strictly no late submissions. Turn in it before 5:45 PM on Friday.,ADMIN_TRAP
"Use 1/4 sheet for calculations; otherwise, you will lose 5 points.",ADMIN_TRAP
Warning: Submissions in .docx will be failed by 12:00 PM.,ADMIN_TRAP
Warning: Submissions in .png will be failed by 11:00 AM.,ADMIN_TRAP
Strictly no late submissions. Hand over it before 4:00 AM on Tuesday.,ADMIN_TRAP
Filenames must be: Perez_QUIZ_402.pdf,ADMIN_TRAP
Strictly no late submissions. Submit it before 10:15 PM on Tuesday.,ADMIN_TRAP
"Use 1/4 sheet for calculations; otherwise, you will lose 23 points.",ADMIN_TRAP
Warning: Submissions in .zip will be failed by 6:15 PM.,ADMIN_TRAP
Strictly no late submissions. Turn in it before 11:15 AM on Wednesday.,ADMIN_TRAP
Please Upload the 1/4 sheet to the Google Classroom by Thursday 4:45 AM.,ADMIN_TRAP
Filenames must be: Cruz_LAB_6351.pdf,ADMIN_TRAP
Staple the 1/4 sheet at the bottom-left and bring it to Room 334.,ADMIN_TRAP
Strictly no late submissions. Direct it before 8:00 AM on Thursday.,ADMIN_TRAP
Strictly no late submissions. Pass it before 6:15 PM on Monday.,ADMIN_TRAP
Filenames must be: Cruz_LAB_3202.pdf,ADMIN_TRAP
Strictly no late submissions. Pass it before 12:15 PM on Saturday.,ADMIN_TRAP
"Use 1/4 sheet for calculations; otherwise, you will lose 16 points.",ADMIN_TRAP
Please Pass the intermediate pad to the Class President by Saturday 3:45 PM.,ADMIN_TRAP
Filenames must be: Santiago_ACT_386.pdf,ADMIN_TRAP
Please Upload the legal size to the guard house by Monday 7:30 AM.,ADMIN_TRAP
Strictly no late submissions. Turn in it before 10:45 PM on Monday.,ADMIN_TRAP
Strictly no late submissions. Turn in it before 2:00 PM on Thursday.,ADMIN_TRAP
Please Attach the 1/4 sheet to the guard house by Monday 10:30 PM.,ADMIN_TRAP
Filenames must be: Perez_LAB_4169.pdf,ADMIN_TRAP
Please Direct the intermediate pad to the faculty room by Thursday 9:30 PM.,ADMIN_TRAP
Strictly no late submissions. Forward it before 8:00 AM on Friday.,ADMIN_TRAP
Filenames must be: Dom_PROJ_2158.pdf,ADMIN_TRAP
Please Hand over the legal size to the guard house by Monday 4:45 PM.,ADMIN_TRAP
Warning: Submissions in .rar will be failed by 10:45 AM.,ADMIN_TRAP
Filenames must be: Santiago_LAB_6576.pdf,ADMIN_TRAP
Filenames must be: Reyes_LAB_4413.pdf,ADMIN_TRAP
Please Attach the yellow pad to the Google Classroom by Tuesday 7:45 PM.,ADMIN_TRAP
Please Hand over the long brown folder to the Class President by Thursday 8:00 PM.,ADMIN_TRAP
Warning: Submissions in .docx will be failed by 3:45 PM.,ADMIN_TRAP
"Use legal size for calculations; otherwise, you will lose 18 points.",ADMIN_TRAP
Warning: Submissions in .docx will be failed by 10:45 AM.,ADMIN_TRAP
Staple the yellow pad at the bottom-left and bring it to Room 201.,ADMIN_TRAP
Filenames must be: Perez_ACT_1795.pdf,ADMIN_TRAP
Strictly no late submissions. Turn in it before 2:45 AM on Wednesday.,ADMIN_TRAP
"Use yellow pad for calculations; otherwise, you will lose 25 points.",ADMIN_TRAP
Strictly no late submissions. Hand over it before 3:45 AM on Friday.,ADMIN_TRAP
Warning: Submissions in .rar will be failed by 11:30 PM.,ADMIN_TRAP
Warning: Submissions in .docx will be failed by 10:15 PM.,ADMIN_TRAP
Note: Pass your output in a legal size to Google Classroom at Room 496.,ADMIN_TRAP
Strictly no late submissions. Hand over it before 7:15 AM on Thursday.,ADMIN_TRAP
Please Direct the short white folder to the LMS by Monday 4:45 AM.,ADMIN_TRAP
Please Forward the yellow pad to the Google Classroom by Monday 3:30 PM.,ADMIN_TRAP
Staple the 1/4 sheet at the bottom-left and bring it to Room 296.,ADMIN_TRAP
Please Upload the A4 bond paper to the Google Classroom by Saturday 3:30 AM.,ADMIN_TRAP
Warning: Submissions in .zip will be failed by 12:30 PM.,ADMIN_TRAP
Filenames must be: Dom_ACT_4334.pdf,ADMIN_TRAP
Warning: Submissions in .docx will be failed by 7:30 AM.,ADMIN_TRAP
Staple the long brown folder at the top-right and bring it to Room 105.,ADMIN_TRAP
Strictly no late submissions. Attach it before 3:30 AM on Wednesday.,ADMIN_TRAP
Note: Attach your output in a A4 bond paper to guard house at Room 267.,ADMIN_TRAP
Warning: Submissions in .png will be failed by 6:00 AM.,ADMIN_TRAP
Strictly no late submissions. Attach it before 12:30 PM on Tuesday.,ADMIN_TRAP
Filenames must be: Santiago_QUIZ_4196.pdf,ADMIN_TRAP
Note: Attach your output in a legal size to Messenger at Room 302.,ADMIN_TRAP
"Use 1/4 sheet for calculations; otherwise, you will lose 14 points.",ADMIN_TRAP
Note: Direct your output in a short white folder to Class President at Room 301.,ADMIN_TRAP
Note: Turn in your output in a legal size to Class President at Room 106.,ADMIN_TRAP
Filenames must be: Cruz_ACT_5190.pdf,ADMIN_TRAP
Strictly no late submissions. Turn in it before 6:00 AM on Friday.,ADMIN_TRAP
"Use intermediate pad for calculations; otherwise, you will lose 46 points.",ADMIN_TRAP
Please Pass the A4 bond paper to the Google Classroom by Tuesday 11:00 AM.,ADMIN_TRAP
Strictly no late submissions. Upload it before 4:30 AM on Monday.,ADMIN_TRAP
Staple the long brown folder at the bottom-left and bring it to Room 125.,ADMIN_TRAP
Note: Submit your output in a 1/4 sheet to Admin Office at Room 373.,ADMIN_TRAP
Filenames must be: Reyes_QUIZ_9573.pdf,ADMIN_TRAP
Please Attach the yellow pad to the faculty room by Saturday 7:45 PM.,ADMIN_TRAP
Filenames must be: Reyes_LAB_9350.pdf,ADMIN_TRAP
Note: Attach your output in a legal size to LMS at Room 461.,ADMIN_TRAP
Please Attach the yellow pad to the guard house by Saturday 3:30 PM.,ADMIN_TRAP
Note: Forward your output in a yellow pad to guard house at Room 133.,ADMIN_TRAP
Filenames must be: Perez_LAB_4487.pdf,ADMIN_TRAP
Please Pass the short white folder to the faculty room by Saturday 3:00 AM.,ADMIN_TRAP
Warning: Submissions in .png will be failed by 8:00 PM.,ADMIN_TRAP
Filenames must be: Cruz_PROJ_2602.pdf,ADMIN_TRAP
Staple the short white folder at the bottom-left and bring it to Room 409.,ADMIN_TRAP
Warning: Submissions in .docx will be failed by 1:30 AM.,ADMIN_TRAP
Strictly no late submissions. Hand over it before 9:00 PM on Thursday.,ADMIN_TRAP
Note: Submit your output in a yellow pad to LMS at Room 349.,ADMIN_TRAP
Please Hand over the 1/4 sheet to the faculty room by Tuesday 8:15 AM.,ADMIN_TRAP
"Use intermediate pad for calculations; otherwise, you will lose 30 points.",ADMIN_TRAP
Note: Pass your output in a yellow pad to Messenger at Room 218.,ADMIN_TRAP
Filenames must be: Santiago_ACT_4517.pdf,ADMIN_TRAP
Note: Forward your output in a 1/4 sheet to Class President at Room 368.,ADMIN_TRAP
Filenames must be: Dom_LAB_373.pdf,ADMIN_TRAP
Warning: Submissions in .rar will be failed by 9:00 PM.,ADMIN_TRAP
Filenames must be: Dom_QUIZ_4041.pdf,ADMIN_TRAP
"Use 1/4 sheet for calculations; otherwise, you will lose 19 points.",ADMIN_TRAP
Staple the short white folder at the bottom-left and bring it to Room 107.,ADMIN_TRAP
Filenames must be: Santiago_QUIZ_7489.pdf,ADMIN_TRAP
Filenames must be: Santiago_QUIZ_2939.pdf,ADMIN_TRAP
Please Forward the intermediate pad to the LMS by Tuesday 10:15 AM.,ADMIN_TRAP
Note: Hand over your output in a intermediate pad to Admin Office at Room 155.,ADMIN_TRAP
Filenames must be: Santiago_QUIZ_3854.pdf,ADMIN_TRAP
Filenames must be: Cruz_PROJ_3022.pdf,ADMIN_TRAP
Staple the yellow pad at the top-right and bring it to Room 448.,ADMIN_TRAP
Staple the intermediate pad at the bottom-left and bring it to Room 221.,ADMIN_TRAP
Note: Forward your output in a long brown folder to Google Classroom at Room 287.,ADMIN_TRAP
Please Upload the 1/4 sheet to the faculty room by Friday 4:30 AM.,ADMIN_TRAP
Strictly no late submissions. Pass it before 3:15 AM on Wednesday.,ADMIN_TRAP
Strictly no late submissions. Forward it before 6:15 AM on Tuesday.,ADMIN_TRAP
Filenames must be: Dom_QUIZ_5806.pdf,ADMIN_TRAP
Strictly no late submissions. Pass it before 3:45 PM on Thursday.,ADMIN_TRAP
Strictly no late submissions. Submit it before 9:45 AM on Wednesday.,ADMIN_TRAP
Strictly no late submissions. Direct it before 3:45 PM on Saturday.,ADMIN_TRAP
Staple the long brown folder at the top-left and bring it to Room 164.,ADMIN_TRAP
Staple the yellow pad at the top-right and bring it to Room 304.,ADMIN_TRAP
Filenames must be: Cruz_PROJ_3762.pdf,ADMIN_TRAP
"Use A4 bond paper for calculations; otherwise, you will lose 42 points.",ADMIN_TRAP
Note: Hand over your output in a 1/4 sheet to LMS at Room 400.,ADMIN_TRAP
Strictly no late submissions. Forward it before 3:15 PM on Friday.,ADMIN_TRAP
Note: Upload your output in a intermediate pad to faculty room at Room 432.,ADMIN_TRAP
Please Upload the short white folder to the Google Classroom by Thursday 9:00 PM.,ADMIN_TRAP
Warning: Submissions in .docx will be failed by 11:45 AM.,ADMIN_TRAP
Please Turn in the yellow pad to the guard house by Monday 11:30 PM.,ADMIN_TRAP
Note: Attach your output in a yellow pad to guard house at Room 425.,ADMIN_TRAP
Filenames must be: Reyes_LAB_7816.pdf,ADMIN_TRAP
Staple the intermediate pad at the bottom-left and bring it to Room 342.,ADMIN_TRAP
"Use yellow pad for calculations; otherwise, you will lose 10 points.",ADMIN_TRAP
Filenames must be: Dom_PROJ_6694.pdf,ADMIN_TRAP
Note: Forward your output in a short white folder to LMS at Room 470.,ADMIN_TRAP
Please Hand over the 1/4 sheet to the Messenger by Saturday 3:15 PM.,ADMIN_TRAP
Please Direct the yellow pad to the Class President by Tuesday 10:00 AM.,ADMIN_TRAP
Staple the 1/4 sheet at the top-left and bring it to Room 439.,ADMIN_TRAP
Staple the 1/4 sheet at the top-right and bring it to Room 170.,ADMIN_TRAP
Strictly no late submissions. Upload it before 5:30 PM on Thursday.,ADMIN_TRAP
Strictly no late submissions. Submit it before 3:00 AM on Saturday.,ADMIN_TRAP
Staple the intermediate pad at the top-right and bring it to Room 261.,ADMIN_TRAP
Staple the legal size at the bottom-left and bring it to Room 223.,ADMIN_TRAP
Please Turn in the legal size to the faculty room by Tuesday 12:30 AM.,ADMIN_TRAP
"Use long brown folder for calculations; otherwise, you will lose 26 points.",ADMIN_TRAP
Warning: Submissions in .docx will be failed by 3:15 PM.,ADMIN_TRAP
"Use long brown folder for calculations; otherwise, you will lose 14 points.",ADMIN_TRAP
Strictly no late submissions. Submit it before 10:30 AM on Wednesday.,ADMIN_TRAP
"Use 1/4 sheet for calculations; otherwise, you will lose 25 points.",ADMIN_TRAP
Note: Submit your output in a yellow pad to Google Classroom at Room 204.,ADMIN_TRAP
Please Submit the short white folder to the Class President by Saturday 6:30 PM.,ADMIN_TRAP
Please Forward the A4 bond paper to the Messenger by Wednesday 9:00 PM.,ADMIN_TRAP
Filenames must be: Dom_PROJ_9884.pdf,ADMIN_TRAP
Note: Attach your output in a short white folder to faculty room at Room 355.,ADMIN_TRAP
Filenames must be: Reyes_PROJ_2915.pdf,ADMIN_TRAP
Note: Attach your output in a short white folder to faculty room at Room 106.,ADMIN_TRAP
Please Direct the legal size to the LMS by Saturday 11:45 PM.,ADMIN_TRAP
Note: Attach your output in a intermediate pad to guard house at Room 250.,ADMIN_TRAP
Strictly no late submissions. Submit it before 3:00 PM on Tuesday.,ADMIN_TRAP
Strictly no late submissions. Direct it before 5:30 PM on Saturday.,ADMIN_TRAP
Strictly no late submissions. Submit it before 10:15 AM on Saturday.,ADMIN_TRAP
Warning: Submissions in .zip will be failed by 10:00 PM.,ADMIN_TRAP
Staple the short white folder at the top-left and bring it to Room 354.,ADMIN_TRAP
Warning: Submissions in .zip will be failed by 9:15 AM.,ADMIN_TRAP
Warning: Submissions in .png will be failed by 11:45 AM.,ADMIN_TRAP
"Use legal size for calculations; otherwise, you will lose 14 points.",ADMIN_TRAP
"Use A4 bond paper for calculations; otherwise, you will lose 38 points.",ADMIN_TRAP
Note: Hand over your output in a yellow pad to faculty room at Room 441.,ADMIN_TRAP
"Use intermediate pad for calculations; otherwise, you will lose 25 points.",ADMIN_TRAP
Warning: Submissions in .png will be failed by 7:15 PM.,ADMIN_TRAP
Note: Pass your output in a short white folder to Google Classroom at Room 201.,ADMIN_TRAP
Staple the A4 bond paper at the top-left and bring it to Room 207.,ADMIN_TRAP
"Use intermediate pad for calculations; otherwise, you will lose 50 points.",ADMIN_TRAP
Staple the intermediate pad at the top-left and bring it to Room 343.,ADMIN_TRAP
"Use legal size for calculations; otherwise, you will lose 29 points.",ADMIN_TRAP
Note: Attach your output in a legal size to Messenger at Room 421.,ADMIN_TRAP
"Use intermediate pad for calculations; otherwise, you will lose 18 points.",ADMIN_TRAP
Note: Direct your output in a A4 bond paper to Class President at Room 339.,ADMIN_TRAP
Filenames must be: Santiago_ACT_5584.pdf,ADMIN_TRAP
Warning: Submissions in .zip will be failed by 2:45 PM.,ADMIN_TRAP
Filenames must be: Cruz_QUIZ_8476.pdf,ADMIN_TRAP
Strictly no late submissions. Direct it before 5:30 AM on Wednesday.,ADMIN_TRAP
Filenames must be: Perez_LAB_1442.pdf,ADMIN_TRAP
Warning: Submissions in .zip will be failed by 11:15 PM.,ADMIN_TRAP
Warning: Submissions in .zip will be failed by 5:45 AM.,ADMIN_TRAP
Filenames must be: Santiago_PROJ_807.pdf,ADMIN_TRAP
Please Attach the long brown folder to the Google Classroom by Saturday 4:30 AM.,ADMIN_TRAP
Warning: Submissions in .rar will be failed by 7:15 AM.,ADMIN_TRAP
Note: Forward your output in a 1/4 sheet to faculty room at Room 125.,ADMIN_TRAP
Filenames must be: Reyes_LAB_8080.pdf,ADMIN_TRAP
Warning: Submissions in .rar will be failed by 4:15 PM.,ADMIN_TRAP
Filenames must be: Perez_PROJ_7149.pdf,ADMIN_TRAP
Note: Hand over your output in a intermediate pad to faculty room at Room 161.,ADMIN_TRAP
Filenames must be: Cruz_ACT_8167.pdf,ADMIN_TRAP
Note: Pass your output in a intermediate pad to Messenger at Room 184.,ADMIN_TRAP
Strictly no late submissions. Hand over it before 6:30 PM on Monday.,ADMIN_TRAP
Note: Forward your output in a long brown folder to faculty room at Room 240.,ADMIN_TRAP
Filenames must be: Reyes_ACT_5450.pdf,ADMIN_TRAP
Strictly no late submissions. Submit it before 6:15 AM on Wednesday.,ADMIN_TRAP
Note: Submit your output in a A4 bond paper to Messenger at Room 263.,ADMIN_TRAP
Strictly no late submissions. Submit it before 9:15 AM on Thursday.,ADMIN_TRAP
"Use intermediate pad for calculations; otherwise, you will lose 49 points.",ADMIN_TRAP
Please Direct the A4 bond paper to the faculty room by Thursday 3:45 AM.,ADMIN_TRAP
Staple the legal size at the bottom-left and bring it to Room 500.,ADMIN_TRAP
Staple the 1/4 sheet at the bottom-left and bring it to Room 483.,ADMIN_TRAP
Warning: Submissions in .rar will be failed by 4:00 AM.,ADMIN_TRAP
"Use intermediate pad for calculations; otherwise, you will lose 44 points.",ADMIN_TRAP
Filenames must be: Dom_ACT_8485.pdf,ADMIN_TRAP
Staple the yellow pad at the top-left and bring it to Room 295.,ADMIN_TRAP
Warning: Submissions in .docx will be failed by 11:00 AM.,ADMIN_TRAP
Warning: Submissions in .png will be failed by 9:00 PM.,ADMIN_TRAP
"Use yellow pad for calculations; otherwise, you will lose 12 points.",ADMIN_TRAP
Warning: Submissions in .rar will be failed by 7:45 AM.,ADMIN_TRAP
Staple the A4 bond paper at the bottom-left and bring it to Room 330.,ADMIN_TRAP
Filenames must be: Dom_QUIZ_4122.pdf,ADMIN_TRAP
Staple the A4 bond paper at the bottom-left and bring it to Room 478.,ADMIN_TRAP
Staple the yellow pad at the top-right and bring it to Room 429.,ADMIN_TRAP
"Use yellow pad for calculations; otherwise, you will lose 28 points.",ADMIN_TRAP
Note: Direct your output in a short white folder to Class President at Room 382.,ADMIN_TRAP
Filenames must be: Reyes_ACT_8484.pdf,ADMIN_TRAP
Staple the A4 bond paper at the top-left and bring it to Room 230.,ADMIN_TRAP
Staple the short white folder at the top-left and bring it to Room 430.,ADMIN_TRAP
Warning: Submissions in .docx will be failed by 9:00 AM.,ADMIN_TRAP
Staple the A4 bond paper at the top-left and bring it to Room 464.,ADMIN_TRAP
Strictly no late submissions. Forward it before 8:30 PM on Wednesday.,ADMIN_TRAP
Please Turn in the intermediate pad to the guard house by Saturday 10:00 PM.,ADMIN_TRAP
Please Forward the yellow pad to the Messenger by Wednesday 7:00 AM.,ADMIN_TRAP
Staple the 1/4 sheet at the bottom-left and bring it to Room 412.,ADMIN_TRAP
Please Direct the long brown folder to the faculty room by Saturday 6:15 PM.,ADMIN_TRAP
Warning: Submissions in .rar will be failed by 4:45 AM.,ADMIN_TRAP
Staple the intermediate pad at the bottom-left and bring it to Room 461.,ADMIN_TRAP
Strictly no late submissions. Hand over it before 11:00 PM on Wednesday.,ADMIN_TRAP
Warning: Submissions in .rar will be failed by 6:15 PM.,ADMIN_TRAP
Please Hand over the A4 bond paper to the Admin Office by Saturday 5:15 AM.,ADMIN_TRAP
Strictly no late submissions. Pass it before 8:00 PM on Wednesday.,ADMIN_TRAP
Filenames must be: Santiago_LAB_673.pdf,ADMIN_TRAP
Staple the legal size at the top-right and bring it to Room 191.,ADMIN_TRAP
Please Hand over the legal size to the faculty room by Thursday 11:00 AM.,ADMIN_TRAP
Warning: Submissions in .png will be failed by 7:30 AM.,ADMIN_TRAP
Staple the 1/4 sheet at the top-right and bring it to Room 332.,ADMIN_TRAP
Staple the 1/4 sheet at the top-left and bring it to Room 137.,ADMIN_TRAP
Note: Submit your output in a 1/4 sheet to Google Classroom at Room 198.,ADMIN_TRAP
"Use legal size for calculations; otherwise, you will lose 10 points.",ADMIN_TRAP
"Use A4 bond paper for calculations; otherwise, you will lose 5 points.",ADMIN_TRAP
Warning: Submissions in .zip will be failed by 12:30 AM.,ADMIN_TRAP
Note: Pass your output in a 1/4 sheet to guard house at Room 236.,ADMIN_TRAP
"Use 1/4 sheet for calculations; otherwise, you will lose 31 points.",ADMIN_TRAP
Filenames must be: Perez_QUIZ_1339.pdf,ADMIN_TRAP
Please Hand over the intermediate pad to the faculty room by Saturday 8:45 AM.,ADMIN_TRAP
Please Direct the long brown folder to the LMS by Tuesday 7:30 AM.,ADMIN_TRAP
Staple the long brown folder at the bottom-left and bring it to Room 130.,ADMIN_TRAP
Please Upload the long brown folder to the Admin Office by Friday 10:45 PM.,ADMIN_TRAP
Strictly no late submissions. Attach it before 5:00 PM on Thursday.,ADMIN_TRAP
Please Turn in the legal size to the LMS by Tuesday 12:30 PM.,ADMIN_TRAP
Filenames must be: Santiago_LAB_1158.pdf,ADMIN_TRAP
Staple the yellow pad at the top-left and bring it to Room 460.,ADMIN_TRAP
"Use A4 bond paper for calculations; otherwise, you will lose 13 points.",ADMIN_TRAP
"Use short white folder for calculations; otherwise, you will lose 20 points.",ADMIN_TRAP
Warning: Submissions in .rar will be failed by 12:45 PM.,ADMIN_TRAP
Strictly no late submissions. Turn in it before 11:15 PM on Wednesday.,ADMIN_TRAP
Warning: Submissions in .rar will be failed by 11:00 AM.,ADMIN_TRAP
Note: Hand over your output in a intermediate pad to Google Classroom at Room 244.,ADMIN_TRAP
Filenames must be: Perez_QUIZ_9776.pdf,ADMIN_TRAP
Note: Direct your output in a intermediate pad to guard house at Room 227.,ADMIN_TRAP
Staple the legal size at the bottom-left and bring it to Room 474.,ADMIN_TRAP
Staple the A4 bond paper at the top-right and bring it to Room 115.,ADMIN_TRAP
"Use 1/4 sheet for calculations; otherwise, you will lose 21 points.",ADMIN_TRAP
Warning: Submissions in .rar will be failed by 3:00 AM.,ADMIN_TRAP
Please Hand over the yellow pad to the Google Classroom by Friday 10:45 PM.,ADMIN_TRAP
Note: Direct your output in a 1/4 sheet to faculty room at Room 151.,ADMIN_TRAP
Staple the 1/4 sheet at the top-left and bring it to Room 116.,ADMIN_TRAP
Warning: Submissions in .png will be failed by 8:30 AM.,ADMIN_TRAP
Filenames must be: Dom_LAB_5425.pdf,ADMIN_TRAP
Note: Attach your output in a intermediate pad to LMS at Room 195.,ADMIN_TRAP
Strictly no late submissions. Upload it before 3:15 AM on Monday.,ADMIN_TRAP
Please Submit the long brown folder to the guard house by Friday 5:15 PM.,ADMIN_TRAP
"Use legal size for calculations; otherwise, you will lose 34 points.",ADMIN_TRAP
"Use legal size for calculations; otherwise, you will lose 16 points.",ADMIN_TRAP
Warning: Submissions in .docx will be failed by 7:15 PM.,ADMIN_TRAP
Strictly no late submissions. Upload it before 2:30 PM on Thursday.,ADMIN_TRAP
"Use yellow pad for calculations; otherwise, you will lose 21 points.",ADMIN_TRAP
Staple the long brown folder at the top-left and bring it to Room 136.,ADMIN_TRAP
"Use 1/4 sheet for calculations; otherwise, you will lose 47 points.",ADMIN_TRAP
Please Hand over the legal size to the Messenger by Tuesday 4:45 AM.,ADMIN_TRAP
"Use short white folder for calculations; otherwise, you will lose 21 points.",ADMIN_TRAP
Staple the short white folder at the top-left and bring it to Room 382.,ADMIN_TRAP
Note: Direct your output in a intermediate pad to Messenger at Room 447.,ADMIN_TRAP
"Use A4 bond paper for calculations; otherwise, you will lose 9 points.",ADMIN_TRAP
Note: Pass your output in a A4 bond paper to LMS at Room 345.,ADMIN_TRAP
Warning: Submissions in .zip will be failed by 10:15 AM.,ADMIN_TRAP
Warning: Submissions in .zip will be failed by 3:30 AM.,ADMIN_TRAP
Note: Direct your output in a A4 bond paper to Admin Office at Room 389.,ADMIN_TRAP
Note: Hand over your output in a legal size to Admin Office at Room 237.,ADMIN_TRAP
Note: Hand over your output in a short white folder to Class President at Room 464.,ADMIN_TRAP
Staple the A4 bond paper at the bottom-left and bring it to Room 463.,ADMIN_TRAP
Please Attach the yellow pad to the Google Classroom by Monday 7:30 PM.,ADMIN_TRAP
Filenames must be: Reyes_QUIZ_6254.pdf,ADMIN_TRAP
Filenames must be: Reyes_ACT_7399.pdf,ADMIN_TRAP
Please Turn in the 1/4 sheet to the Admin Office by Saturday 4:45 AM.,ADMIN_TRAP
Note: Attach your output in a yellow pad to guard house at Room 298.,ADMIN_TRAP
Please Hand over the intermediate pad to the Admin Office by Saturday 7:30 PM.,ADMIN_TRAP
Please Attach the intermediate pad to the guard house by Thursday 7:30 AM.,ADMIN_TRAP
Warning: Submissions in .rar will be failed by 10:00 AM.,ADMIN_TRAP
Warning: Submissions in .docx will be failed by 6:30 AM.,ADMIN_TRAP
Please Pass the intermediate pad to the Messenger by Friday 5:15 AM.,ADMIN_TRAP
Warning: Submissions in .rar will be failed by 7:30 AM.,ADMIN_TRAP
Note: Pass your output in a yellow pad to Messenger at Room 161.,ADMIN_TRAP
Filenames must be: Reyes_QUIZ_8309.pdf,ADMIN_TRAP
Strictly no late submissions. Pass it before 4:30 AM on Saturday.,ADMIN_TRAP
"Use long brown folder for calculations; otherwise, you will lose 10 points.",ADMIN_TRAP
Warning: Submissions in .rar will be failed by 5:00 PM.,ADMIN_TRAP
Filenames must be: Perez_PROJ_6728.pdf,ADMIN_TRAP
Strictly no late submissions. Hand over it before 8:00 PM on Wednesday.,ADMIN_TRAP
Staple the yellow pad at the bottom-left and bring it to Room 335.,ADMIN_TRAP
Staple the 1/4 sheet at the top-right and bring it to Room 153.,ADMIN_TRAP
"Use yellow pad for calculations; otherwise, you will lose 37 points.",ADMIN_TRAP
Note: Pass your output in a long brown folder to guard house at Room 147.,ADMIN_TRAP
Staple the long brown folder at the top-right and bring it to Room 401.,ADMIN_TRAP
Filenames must be: Reyes_ACT_4453.pdf,ADMIN_TRAP
Strictly no late submissions. Pass it before 1:00 AM on Thursday.,ADMIN_TRAP
Strictly no late submissions. Forward it before 3:30 AM on Friday.,ADMIN_TRAP
Strictly no late submissions. Turn in it before 8:00 AM on Wednesday.,ADMIN_TRAP
Strictly no late submissions. Turn in it before 10:45 AM on Saturday.,ADMIN_TRAP
"Use long brown folder for calculations; otherwise, you will lose 40 points.",ADMIN_TRAP
Note: Attach your output in a intermediate pad to faculty room at Room 169.,ADMIN_TRAP
Staple the intermediate pad at the bottom-left and bring it to Room 136.,ADMIN_TRAP
Please Turn in the yellow pad to the Messenger by Friday 4:15 PM.,ADMIN_TRAP
Note: Upload your output in a legal size to Class President at Room 170.,ADMIN_TRAP
Strictly no late submissions. Forward it before 1:15 PM on Tuesday.,ADMIN_TRAP
"Use legal size for calculations; otherwise, you will lose 39 points.",ADMIN_TRAP
"Use 1/4 sheet for calculations; otherwise, you will lose 39 points.",ADMIN_TRAP
Filenames must be: Dom_ACT_4895.pdf,ADMIN_TRAP
"Use A4 bond paper for calculations; otherwise, you will lose 39 points.",ADMIN_TRAP
Staple the long brown folder at the bottom-left and bring it to Room 241.,ADMIN_TRAP
Filenames must be: Dom_LAB_7081.pdf,ADMIN_TRAP
Please Hand over the yellow pad to the Google Classroom by Monday 8:30 AM.,ADMIN_TRAP
Filenames must be: Cruz_ACT_9412.pdf,ADMIN_TRAP
Strictly no late submissions. Upload it before 5:30 PM on Monday.,ADMIN_TRAP
Staple the 1/4 sheet at the top-right and bring it to Room 127.,ADMIN_TRAP
"Use short white folder for calculations; otherwise, you will lose 27 points.",ADMIN_TRAP
Note: Attach your output in a legal size to faculty room at Room 259.,ADMIN_TRAP
Please Forward the intermediate pad to the Google Classroom by Friday 12:30 AM.,ADMIN_TRAP
Please Direct the legal size to the Admin Office by Tuesday 9:00 PM.,ADMIN_TRAP
"Use 1/4 sheet for calculations; otherwise, you will lose 28 points.",ADMIN_TRAP
Staple the intermediate pad at the top-left and bring it to Room 276.,ADMIN_TRAP
Strictly no late submissions. Hand over it before 5:45 AM on Monday.,ADMIN_TRAP
Please Attach the yellow pad to the LMS by Wednesday 7:15 PM.,ADMIN_TRAP
Filenames must be: Dom_QUIZ_8487.pdf,ADMIN_TRAP
Staple the yellow pad at the top-right and bring it to Room 307.,ADMIN_TRAP
Warning: Submissions in .png will be failed by 3:45 PM.,ADMIN_TRAP
"Use intermediate pad for calculations; otherwise, you will lose 48 points.",ADMIN_TRAP
"Use short white folder for calculations; otherwise, you will lose 17 points.",ADMIN_TRAP
Note: Submit your output in a A4 bond paper to guard house at Room 443.,ADMIN_TRAP
"Use yellow pad for calculations; otherwise, you will lose 20 points.",ADMIN_TRAP
Warning: Submissions in .rar will be failed by 8:45 AM.,ADMIN_TRAP
Staple the 1/4 sheet at the top-right and bring it to Room 135.,ADMIN_TRAP
Warning: Submissions in .png will be failed by 2:00 PM.,ADMIN_TRAP
"Use intermediate pad for calculations; otherwise, you will lose 20 points.",ADMIN_TRAP
Strictly no late submissions. Upload it before 9:00 AM on Monday.,ADMIN_TRAP
Strictly no late submissions. Turn in it before 7:00 PM on Thursday.,ADMIN_TRAP
Filenames must be: Dom_ACT_109.pdf,ADMIN_TRAP
Warning: Submissions in .rar will be failed by 5:15 AM.,ADMIN_TRAP
Please Upload the yellow pad to the Google Classroom by Monday 1:00 PM.,ADMIN_TRAP
Filenames must be: Perez_PROJ_5824.pdf,ADMIN_TRAP
Note: Direct your output in a 1/4 sheet to LMS at Room 314.,ADMIN_TRAP
Staple the 1/4 sheet at the top-right and bring it to Room 168.,ADMIN_TRAP
"Use 1/4 sheet for calculations; otherwise, you will lose 42 points.",ADMIN_TRAP
Warning: Submissions in .rar will be failed by 9:15 PM.,ADMIN_TRAP
Filenames must be: Santiago_QUIZ_4270.pdf,ADMIN_TRAP
Filenames must be: Santiago_LAB_1254.pdf,ADMIN_TRAP
Filenames must be: Santiago_QUIZ_157.pdf,ADMIN_TRAP
Staple the intermediate pad at the top-left and bring it to Room 140.,ADMIN_TRAP
Please Pass the A4 bond paper to the Google Classroom by Monday 4:30 PM.,ADMIN_TRAP
Warning: Submissions in .rar will be failed by 12:45 AM.,ADMIN_TRAP
Filenames must be: Cruz_QUIZ_9189.pdf,ADMIN_TRAP
Strictly no late submissions. Hand over it before 11:30 PM on Tuesday.,ADMIN_TRAP
Please Turn in the long brown folder to the Class President by Wednesday 3:45 PM.,ADMIN_TRAP
Please Attach the A4 bond paper to the Class President by Friday 7:00 AM.,ADMIN_TRAP
Filenames must be: Perez_QUIZ_3004.pdf,ADMIN_TRAP
Staple the yellow pad at the top-right and bring it to Room 133.,ADMIN_TRAP
Warning: Submissions in .docx will be failed by 9:30 AM.,ADMIN_TRAP
Staple the long brown folder at the bottom-left and bring it to Room 267.,ADMIN_TRAP
"Use long brown folder for calculations; otherwise, you will lose 17 points.",ADMIN_TRAP
Filenames must be: Santiago_LAB_7868.pdf,ADMIN_TRAP
Staple the A4 bond paper at the bottom-left and bring it to Room 115.,ADMIN_TRAP
Staple the legal size at the top-left and bring it to Room 118.,ADMIN_TRAP
Note: Hand over your output in a A4 bond paper to Class President at Room 324.,ADMIN_TRAP
Warning: Submissions in .zip will be failed by 1:00 AM.,ADMIN_TRAP
Filenames must be: Santiago_ACT_3093.pdf,ADMIN_TRAP
Please Forward the A4 bond paper to the faculty room by Tuesday 12:30 PM.,ADMIN_TRAP
Strictly no late submissions. Upload it before 4:45 AM on Friday.,ADMIN_TRAP
Strictly no late submissions. Upload it before 5:15 PM on Tuesday.,ADMIN_TRAP
"Use legal size for calculations; otherwise, you will lose 49 points.",ADMIN_TRAP
Staple the intermediate pad at the top-right and bring it to Room 501.,ADMIN_TRAP
Staple the long brown folder at the bottom-left and bring it to Room 276.,ADMIN_TRAP
Staple the 1/4 sheet at the bottom-left and bring it to Room 352.,ADMIN_TRAP
Filenames must be: Dom_QUIZ_2844.pdf,ADMIN_TRAP
Warning: Submissions in .zip will be failed by 1:45 AM.,ADMIN_TRAP
"Use short white folder for calculations; otherwise, you will lose 10 points.",ADMIN_TRAP
Please Turn in the short white folder to the Google Classroom by Saturday 12:15 AM.,ADMIN_TRAP
Please Pass the 1/4 sheet to the Class President by Tuesday 9:15 PM.,ADMIN_TRAP
"Use A4 bond paper for calculations; otherwise, you will lose 36 points.",ADMIN_TRAP
Warning: Submissions in .docx will be failed by 5:45 PM.,ADMIN_TRAP
Please Attach the legal size to the Class President by Tuesday 7:00 PM.,ADMIN_TRAP
Staple the yellow pad at the top-right and bring it to Room 313.,ADMIN_TRAP
Please Submit the 1/4 sheet to the Google Classroom by Saturday 2:30 PM.,ADMIN_TRAP
Filenames must be: Santiago_ACT_7499.pdf,ADMIN_TRAP
"Use intermediate pad for calculations; otherwise, you will lose 42 points.",ADMIN_TRAP
Please Forward the A4 bond paper to the faculty room by Wednesday 11:45 AM.,ADMIN_TRAP
Strictly no late submissions. Direct it before 1:45 AM on Saturday.,ADMIN_TRAP
Please Upload the intermediate pad to the Admin Office by Friday 7:30 PM.,ADMIN_TRAP
Staple the 1/4 sheet at the top-left and bring it to Room 213.,ADMIN_TRAP
Staple the yellow pad at the bottom-left and bring it to Room 321.,ADMIN_TRAP
Please Upload the A4 bond paper to the Class President by Friday 10:45 AM.,ADMIN_TRAP
Please Hand over the short white folder to the Admin Office by Friday 6:45 PM.,ADMIN_TRAP
Filenames must be: Reyes_PROJ_2111.pdf,ADMIN_TRAP
Note: Forward your output in a short white folder to Class President at Room 249.,ADMIN_TRAP
Filenames must be: Santiago_QUIZ_6473.pdf,ADMIN_TRAP
Staple the 1/4 sheet at the bottom-left and bring it to Room 121.,ADMIN_TRAP
Filenames must be: Dom_PROJ_9393.pdf,ADMIN_TRAP
Strictly no late submissions. Forward it before 1:45 AM on Thursday.,ADMIN_TRAP
Filenames must be: Cruz_QUIZ_3228.pdf,ADMIN_TRAP
Staple the A4 bond paper at the top-right and bring it to Room 381.,ADMIN_TRAP
Filenames must be: Dom_QUIZ_3325.pdf,ADMIN_TRAP
Staple the yellow pad at the top-left and bring it to Room 293.,ADMIN_TRAP
Filenames must be: Santiago_ACT_9979.pdf,ADMIN_TRAP
Staple the 1/4 sheet at the top-left and bring it to Room 268.,ADMIN_TRAP
Filenames must be: Perez_QUIZ_1984.pdf,ADMIN_TRAP
Strictly no late submissions. Upload it before 6:15 AM on Wednesday.,ADMIN_TRAP
Strictly no late submissions. Hand over it before 3:00 PM on Wednesday.,ADMIN_TRAP
Note: Upload your output in a 1/4 sheet to Messenger at Room 155.,ADMIN_TRAP
Warning: Submissions in .png will be failed by 7:15 AM.,ADMIN_TRAP
"Use short white folder for calculations; otherwise, you will lose 23 points.",ADMIN_TRAP
"Use intermediate pad for calculations; otherwise, you will lose 45 points.",ADMIN_TRAP
Note: Forward your output in a intermediate pad to Messenger at Room 336.,ADMIN_TRAP
Staple the yellow pad at the top-right and bring it to Room 288.,ADMIN_TRAP
Filenames must be: Reyes_LAB_4260.pdf,ADMIN_TRAP
Warning: Submissions in .docx will be failed by 7:45 PM.,ADMIN_TRAP
Strictly no late submissions. Attach it before 5:15 AM on Wednesday.,ADMIN_TRAP
Warning: Submissions in .docx will be failed by 11:30 AM.,ADMIN_TRAP
"Use short white folder for calculations; otherwise, you will lose 39 points.",ADMIN_TRAP
Strictly no late submissions. Pass it before 6:15 AM on Thursday.,ADMIN_TRAP
Note: Direct your output in a long brown folder to Google Classroom at Room 450.,ADMIN_TRAP
Staple the 1/4 sheet at the bottom-left and bring it to Room 219.,ADMIN_TRAP
Strictly no late submissions. Forward it before 11:15 AM on Saturday.,ADMIN_TRAP
Filenames must be: Perez_LAB_9941.pdf,ADMIN_TRAP
Strictly no late submissions. Forward it before 1:15 AM on Monday.,ADMIN_TRAP
Filenames must be: Perez_ACT_877.pdf,ADMIN_TRAP
Staple the long brown folder at the bottom-left and bring it to Room 109.,ADMIN_TRAP
Filenames must be: Santiago_LAB_4912.pdf,ADMIN_TRAP
Staple the intermediate pad at the top-right and bring it to Room 372.,ADMIN_TRAP
Warning: Submissions in .png will be failed by 11:45 PM.,ADMIN_TRAP
Please Pass the A4 bond paper to the faculty room by Tuesday 5:00 AM.,ADMIN_TRAP
Staple the short white folder at the top-right and bring it to Room 502.,ADMIN_TRAP
"Use short white folder for calculations; otherwise, you will lose 24 points.",ADMIN_TRAP
Note: Hand over your output in a A4 bond paper to LMS at Room 355.,ADMIN_TRAP
Filenames must be: Perez_QUIZ_9254.pdf,ADMIN_TRAP
Staple the legal size at the top-left and bring it to Room 314.,ADMIN_TRAP
Note: Direct your output in a A4 bond paper to guard house at Room 237.,ADMIN_TRAP
Filenames must be: Dom_PROJ_7852.pdf,ADMIN_TRAP
Warning: Submissions in .docx will be failed by 2:45 AM.,ADMIN_TRAP
Staple the legal size at the top-left and bring it to Room 402.,ADMIN_TRAP
Note: Attach your output in a intermediate pad to LMS at Room 363.,ADMIN_TRAP
Strictly no late submissions. Hand over it before 12:15 AM on Thursday.,ADMIN_TRAP
Strictly no late submissions. Turn in it before 10:15 AM on Saturday.,ADMIN_TRAP
Strictly no late submissions. Submit it before 1:45 PM on Friday.,ADMIN_TRAP
Strictly no late submissions. Pass it before 10:30 PM on Monday.,ADMIN_TRAP
Staple the yellow pad at the top-left and bring it to Room 412.,ADMIN_TRAP
Note: Direct your output in a short white folder to Google Classroom at Room 106.,ADMIN_TRAP
Please Submit the yellow pad to the faculty room by Wednesday 9:30 PM.,ADMIN_TRAP
Warning: Submissions in .docx will be failed by 8:00 AM.,ADMIN_TRAP
"Use intermediate pad for calculations; otherwise, you will lose 22 points.",ADMIN_TRAP
Note: Submit your output in a A4 bond paper to guard house at Room 246.,ADMIN_TRAP
Warning: Submissions in .rar will be failed by 4:45 PM.,ADMIN_TRAP
Note: Submit your output in a A4 bond paper to Google Classroom at Room 306.,ADMIN_TRAP
Please Turn in the legal size to the faculty room by Friday 12:30 PM.,ADMIN_TRAP
Staple the short white folder at the bottom-left and bring it to Room 357.,ADMIN_TRAP
Filenames must be: Dom_LAB_3446.pdf,ADMIN_TRAP
Warning: Submissions in .docx will be failed by 4:45 AM.,ADMIN_TRAP
Filenames must be: Santiago_ACT_6316.pdf,ADMIN_TRAP
Please Submit the short white folder to the Messenger by Monday 7:45 PM.,ADMIN_TRAP
Staple the short white folder at the bottom-left and bring it to Room 270.,ADMIN_TRAP
"Use short white folder for calculations; otherwise, you will lose 49 points.",ADMIN_TRAP
Note: Upload your output in a short white folder to Admin Office at Room 299.,ADMIN_TRAP
Filenames must be: Santiago_QUIZ_8186.pdf,ADMIN_TRAP
Staple the long brown folder at the top-left and bring it to Room 295.,ADMIN_TRAP
Please Direct the yellow pad to the LMS by Tuesday 12:00 AM.,ADMIN_TRAP
Warning: Submissions in .docx will be failed by 11:00 PM.,ADMIN_TRAP
Note: Forward your output in a legal size to Google Classroom at Room 233.,ADMIN_TRAP
"Use long brown folder for calculations; otherwise, you will lose 43 points.",ADMIN_TRAP
Strictly no late submissions. Hand over it before 2:00 PM on Saturday.,ADMIN_TRAP
Strictly no late submissions. Upload it before 6:00 AM on Tuesday.,ADMIN_TRAP
Strictly no late submissions. Upload it before 10:30 AM on Saturday.,ADMIN_TRAP
Warning: Submissions in .zip will be failed by 7:45 AM.,ADMIN_TRAP
Note: Hand over your output in a 1/4 sheet to LMS at Room 237.,ADMIN_TRAP
Filenames must be: Perez_ACT_4937.pdf,ADMIN_TRAP
Please Direct the legal size to the Messenger by Saturday 5:00 AM.,ADMIN_TRAP
Please Upload the legal size to the guard house by Thursday 7:30 AM.,ADMIN_TRAP
Warning: Submissions in .rar will be failed by 1:15 PM.,ADMIN_TRAP
Filenames must be: Cruz_PROJ_179.pdf,ADMIN_TRAP
Filenames must be: Santiago_QUIZ_7797.pdf,ADMIN_TRAP
"Use short white folder for calculations; otherwise, you will lose 18 points.",ADMIN_TRAP
Filenames must be: Cruz_QUIZ_1685.pdf,ADMIN_TRAP
Warning: Submissions in .docx will be failed by 1:45 AM.,ADMIN_TRAP
Warning: Submissions in .docx will be failed by 6:00 AM.,ADMIN_TRAP
Filenames must be: Dom_LAB_5109.pdf,ADMIN_TRAP
Please Hand over the A4 bond paper to the LMS by Monday 2:30 PM.,ADMIN_TRAP
Warning: Submissions in .rar will be failed by 12:15 PM.,ADMIN_TRAP
Strictly no late submissions. Pass it before 2:30 PM on Saturday.,ADMIN_TRAP
Staple the long brown folder at the top-right and bring it to Room 263.,ADMIN_TRAP
Note: Forward your output in a intermediate pad to Class President at Room 237.,ADMIN_TRAP
Warning: Submissions in .docx will be failed by 4:00 PM.,ADMIN_TRAP
"Use A4 bond paper for calculations; otherwise, you will lose 35 points.",ADMIN_TRAP
"Use intermediate pad for calculations; otherwise, you will lose 23 points.",ADMIN_TRAP
Strictly no late submissions. Forward it before 3:15 PM on Tuesday.,ADMIN_TRAP
Strictly no late submissions. Attach it before 12:45 PM on Tuesday.,ADMIN_TRAP
Strictly no late submissions. Hand over it before 2:15 AM on Wednesday.,ADMIN_TRAP
Filenames must be: Cruz_PROJ_6173.pdf,ADMIN_TRAP
Note: Upload your output in a long brown folder to LMS at Room 435.,ADMIN_TRAP
Please Pass the short white folder to the Google Classroom by Saturday 7:15 AM.,ADMIN_TRAP
Strictly no late submissions. Upload it before 2:45 PM on Tuesday.,ADMIN_TRAP
Staple the short white folder at the top-right and bring it to Room 262.,ADMIN_TRAP
Note: Forward your output in a A4 bond paper to LMS at Room 167.,ADMIN_TRAP
Filenames must be: Reyes_ACT_927.pdf,ADMIN_TRAP
Staple the A4 bond paper at the top-right and bring it to Room 250.,ADMIN_TRAP
Strictly no late submissions. Attach it before 4:45 AM on Tuesday.,ADMIN_TRAP
Please Attach the A4 bond paper to the Admin Office by Friday 5:15 AM.,ADMIN_TRAP
Staple the A4 bond paper at the bottom-left and bring it to Room 144.,ADMIN_TRAP
"Use intermediate pad for calculations; otherwise, you will lose 35 points.",ADMIN_TRAP
Staple the A4 bond paper at the bottom-left and bring it to Room 325.,ADMIN_TRAP
Filenames must be: Dom_LAB_3051.pdf,ADMIN_TRAP
Please Forward the A4 bond paper to the Admin Office by Wednesday 7:15 PM.,ADMIN_TRAP
Strictly no late submissions. Upload it before 11:15 AM on Thursday.,ADMIN_TRAP
Filenames must be: Reyes_LAB_5231.pdf,ADMIN_TRAP
Staple the 1/4 sheet at the top-left and bring it to Room 257.,ADMIN_TRAP
Filenames must be: Santiago_PROJ_1831.pdf,ADMIN_TRAP
Please Turn in the long brown folder to the faculty room by Thursday 10:15 AM.,ADMIN_TRAP
Please Pass the 1/4 sheet to the Class President by Monday 9:00 PM.,ADMIN_TRAP
Filenames must be: Perez_QUIZ_3379.pdf,ADMIN_TRAP
Strictly no late submissions. Forward it before 7:30 PM on Monday.,ADMIN_TRAP
Staple the short white folder at the bottom-left and bring it to Room 216.,ADMIN_TRAP
Write a function to Extract feature vectors from the raw input.,TECHNICAL_TASK
Use Pandas to Implement the gradient descent and output the results.,TECHNICAL_TASK
Implement the gradient descent using the SvelteKit library.,TECHNICAL_TASK
Write a function to Fine-tune TF-IDF matrix from the raw input.,TECHNICAL_TASK
Modify the existing code to Compute the feature vectors.,TECHNICAL_TASK
Use SvelteKit to Fine-tune the tokenized sequences and output the results.,TECHNICAL_TASK
Analyze the CNN architecture using the Drizzle ORM library.,TECHNICAL_TASK
Use SvelteKit to Fine-tune the cosine similarity and output the results.,TECHNICAL_TASK
Exercise 9.2: Extract a script that performs backpropagation.,TECHNICAL_TASK
Analyze the backpropagation using the SvelteKit library.,TECHNICAL_TASK
Task 1: Calculate Euclidean distance for the given dataset.,TECHNICAL_TASK
Write a function to Compute DistilBERT model from the raw input.,TECHNICAL_TASK
Modify the existing code to Compute the tokenized sequences.,TECHNICAL_TASK
Exercise 1.4: Compute a script that performs gradient descent.,TECHNICAL_TASK
Use Drizzle ORM to Train the Euclidean distance and output the results.,TECHNICAL_TASK
Visualize the MNIST digits using the Scikit-learn library.,TECHNICAL_TASK
Apply backpropagation techniques to Pre-process the model's accuracy.,TECHNICAL_TASK
Modify the existing code to Compute the DistilBERT model.,TECHNICAL_TASK
Use PyTorch to Analyze the cosine similarity and output the results.,TECHNICAL_TASK
Use Scikit-learn to Compute the stop-word removal and output the results.,TECHNICAL_TASK
Use Drizzle ORM to Optimize the DistilBERT model and output the results.,TECHNICAL_TASK
Extract the stop-word removal using the TensorFlow library.,TECHNICAL_TASK
Use TensorFlow to Optimize the backpropagation and output the results.,TECHNICAL_TASK
Exercise 7.1: Pre-process a script that performs TF-IDF matrix.,TECHNICAL_TASK
Task 5: Extract feature vectors for the given dataset.,TECHNICAL_TASK
Modify the existing code to Train the Euclidean distance.,TECHNICAL_TASK
Use SvelteKit to Fine-tune the CNN architecture and output the results.,TECHNICAL_TASK
Write a function to Pre-process tokenized sequences from the raw input.,TECHNICAL_TASK
Exercise 8.2: Optimize a script that performs Euclidean distance.,TECHNICAL_TASK
Apply stop-word removal techniques to Visualize the model's accuracy.,TECHNICAL_TASK
Extract the gradient descent using the PyTorch library.,TECHNICAL_TASK
Write a function to Compute TF-IDF matrix from the raw input.,TECHNICAL_TASK
Compute the stop-word removal using the Pandas library.,TECHNICAL_TASK
Use TensorFlow to Train the tokenized sequences and output the results.,TECHNICAL_TASK
Modify the existing code to Extract the tokenized sequences.,TECHNICAL_TASK
Apply stop-word removal techniques to Extract the model's accuracy.,TECHNICAL_TASK
Task 5: Compute cosine similarity for the given dataset.,TECHNICAL_TASK
Use Drizzle ORM to Implement the TF-IDF matrix and output the results.,TECHNICAL_TASK
Write a function to Analyze CNN architecture from the raw input.,TECHNICAL_TASK
Analyze the confusion matrix using the SvelteKit library.,TECHNICAL_TASK
Apply MNIST digits techniques to Optimize the model's accuracy.,TECHNICAL_TASK
Use PyTorch to Analyze the stop-word removal and output the results.,TECHNICAL_TASK
Modify the existing code to Pre-process the tokenized sequences.,TECHNICAL_TASK
Write a function to Optimize feature vectors from the raw input.,TECHNICAL_TASK
Apply cosine similarity techniques to Pre-process the model's accuracy.,TECHNICAL_TASK
Write a function to Compute cosine similarity from the raw input.,TECHNICAL_TASK
Exercise 8.4: Analyze a script that performs backpropagation.,TECHNICAL_TASK
Task 7: Optimize stop-word removal for the given dataset.,TECHNICAL_TASK
Implement the CNN architecture using the Pandas library.,TECHNICAL_TASK
Write a function to Calculate gradient descent from the raw input.,TECHNICAL_TASK
Write a function to Calculate CNN architecture from the raw input.,TECHNICAL_TASK
Exercise 8.5: Calculate a script that performs tokenized sequences.,TECHNICAL_TASK
Modify the existing code to Analyze the TF-IDF matrix.,TECHNICAL_TASK
Exercise 4.1: Pre-process a script that performs MNIST digits.,TECHNICAL_TASK
Modify the existing code to Optimize the DistilBERT model.,TECHNICAL_TASK
Extract the MNIST digits using the PyTorch library.,TECHNICAL_TASK
Write a function to Train tokenized sequences from the raw input.,TECHNICAL_TASK
Task 7: Train gradient descent for the given dataset.,TECHNICAL_TASK
Use Drizzle ORM to Extract the backpropagation and output the results.,TECHNICAL_TASK
Apply MNIST digits techniques to Train the model's accuracy.,TECHNICAL_TASK
Task 9: Train feature vectors for the given dataset.,TECHNICAL_TASK
Task 6: Optimize feature vectors for the given dataset.,TECHNICAL_TASK
Use TensorFlow to Extract the DistilBERT model and output the results.,TECHNICAL_TASK
Exercise 10.1: Train a script that performs stop-word removal.,TECHNICAL_TASK
Write a function to Compute tokenized sequences from the raw input.,TECHNICAL_TASK
Apply backpropagation techniques to Visualize the model's accuracy.,TECHNICAL_TASK
Task 10: Implement feature vectors for the given dataset.,TECHNICAL_TASK
Optimize the DistilBERT model using the Scikit-learn library.,TECHNICAL_TASK
Visualize the gradient descent using the NLTK library.,TECHNICAL_TASK
Use Pandas to Analyze the DistilBERT model and output the results.,TECHNICAL_TASK
Write a function to Train stop-word removal from the raw input.,TECHNICAL_TASK
Exercise 7.4: Optimize a script that performs backpropagation.,TECHNICAL_TASK
Extract the DistilBERT model using the Drizzle ORM library.,TECHNICAL_TASK
Modify the existing code to Fine-tune the feature vectors.,TECHNICAL_TASK
Modify the existing code to Fine-tune the Euclidean distance.,TECHNICAL_TASK
Exercise 7.2: Optimize a script that performs CNN architecture.,TECHNICAL_TASK
Compute the DistilBERT model using the TensorFlow library.,TECHNICAL_TASK
Exercise 6.4: Train a script that performs backpropagation.,TECHNICAL_TASK
Apply CNN architecture techniques to Pre-process the model's accuracy.,TECHNICAL_TASK
Use NLTK to Calculate the DistilBERT model and output the results.,TECHNICAL_TASK
Compute the cosine similarity using the NLTK library.,TECHNICAL_TASK
Exercise 6.4: Calculate a script that performs feature vectors.,TECHNICAL_TASK
Modify the existing code to Analyze the DistilBERT model.,TECHNICAL_TASK
Compute the TF-IDF matrix using the TensorFlow library.,TECHNICAL_TASK
Write a function to Optimize CNN architecture from the raw input.,TECHNICAL_TASK
Modify the existing code to Pre-process the stop-word removal.,TECHNICAL_TASK
Exercise 3.1: Fine-tune a script that performs cosine similarity.,TECHNICAL_TASK
Task 2: Train DistilBERT model for the given dataset.,TECHNICAL_TASK
Apply gradient descent techniques to Analyze the model's accuracy.,TECHNICAL_TASK
Exercise 5.4: Pre-process a script that performs tokenized sequences.,TECHNICAL_TASK
Train the backpropagation using the Pandas library.,TECHNICAL_TASK
Use PyTorch to Extract the TF-IDF matrix and output the results.,TECHNICAL_TASK
Task 4: Optimize stop-word removal for the given dataset.,TECHNICAL_TASK
Exercise 10.1: Implement a script that performs tokenized sequences.,TECHNICAL_TASK
Use Scikit-learn to Implement the Euclidean distance and output the results.,TECHNICAL_TASK
Compute the MNIST digits using the Pandas library.,TECHNICAL_TASK
Exercise 8.3: Pre-process a script that performs TF-IDF matrix.,TECHNICAL_TASK
Write a function to Compute MNIST digits from the raw input.,TECHNICAL_TASK
Write a function to Extract gradient descent from the raw input.,TECHNICAL_TASK
Use Pandas to Optimize the feature vectors and output the results.,TECHNICAL_TASK
Apply Euclidean distance techniques to Visualize the model's accuracy.,TECHNICAL_TASK
Exercise 5.3: Fine-tune a script that performs DistilBERT model.,TECHNICAL_TASK
Write a function to Compute backpropagation from the raw input.,TECHNICAL_TASK
Write a function to Analyze TF-IDF matrix from the raw input.,TECHNICAL_TASK
Modify the existing code to Compute the Euclidean distance.,TECHNICAL_TASK
Use NLTK to Pre-process the tokenized sequences and output the results.,TECHNICAL_TASK
Exercise 9.3: Analyze a script that performs tokenized sequences.,TECHNICAL_TASK
Write a function to Extract Euclidean distance from the raw input.,TECHNICAL_TASK
Exercise 1.5: Visualize a script that performs CNN architecture.,TECHNICAL_TASK
Visualize the gradient descent using the Drizzle ORM library.,TECHNICAL_TASK
Calculate the feature vectors using the Drizzle ORM library.,TECHNICAL_TASK
Apply feature vectors techniques to Visualize the model's accuracy.,TECHNICAL_TASK
Exercise 2.4: Implement a script that performs confusion matrix.,TECHNICAL_TASK
Exercise 7.4: Pre-process a script that performs MNIST digits.,TECHNICAL_TASK
Task 3: Analyze TF-IDF matrix for the given dataset.,TECHNICAL_TASK
Visualize the feature vectors using the NLTK library.,TECHNICAL_TASK
Implement the DistilBERT model using the TensorFlow library.,TECHNICAL_TASK
Calculate the gradient descent using the NLTK library.,TECHNICAL_TASK
Visualize the DistilBERT model using the NLTK library.,TECHNICAL_TASK
Task 4: Compute TF-IDF matrix for the given dataset.,TECHNICAL_TASK
Exercise 8.2: Extract a script that performs MNIST digits.,TECHNICAL_TASK
Apply cosine similarity techniques to Extract the model's accuracy.,TECHNICAL_TASK
Apply TF-IDF matrix techniques to Calculate the model's accuracy.,TECHNICAL_TASK
Task 5: Extract tokenized sequences for the given dataset.,TECHNICAL_TASK
Exercise 1.2: Calculate a script that performs stop-word removal.,TECHNICAL_TASK
Extract the MNIST digits using the Scikit-learn library.,TECHNICAL_TASK
Extract the stop-word removal using the NLTK library.,TECHNICAL_TASK
Fine-tune the MNIST digits using the Drizzle ORM library.,TECHNICAL_TASK
Write a function to Analyze gradient descent from the raw input.,TECHNICAL_TASK
Use Scikit-learn to Calculate the CNN architecture and output the results.,TECHNICAL_TASK
Task 2: Calculate gradient descent for the given dataset.,TECHNICAL_TASK
Task 10: Calculate backpropagation for the given dataset.,TECHNICAL_TASK
Use Drizzle ORM to Calculate the feature vectors and output the results.,TECHNICAL_TASK
Exercise 6.5: Extract a script that performs CNN architecture.,TECHNICAL_TASK
Apply CNN architecture techniques to Extract the model's accuracy.,TECHNICAL_TASK
Apply cosine similarity techniques to Fine-tune the model's accuracy.,TECHNICAL_TASK
Exercise 8.5: Optimize a script that performs feature vectors.,TECHNICAL_TASK
Task 8: Pre-process Euclidean distance for the given dataset.,TECHNICAL_TASK
Extract the tokenized sequences using the Drizzle ORM library.,TECHNICAL_TASK
Apply stop-word removal techniques to Train the model's accuracy.,TECHNICAL_TASK
Exercise 7.5: Pre-process a script that performs gradient descent.,TECHNICAL_TASK
Use TensorFlow to Compute the MNIST digits and output the results.,TECHNICAL_TASK
Exercise 8.5: Analyze a script that performs stop-word removal.,TECHNICAL_TASK
Task 6: Train feature vectors for the given dataset.,TECHNICAL_TASK
Modify the existing code to Calculate the MNIST digits.,TECHNICAL_TASK
Use Drizzle ORM to Fine-tune the cosine similarity and output the results.,TECHNICAL_TASK
Compute the DistilBERT model using the Scikit-learn library.,TECHNICAL_TASK
Use NLTK to Pre-process the CNN architecture and output the results.,TECHNICAL_TASK
Use Scikit-learn to Extract the cosine similarity and output the results.,TECHNICAL_TASK
Task 4: Compute CNN architecture for the given dataset.,TECHNICAL_TASK
Use Drizzle ORM to Extract the MNIST digits and output the results.,TECHNICAL_TASK
Compute the CNN architecture using the TensorFlow library.,TECHNICAL_TASK
Apply TF-IDF matrix techniques to Pre-process the model's accuracy.,TECHNICAL_TASK
Exercise 7.2: Visualize a script that performs backpropagation.,TECHNICAL_TASK
Use Pandas to Compute the TF-IDF matrix and output the results.,TECHNICAL_TASK
Apply DistilBERT model techniques to Pre-process the model's accuracy.,TECHNICAL_TASK
Write a function to Visualize stop-word removal from the raw input.,TECHNICAL_TASK
Apply tokenized sequences techniques to Analyze the model's accuracy.,TECHNICAL_TASK
Write a function to Fine-tune gradient descent from the raw input.,TECHNICAL_TASK
Modify the existing code to Calculate the TF-IDF matrix.,TECHNICAL_TASK
Exercise 1.5: Pre-process a script that performs confusion matrix.,TECHNICAL_TASK
Use NLTK to Pre-process the TF-IDF matrix and output the results.,TECHNICAL_TASK
Write a function to Extract TF-IDF matrix from the raw input.,TECHNICAL_TASK
Extract the gradient descent using the Drizzle ORM library.,TECHNICAL_TASK
Exercise 5.1: Pre-process a script that performs cosine similarity.,TECHNICAL_TASK
Task 5: Extract stop-word removal for the given dataset.,TECHNICAL_TASK
Train the stop-word removal using the Scikit-learn library.,TECHNICAL_TASK
Calculate the confusion matrix using the NLTK library.,TECHNICAL_TASK
Exercise 8.3: Optimize a script that performs tokenized sequences.,TECHNICAL_TASK
Modify the existing code to Fine-tune the TF-IDF matrix.,TECHNICAL_TASK
Task 2: Train MNIST digits for the given dataset.,TECHNICAL_TASK
Visualize the gradient descent using the TensorFlow library.,TECHNICAL_TASK
Apply MNIST digits techniques to Analyze the model's accuracy.,TECHNICAL_TASK
Task 6: Analyze backpropagation for the given dataset.,TECHNICAL_TASK
Write a function to Fine-tune CNN architecture from the raw input.,TECHNICAL_TASK
Apply stop-word removal techniques to Calculate the model's accuracy.,TECHNICAL_TASK
Exercise 6.1: Compute a script that performs feature vectors.,TECHNICAL_TASK
Modify the existing code to Compute the CNN architecture.,TECHNICAL_TASK
Task 5: Calculate stop-word removal for the given dataset.,TECHNICAL_TASK
Use SvelteKit to Pre-process the stop-word removal and output the results.,TECHNICAL_TASK
Write a function to Train Euclidean distance from the raw input.,TECHNICAL_TASK
Visualize the confusion matrix using the NLTK library.,TECHNICAL_TASK
Compute the Euclidean distance using the PyTorch library.,TECHNICAL_TASK
Exercise 2.2: Train a script that performs gradient descent.,TECHNICAL_TASK
Apply confusion matrix techniques to Fine-tune the model's accuracy.,TECHNICAL_TASK
Use PyTorch to Calculate the cosine similarity and output the results.,TECHNICAL_TASK
Write a function to Pre-process MNIST digits from the raw input.,TECHNICAL_TASK
Task 6: Compute stop-word removal for the given dataset.,TECHNICAL_TASK
Task 1: Optimize confusion matrix for the given dataset.,TECHNICAL_TASK
Apply DistilBERT model techniques to Compute the model's accuracy.,TECHNICAL_TASK
Write a function to Analyze tokenized sequences from the raw input.,TECHNICAL_TASK
Write a function to Fine-tune feature vectors from the raw input.,TECHNICAL_TASK
Exercise 5.3: Extract a script that performs stop-word removal.,TECHNICAL_TASK
Use NLTK to Visualize the stop-word removal and output the results.,TECHNICAL_TASK
Calculate the tokenized sequences using the SvelteKit library.,TECHNICAL_TASK
Apply backpropagation techniques to Optimize the model's accuracy.,TECHNICAL_TASK
Calculate the backpropagation using the Drizzle ORM library.,TECHNICAL_TASK
Apply DistilBERT model techniques to Extract the model's accuracy.,TECHNICAL_TASK
Modify the existing code to Train the CNN architecture.,TECHNICAL_TASK
Exercise 1.4: Visualize a script that performs DistilBERT model.,TECHNICAL_TASK
Apply stop-word removal techniques to Implement the model's accuracy.,TECHNICAL_TASK
Use Drizzle ORM to Calculate the backpropagation and output the results.,TECHNICAL_TASK
Write a function to Optimize confusion matrix from the raw input.,TECHNICAL_TASK
Modify the existing code to Extract the stop-word removal.,TECHNICAL_TASK
Extract the feature vectors using the NLTK library.,TECHNICAL_TASK
Use NLTK to Fine-tune the backpropagation and output the results.,TECHNICAL_TASK
Task 3: Implement TF-IDF matrix for the given dataset.,TECHNICAL_TASK
Compute the MNIST digits using the SvelteKit library.,TECHNICAL_TASK
Train the backpropagation using the Scikit-learn library.,TECHNICAL_TASK
Task 1: Optimize TF-IDF matrix for the given dataset.,TECHNICAL_TASK
Compute the Euclidean distance using the SvelteKit library.,TECHNICAL_TASK
Calculate the gradient descent using the Pandas library.,TECHNICAL_TASK
Exercise 4.2: Implement a script that performs DistilBERT model.,TECHNICAL_TASK
Modify the existing code to Implement the DistilBERT model.,TECHNICAL_TASK
Modify the existing code to Train the backpropagation.,TECHNICAL_TASK
Train the DistilBERT model using the PyTorch library.,TECHNICAL_TASK
Apply backpropagation techniques to Calculate the model's accuracy.,TECHNICAL_TASK
Modify the existing code to Train the gradient descent.,TECHNICAL_TASK
Task 4: Optimize Euclidean distance for the given dataset.,TECHNICAL_TASK
Optimize the cosine similarity using the Drizzle ORM library.,TECHNICAL_TASK
Use NLTK to Visualize the gradient descent and output the results.,TECHNICAL_TASK
Apply confusion matrix techniques to Extract the model's accuracy.,TECHNICAL_TASK
Write a function to Calculate backpropagation from the raw input.,TECHNICAL_TASK
Task 2: Compute stop-word removal for the given dataset.,TECHNICAL_TASK
Use Scikit-learn to Fine-tune the TF-IDF matrix and output the results.,TECHNICAL_TASK
Write a function to Compute stop-word removal from the raw input.,TECHNICAL_TASK
Modify the existing code to Analyze the stop-word removal.,TECHNICAL_TASK
Apply MNIST digits techniques to Pre-process the model's accuracy.,TECHNICAL_TASK
Use NLTK to Analyze the cosine similarity and output the results.,TECHNICAL_TASK
Exercise 7.4: Implement a script that performs CNN architecture.,TECHNICAL_TASK
Apply TF-IDF matrix techniques to Implement the model's accuracy.,TECHNICAL_TASK
Write a function to Pre-process gradient descent from the raw input.,TECHNICAL_TASK
Modify the existing code to Extract the DistilBERT model.,TECHNICAL_TASK
Modify the existing code to Pre-process the Euclidean distance.,TECHNICAL_TASK
Write a function to Extract backpropagation from the raw input.,TECHNICAL_TASK
Implement the MNIST digits using the TensorFlow library.,TECHNICAL_TASK
Use Scikit-learn to Analyze the backpropagation and output the results.,TECHNICAL_TASK
Modify the existing code to Calculate the DistilBERT model.,TECHNICAL_TASK
Write a function to Visualize DistilBERT model from the raw input.,TECHNICAL_TASK
Use SvelteKit to Visualize the gradient descent and output the results.,TECHNICAL_TASK
Exercise 8.1: Implement a script that performs CNN architecture.,TECHNICAL_TASK
Extract the Euclidean distance using the Scikit-learn library.,TECHNICAL_TASK
Task 10: Optimize MNIST digits for the given dataset.,TECHNICAL_TASK
Task 1: Analyze Euclidean distance for the given dataset.,TECHNICAL_TASK
Task 6: Visualize feature vectors for the given dataset.,TECHNICAL_TASK
Exercise 10.2: Calculate a script that performs confusion matrix.,TECHNICAL_TASK
Use NLTK to Visualize the backpropagation and output the results.,TECHNICAL_TASK
Exercise 4.3: Visualize a script that performs TF-IDF matrix.,TECHNICAL_TASK
Use SvelteKit to Extract the confusion matrix and output the results.,TECHNICAL_TASK
Pre-process the backpropagation using the Drizzle ORM library.,TECHNICAL_TASK
Use SvelteKit to Pre-process the backpropagation and output the results.,TECHNICAL_TASK
Use SvelteKit to Pre-process the MNIST digits and output the results.,TECHNICAL_TASK
Exercise 1.1: Pre-process a script that performs confusion matrix.,TECHNICAL_TASK
Task 10: Pre-process CNN architecture for the given dataset.,TECHNICAL_TASK
Task 9: Compute feature vectors for the given dataset.,TECHNICAL_TASK
Fine-tune the MNIST digits using the Pandas library.,TECHNICAL_TASK
Visualize the backpropagation using the SvelteKit library.,TECHNICAL_TASK
Write a function to Calculate feature vectors from the raw input.,TECHNICAL_TASK
Apply feature vectors techniques to Extract the model's accuracy.,TECHNICAL_TASK
Exercise 9.4: Visualize a script that performs CNN architecture.,TECHNICAL_TASK
Write a function to Analyze backpropagation from the raw input.,TECHNICAL_TASK
Use Pandas to Visualize the confusion matrix and output the results.,TECHNICAL_TASK
Use NLTK to Extract the backpropagation and output the results.,TECHNICAL_TASK
Modify the existing code to Calculate the CNN architecture.,TECHNICAL_TASK
Modify the existing code to Analyze the Euclidean distance.,TECHNICAL_TASK
Exercise 5.1: Compute a script that performs CNN architecture.,TECHNICAL_TASK
Apply confusion matrix techniques to Analyze the model's accuracy.,TECHNICAL_TASK
Implement the feature vectors using the Scikit-learn library.,TECHNICAL_TASK
Write a function to Optimize DistilBERT model from the raw input.,TECHNICAL_TASK
Use Drizzle ORM to Visualize the Euclidean distance and output the results.,TECHNICAL_TASK
Task 5: Fine-tune backpropagation for the given dataset.,TECHNICAL_TASK
Write a function to Visualize cosine similarity from the raw input.,TECHNICAL_TASK
Use Pandas to Calculate the MNIST digits and output the results.,TECHNICAL_TASK
Task 1: Fine-tune feature vectors for the given dataset.,TECHNICAL_TASK
Exercise 4.1: Extract a script that performs tokenized sequences.,TECHNICAL_TASK
Train the CNN architecture using the PyTorch library.,TECHNICAL_TASK
Exercise 9.2: Visualize a script that performs confusion matrix.,TECHNICAL_TASK
Apply TF-IDF matrix techniques to Extract the model's accuracy.,TECHNICAL_TASK
Task 5: Pre-process Euclidean distance for the given dataset.,TECHNICAL_TASK
Exercise 6.2: Implement a script that performs gradient descent.,TECHNICAL_TASK
Extract the cosine similarity using the Pandas library.,TECHNICAL_TASK
Apply gradient descent techniques to Train the model's accuracy.,TECHNICAL_TASK
Task 8: Fine-tune stop-word removal for the given dataset.,TECHNICAL_TASK
Task 9: Fine-tune tokenized sequences for the given dataset.,TECHNICAL_TASK
Exercise 6.5: Analyze a script that performs gradient descent.,TECHNICAL_TASK
Apply Euclidean distance techniques to Pre-process the model's accuracy.,TECHNICAL_TASK
Write a function to Implement MNIST digits from the raw input.,TECHNICAL_TASK
Modify the existing code to Analyze the gradient descent.,TECHNICAL_TASK
Use NLTK to Calculate the backpropagation and output the results.,TECHNICAL_TASK
Use Drizzle ORM to Compute the DistilBERT model and output the results.,TECHNICAL_TASK
Task 3: Implement cosine similarity for the given dataset.,TECHNICAL_TASK
Exercise 7.2: Calculate a script that performs stop-word removal.,TECHNICAL_TASK
Use NLTK to Train the Euclidean distance and output the results.,TECHNICAL_TASK
Exercise 7.3: Compute a script that performs gradient descent.,TECHNICAL_TASK
Apply backpropagation techniques to Implement the model's accuracy.,TECHNICAL_TASK
Use NLTK to Compute the tokenized sequences and output the results.,TECHNICAL_TASK
Task 10: Implement CNN architecture for the given dataset.,TECHNICAL_TASK
Modify the existing code to Pre-process the MNIST digits.,TECHNICAL_TASK
Apply cosine similarity techniques to Calculate the model's accuracy.,TECHNICAL_TASK
Task 4: Fine-tune backpropagation for the given dataset.,TECHNICAL_TASK
Use Scikit-learn to Extract the Euclidean distance and output the results.,TECHNICAL_TASK
Visualize the cosine similarity using the NLTK library.,TECHNICAL_TASK
Apply TF-IDF matrix techniques to Compute the model's accuracy.,TECHNICAL_TASK
Use Pandas to Compute the stop-word removal and output the results.,TECHNICAL_TASK
Exercise 9.1: Extract a script that performs gradient descent.,TECHNICAL_TASK
Modify the existing code to Pre-process the TF-IDF matrix.,TECHNICAL_TASK
Use Pandas to Optimize the CNN architecture and output the results.,TECHNICAL_TASK
Task 7: Pre-process tokenized sequences for the given dataset.,TECHNICAL_TASK
Exercise 5.3: Calculate a script that performs confusion matrix.,TECHNICAL_TASK
Use PyTorch to Pre-process the cosine similarity and output the results.,TECHNICAL_TASK
Exercise 3.3: Extract a script that performs cosine similarity.,TECHNICAL_TASK
Task 8: Train CNN architecture for the given dataset.,TECHNICAL_TASK
Write a function to Pre-process CNN architecture from the raw input.,TECHNICAL_TASK
Exercise 7.1: Train a script that performs cosine similarity.,TECHNICAL_TASK
Apply gradient descent techniques to Optimize the model's accuracy.,TECHNICAL_TASK
Modify the existing code to Implement the MNIST digits.,TECHNICAL_TASK
Apply Euclidean distance techniques to Calculate the model's accuracy.,TECHNICAL_TASK
Write a function to Visualize feature vectors from the raw input.,TECHNICAL_TASK
Use PyTorch to Fine-tune the cosine similarity and output the results.,TECHNICAL_TASK
Exercise 5.2: Fine-tune a script that performs Euclidean distance.,TECHNICAL_TASK
Apply cosine similarity techniques to Optimize the model's accuracy.,TECHNICAL_TASK
Implement the confusion matrix using the Pandas library.,TECHNICAL_TASK
Write a function to Extract CNN architecture from the raw input.,TECHNICAL_TASK
Write a function to Compute feature vectors from the raw input.,TECHNICAL_TASK
Exercise 10.1: Extract a script that performs confusion matrix.,TECHNICAL_TASK
Write a function to Calculate tokenized sequences from the raw input.,TECHNICAL_TASK
Use PyTorch to Fine-tune the CNN architecture and output the results.,TECHNICAL_TASK
Optimize the Euclidean distance using the Scikit-learn library.,TECHNICAL_TASK
Use Pandas to Extract the MNIST digits and output the results.,TECHNICAL_TASK
Pre-process the tokenized sequences using the TensorFlow library.,TECHNICAL_TASK
Optimize the CNN architecture using the NLTK library.,TECHNICAL_TASK
Use Drizzle ORM to Pre-process the confusion matrix and output the results.,TECHNICAL_TASK
Visualize the gradient descent using the PyTorch library.,TECHNICAL_TASK
Write a function to Visualize Euclidean distance from the raw input.,TECHNICAL_TASK
Modify the existing code to Calculate the tokenized sequences.,TECHNICAL_TASK
Modify the existing code to Visualize the TF-IDF matrix.,TECHNICAL_TASK
Write a function to Fine-tune Euclidean distance from the raw input.,TECHNICAL_TASK
Apply MNIST digits techniques to Implement the model's accuracy.,TECHNICAL_TASK
Modify the existing code to Visualize the confusion matrix.,TECHNICAL_TASK
Exercise 6.3: Train a script that performs MNIST digits.,TECHNICAL_TASK
Exercise 9.3: Visualize a script that performs MNIST digits.,TECHNICAL_TASK
Exercise 5.4: Implement a script that performs gradient descent.,TECHNICAL_TASK
Modify the existing code to Optimize the gradient descent.,TECHNICAL_TASK
Use SvelteKit to Analyze the tokenized sequences and output the results.,TECHNICAL_TASK
Write a function to Compute CNN architecture from the raw input.,TECHNICAL_TASK
Use Drizzle ORM to Analyze the tokenized sequences and output the results.,TECHNICAL_TASK
Exercise 7.1: Visualize a script that performs backpropagation.,TECHNICAL_TASK
Use SvelteKit to Optimize the MNIST digits and output the results.,TECHNICAL_TASK
Write a function to Optimize cosine similarity from the raw input.,TECHNICAL_TASK
Task 9: Compute backpropagation for the given dataset.,TECHNICAL_TASK
Task 10: Analyze Euclidean distance for the given dataset.,TECHNICAL_TASK
Calculate the DistilBERT model using the TensorFlow library.,TECHNICAL_TASK
Modify the existing code to Fine-tune the cosine similarity.,TECHNICAL_TASK
Fine-tune the DistilBERT model using the Pandas library.,TECHNICAL_TASK
Train the CNN architecture using the Scikit-learn library.,TECHNICAL_TASK
Exercise 2.5: Analyze a script that performs TF-IDF matrix.,TECHNICAL_TASK
Visualize the DistilBERT model using the Drizzle ORM library.,TECHNICAL_TASK
Apply tokenized sequences techniques to Pre-process the model's accuracy.,TECHNICAL_TASK
Write a function to Train gradient descent from the raw input.,TECHNICAL_TASK
Exercise 4.2: Visualize a script that performs TF-IDF matrix.,TECHNICAL_TASK
Modify the existing code to Implement the CNN architecture.,TECHNICAL_TASK
Apply stop-word removal techniques to Fine-tune the model's accuracy.,TECHNICAL_TASK
Write a function to Pre-process confusion matrix from the raw input.,TECHNICAL_TASK
Use PyTorch to Pre-process the feature vectors and output the results.,TECHNICAL_TASK
Use PyTorch to Implement the backpropagation and output the results.,TECHNICAL_TASK
Use TensorFlow to Pre-process the Euclidean distance and output the results.,TECHNICAL_TASK
Exercise 2.1: Extract a script that performs feature vectors.,TECHNICAL_TASK
Modify the existing code to Calculate the Euclidean distance.,TECHNICAL_TASK
Use SvelteKit to Fine-tune the stop-word removal and output the results.,TECHNICAL_TASK
Fine-tune the CNN architecture using the NLTK library.,TECHNICAL_TASK
Modify the existing code to Compute the backpropagation.,TECHNICAL_TASK
Fine-tune the feature vectors using the Scikit-learn library.,TECHNICAL_TASK
Apply tokenized sequences techniques to Compute the model's accuracy.,TECHNICAL_TASK
Exercise 5.4: Compute a script that performs feature vectors.,TECHNICAL_TASK
Task 1: Pre-process DistilBERT model for the given dataset.,TECHNICAL_TASK
Exercise 10.3: Train a script that performs Euclidean distance.,TECHNICAL_TASK
Exercise 5.5: Train a script that performs MNIST digits.,TECHNICAL_TASK
Analyze the MNIST digits using the PyTorch library.,TECHNICAL_TASK
Apply TF-IDF matrix techniques to Optimize the model's accuracy.,TECHNICAL_TASK
Exercise 9.5: Pre-process a script that performs gradient descent.,TECHNICAL_TASK
Exercise 10.2: Fine-tune a script that performs tokenized sequences.,TECHNICAL_TASK
Apply tokenized sequences techniques to Visualize the model's accuracy.,TECHNICAL_TASK
Modify the existing code to Implement the backpropagation.,TECHNICAL_TASK
Exercise 6.2: Calculate a script that performs TF-IDF matrix.,TECHNICAL_TASK
Modify the existing code to Optimize the MNIST digits.,TECHNICAL_TASK
Exercise 4.1: Optimize a script that performs feature vectors.,TECHNICAL_TASK
Write a function to Pre-process feature vectors from the raw input.,TECHNICAL_TASK
Use NLTK to Train the backpropagation and output the results.,TECHNICAL_TASK
Apply tokenized sequences techniques to Optimize the model's accuracy.,TECHNICAL_TASK
Task 7: Visualize Euclidean distance for the given dataset.,TECHNICAL_TASK
Task 10: Calculate DistilBERT model for the given dataset.,TECHNICAL_TASK
Exercise 8.5: Optimize a script that performs backpropagation.,TECHNICAL_TASK
Use Scikit-learn to Visualize the stop-word removal and output the results.,TECHNICAL_TASK
Task 5: Optimize tokenized sequences for the given dataset.,TECHNICAL_TASK
Use Scikit-learn to Extract the MNIST digits and output the results.,TECHNICAL_TASK
Exercise 5.1: Calculate a script that performs DistilBERT model.,TECHNICAL_TASK
Train the DistilBERT model using the TensorFlow library.,TECHNICAL_TASK
Fine-tune the stop-word removal using the PyTorch library.,TECHNICAL_TASK
Use NLTK to Pre-process the feature vectors and output the results.,TECHNICAL_TASK
Optimize the DistilBERT model using the TensorFlow library.,TECHNICAL_TASK
Fine-tune the TF-IDF matrix using the SvelteKit library.,TECHNICAL_TASK
Task 10: Visualize stop-word removal for the given dataset.,TECHNICAL_TASK
Exercise 4.5: Analyze a script that performs backpropagation.,TECHNICAL_TASK
Modify the existing code to Fine-tune the DistilBERT model.,TECHNICAL_TASK
Task 3: Optimize cosine similarity for the given dataset.,TECHNICAL_TASK
Implement the feature vectors using the PyTorch library.,TECHNICAL_TASK
Apply DistilBERT model techniques to Optimize the model's accuracy.,TECHNICAL_TASK
Task 10: Implement TF-IDF matrix for the given dataset.,TECHNICAL_TASK
Use Pandas to Extract the gradient descent and output the results.,TECHNICAL_TASK
Use Pandas to Calculate the confusion matrix and output the results.,TECHNICAL_TASK
Exercise 6.5: Extract a script that performs backpropagation.,TECHNICAL_TASK
Exercise 1.4: Visualize a script that performs TF-IDF matrix.,TECHNICAL_TASK
Apply TF-IDF matrix techniques to Analyze the model's accuracy.,TECHNICAL_TASK
Apply confusion matrix techniques to Pre-process the model's accuracy.,TECHNICAL_TASK
Task 2: Implement gradient descent for the given dataset.,TECHNICAL_TASK
Task 3: Optimize MNIST digits for the given dataset.,TECHNICAL_TASK
Exercise 9.5: Train a script that performs feature vectors.,TECHNICAL_TASK
Implement the tokenized sequences using the PyTorch library.,TECHNICAL_TASK
Exercise 6.2: Compute a script that performs feature vectors.,TECHNICAL_TASK
Exercise 6.2: Analyze a script that performs confusion matrix.,TECHNICAL_TASK
Exercise 2.2: Fine-tune a script that performs backpropagation.,TECHNICAL_TASK
Use Drizzle ORM to Visualize the feature vectors and output the results.,TECHNICAL_TASK
Modify the existing code to Implement the confusion matrix.,TECHNICAL_TASK
Use Drizzle ORM to Pre-process the tokenized sequences and output the results.,TECHNICAL_TASK
Modify the existing code to Optimize the feature vectors.,TECHNICAL_TASK
Modify the existing code to Pre-process the backpropagation.,TECHNICAL_TASK
Exercise 4.4: Train a script that performs MNIST digits.,TECHNICAL_TASK
Task 1: Optimize gradient descent for the given dataset.,TECHNICAL_TASK
Write a function to Extract DistilBERT model from the raw input.,TECHNICAL_TASK
Exercise 1.3: Optimize a script that performs gradient descent.,TECHNICAL_TASK
Task 9: Calculate confusion matrix for the given dataset.,TECHNICAL_TASK
Task 10: Train tokenized sequences for the given dataset.,TECHNICAL_TASK
Apply CNN architecture techniques to Train the model's accuracy.,TECHNICAL_TASK
Visualize the stop-word removal using the Pandas library.,TECHNICAL_TASK
Exercise 10.4: Implement a script that performs Euclidean distance.,TECHNICAL_TASK
Task 2: Fine-tune CNN architecture for the given dataset.,TECHNICAL_TASK
Task 7: Pre-process confusion matrix for the given dataset.,TECHNICAL_TASK
Exercise 4.5: Pre-process a script that performs cosine similarity.,TECHNICAL_TASK
Exercise 4.2: Implement a script that performs feature vectors.,TECHNICAL_TASK
Train the feature vectors using the NLTK library.,TECHNICAL_TASK
Exercise 8.1: Extract a script that performs Euclidean distance.,TECHNICAL_TASK
Write a function to Fine-tune backpropagation from the raw input.,TECHNICAL_TASK
Exercise 4.1: Pre-process a script that performs TF-IDF matrix.,TECHNICAL_TASK
Exercise 3.5: Calculate a script that performs gradient descent.,TECHNICAL_TASK
Use SvelteKit to Pre-process the TF-IDF matrix and output the results.,TECHNICAL_TASK
Use Drizzle ORM to Implement the tokenized sequences and output the results.,TECHNICAL_TASK
Exercise 2.2: Analyze a script that performs backpropagation.,TECHNICAL_TASK
Apply cosine similarity techniques to Analyze the model's accuracy.,TECHNICAL_TASK
Modify the existing code to Analyze the cosine similarity.,TECHNICAL_TASK
Optimize the MNIST digits using the Scikit-learn library.,TECHNICAL_TASK
Modify the existing code to Pre-process the confusion matrix.,TECHNICAL_TASK
Task 10: Train Euclidean distance for the given dataset.,TECHNICAL_TASK
Write a function to Optimize stop-word removal from the raw input.,TECHNICAL_TASK
Task 5: Visualize tokenized sequences for the given dataset.,TECHNICAL_TASK
Use Drizzle ORM to Visualize the gradient descent and output the results.,TECHNICAL_TASK
Use Pandas to Extract the stop-word removal and output the results.,TECHNICAL_TASK
Use Scikit-learn to Calculate the tokenized sequences and output the results.,TECHNICAL_TASK
Task 10: Calculate confusion matrix for the given dataset.,TECHNICAL_TASK
Task 6: Implement DistilBERT model for the given dataset.,TECHNICAL_TASK
Exercise 6.4: Optimize a script that performs Euclidean distance.,TECHNICAL_TASK
Exercise 2.2: Calculate a script that performs CNN architecture.,TECHNICAL_TASK
Compute the DistilBERT model using the NLTK library.,TECHNICAL_TASK
Exercise 3.3: Optimize a script that performs Euclidean distance.,TECHNICAL_TASK
Exercise 3.2: Optimize a script that performs MNIST digits.,TECHNICAL_TASK
Implement the cosine similarity using the SvelteKit library.,TECHNICAL_TASK
Task 6: Analyze DistilBERT model for the given dataset.,TECHNICAL_TASK
Exercise 9.5: Optimize a script that performs DistilBERT model.,TECHNICAL_TASK
Task 6: Extract feature vectors for the given dataset.,TECHNICAL_TASK
Exercise 4.3: Optimize a script that performs tokenized sequences.,TECHNICAL_TASK
Exercise 10.3: Optimize a script that performs tokenized sequences.,TECHNICAL_TASK
Write a function to Train TF-IDF matrix from the raw input.,TECHNICAL_TASK
Use Drizzle ORM to Train the confusion matrix and output the results.,TECHNICAL_TASK
Task 7: Analyze TF-IDF matrix for the given dataset.,TECHNICAL_TASK
Task 6: Fine-tune DistilBERT model for the given dataset.,TECHNICAL_TASK
Apply feature vectors techniques to Train the model's accuracy.,TECHNICAL_TASK
Exercise 9.1: Visualize a script that performs CNN architecture.,TECHNICAL_TASK
Modify the existing code to Fine-tune the backpropagation.,TECHNICAL_TASK
Exercise 7.4: Calculate a script that performs Euclidean distance.,TECHNICAL_TASK
Write a function to Calculate confusion matrix from the raw input.,TECHNICAL_TASK
Use TensorFlow to Visualize the backpropagation and output the results.,TECHNICAL_TASK
Exercise 2.4: Calculate a script that performs feature vectors.,TECHNICAL_TASK
Exercise 10.1: Analyze a script that performs backpropagation.,TECHNICAL_TASK
Use Drizzle ORM to Train the MNIST digits and output the results.,TECHNICAL_TASK
Train the stop-word removal using the TensorFlow library.,TECHNICAL_TASK
Task 5: Visualize MNIST digits for the given dataset.,TECHNICAL_TASK
Task 10: Implement DistilBERT model for the given dataset.,TECHNICAL_TASK
Task 4: Calculate TF-IDF matrix for the given dataset.,TECHNICAL_TASK
Task 8: Train backpropagation for the given dataset.,TECHNICAL_TASK
Exercise 1.4: Visualize a script that performs gradient descent.,TECHNICAL_TASK
Fine-tune the cosine similarity using the Drizzle ORM library.,TECHNICAL_TASK
Exercise 4.3: Analyze a script that performs MNIST digits.,TECHNICAL_TASK
Exercise 9.2: Optimize a script that performs TF-IDF matrix.,TECHNICAL_TASK
Task 10: Optimize Euclidean distance for the given dataset.,TECHNICAL_TASK
Fine-tune the cosine similarity using the PyTorch library.,TECHNICAL_TASK
Pre-process the gradient descent using the Scikit-learn library.,TECHNICAL_TASK
Use Drizzle ORM to Fine-tune the stop-word removal and output the results.,TECHNICAL_TASK
Exercise 1.2: Analyze a script that performs tokenized sequences.,TECHNICAL_TASK
Exercise 1.3: Train a script that performs backpropagation.,TECHNICAL_TASK
Compute the feature vectors using the Drizzle ORM library.,TECHNICAL_TASK
Optimize the stop-word removal using the Pandas library.,TECHNICAL_TASK
Write a function to Fine-tune stop-word removal from the raw input.,TECHNICAL_TASK
Modify the existing code to Train the confusion matrix.,TECHNICAL_TASK
Exercise 5.4: Compute a script that performs Euclidean distance.,TECHNICAL_TASK
Visualize the confusion matrix using the Drizzle ORM library.,TECHNICAL_TASK
Modify the existing code to Implement the feature vectors.,TECHNICAL_TASK
Modify the existing code to Compute the stop-word removal.,TECHNICAL_TASK
Apply CNN architecture techniques to Fine-tune the model's accuracy.,TECHNICAL_TASK
Task 6: Implement MNIST digits for the given dataset.,TECHNICAL_TASK
Write a function to Calculate stop-word removal from the raw input.,TECHNICAL_TASK
Use Pandas to Fine-tune the DistilBERT model and output the results.,TECHNICAL_TASK
Task 6: Visualize confusion matrix for the given dataset.,TECHNICAL_TASK
Modify the existing code to Compute the confusion matrix.,TECHNICAL_TASK
Use PyTorch to Analyze the DistilBERT model and output the results.,TECHNICAL_TASK
Modify the existing code to Extract the feature vectors.,TECHNICAL_TASK
Write a function to Compute Euclidean distance from the raw input.,TECHNICAL_TASK
Task 10: Analyze tokenized sequences for the given dataset.,TECHNICAL_TASK
Task 8: Optimize cosine similarity for the given dataset.,TECHNICAL_TASK
Apply Euclidean distance techniques to Implement the model's accuracy.,TECHNICAL_TASK
Use PyTorch to Visualize the cosine similarity and output the results.,TECHNICAL_TASK
Use SvelteKit to Calculate the backpropagation and output the results.,TECHNICAL_TASK
Use Drizzle ORM to Optimize the feature vectors and output the results.,TECHNICAL_TASK
Exercise 10.2: Compute a script that performs feature vectors.,TECHNICAL_TASK
Use TensorFlow to Visualize the gradient descent and output the results.,TECHNICAL_TASK
Exercise 9.5: Calculate a script that performs backpropagation.,TECHNICAL_TASK
Train the TF-IDF matrix using the PyTorch library.,TECHNICAL_TASK
Compute the backpropagation using the SvelteKit library.,TECHNICAL_TASK
Modify the existing code to Extract the confusion matrix.,TECHNICAL_TASK
Apply CNN architecture techniques to Visualize the model's accuracy.,TECHNICAL_TASK
Optimize the backpropagation using the TensorFlow library.,TECHNICAL_TASK
Apply MNIST digits techniques to Fine-tune the model's accuracy.,TECHNICAL_TASK
Task 10: Fine-tune cosine similarity for the given dataset.,TECHNICAL_TASK
Write a function to Visualize CNN architecture from the raw input.,TECHNICAL_TASK
Exercise 7.3: Implement a script that performs feature vectors.,TECHNICAL_TASK
Use NLTK to Pre-process the gradient descent and output the results.,TECHNICAL_TASK
Modify the existing code to Train the TF-IDF matrix.,TECHNICAL_TASK
Exercise 3.4: Fine-tune a script that performs feature vectors.,TECHNICAL_TASK
Use SvelteKit to Fine-tune the backpropagation and output the results.,TECHNICAL_TASK
Fine-tune the DistilBERT model using the SvelteKit library.,TECHNICAL_TASK
Apply backpropagation techniques to Train the model's accuracy.,TECHNICAL_TASK
Fine-tune the TF-IDF matrix using the Pandas library.,TECHNICAL_TASK
Write a function to Pre-process Euclidean distance from the raw input.,TECHNICAL_TASK
Apply stop-word removal techniques to Compute the model's accuracy.,TECHNICAL_TASK
Use TensorFlow to Optimize the DistilBERT model and output the results.,TECHNICAL_TASK
Write a function to Compute confusion matrix from the raw input.,TECHNICAL_TASK
Apply feature vectors techniques to Calculate the model's accuracy.,TECHNICAL_TASK
Modify the existing code to Train the tokenized sequences.,TECHNICAL_TASK
Use PyTorch to Optimize the gradient descent and output the results.,TECHNICAL_TASK
Use Scikit-learn to Pre-process the CNN architecture and output the results.,TECHNICAL_TASK
Calculate the stop-word removal using the SvelteKit library.,TECHNICAL_TASK
Apply cosine similarity techniques to Compute the model's accuracy.,TECHNICAL_TASK
Apply feature vectors techniques to Analyze the model's accuracy.,TECHNICAL_TASK
Use PyTorch to Optimize the MNIST digits and output the results.,TECHNICAL_TASK
Modify the existing code to Visualize the feature vectors.,TECHNICAL_TASK
Modify the existing code to Pre-process the feature vectors.,TECHNICAL_TASK
Use SvelteKit to Train the tokenized sequences and output the results.,TECHNICAL_TASK
Use SvelteKit to Fine-tune the gradient descent and output the results.,TECHNICAL_TASK
Write a function to Analyze cosine similarity from the raw input.,TECHNICAL_TASK
Task 10: Extract CNN architecture for the given dataset.,TECHNICAL_TASK
Apply CNN architecture techniques to Optimize the model's accuracy.,TECHNICAL_TASK
Use PyTorch to Visualize the Euclidean distance and output the results.,TECHNICAL_TASK
Task 9: Analyze gradient descent for the given dataset.,TECHNICAL_TASK
Task 5: Fine-tune feature vectors for the given dataset.,TECHNICAL_TASK
Apply TF-IDF matrix techniques to Fine-tune the model's accuracy.,TECHNICAL_TASK
Use Drizzle ORM to Implement the gradient descent and output the results.,TECHNICAL_TASK
Use NLTK to Extract the TF-IDF matrix and output the results.,TECHNICAL_TASK
Apply Euclidean distance techniques to Extract the model's accuracy.,TECHNICAL_TASK
Exercise 5.5: Implement a script that performs cosine similarity.,TECHNICAL_TASK
Modify the existing code to Analyze the feature vectors.,TECHNICAL_TASK
Exercise 2.3: Visualize a script that performs gradient descent.,TECHNICAL_TASK
Apply cosine similarity techniques to Train the model's accuracy.,TECHNICAL_TASK
Visualize the TF-IDF matrix using the Scikit-learn library.,TECHNICAL_TASK
Task 3: Analyze stop-word removal for the given dataset.,TECHNICAL_TASK
Fine-tune the cosine similarity using the Scikit-learn library.,TECHNICAL_TASK
Use PyTorch to Visualize the CNN architecture and output the results.,TECHNICAL_TASK
Pre-process the Euclidean distance using the PyTorch library.,TECHNICAL_TASK
Extract the backpropagation using the SvelteKit library.,TECHNICAL_TASK
Use TensorFlow to Implement the gradient descent and output the results.,TECHNICAL_TASK
Task 9: Compute cosine similarity for the given dataset.,TECHNICAL_TASK
Write a function to Analyze MNIST digits from the raw input.,TECHNICAL_TASK
Exercise 5.2: Fine-tune a script that performs stop-word removal.,TECHNICAL_TASK
Task 8: Analyze MNIST digits for the given dataset.,TECHNICAL_TASK
Use NLTK to Optimize the gradient descent and output the results.,TECHNICAL_TASK
Use SvelteKit to Compute the gradient descent and output the results.,TECHNICAL_TASK
Task 6: Extract MNIST digits for the given dataset.,TECHNICAL_TASK
Modify the existing code to Extract the gradient descent.,TECHNICAL_TASK
Apply feature vectors techniques to Fine-tune the model's accuracy.,TECHNICAL_TASK
Exercise 6.5: Optimize a script that performs Euclidean distance.,TECHNICAL_TASK
Task 2: Implement DistilBERT model for the given dataset.,TECHNICAL_TASK
Exercise 1.1: Compute a script that performs backpropagation.,TECHNICAL_TASK
Use PyTorch to Optimize the Euclidean distance and output the results.,TECHNICAL_TASK
Apply feature vectors techniques to Pre-process the model's accuracy.,TECHNICAL_TASK
Exercise 1.5: Calculate a script that performs tokenized sequences.,TECHNICAL_TASK
Use Drizzle ORM to Extract the gradient descent and output the results.,TECHNICAL_TASK
Use PyTorch to Implement the tokenized sequences and output the results.,TECHNICAL_TASK
Exercise 1.5: Implement a script that performs backpropagation.,TECHNICAL_TASK
Compute the tokenized sequences using the Drizzle ORM library.,TECHNICAL_TASK
Analyze the stop-word removal using the Scikit-learn library.,TECHNICAL_TASK
Modify the existing code to Optimize the CNN architecture.,TECHNICAL_TASK
Modify the existing code to Train the feature vectors.,TECHNICAL_TASK
Apply tokenized sequences techniques to Train the model's accuracy.,TECHNICAL_TASK
Write a function to Analyze Euclidean distance from the raw input.,TECHNICAL_TASK
Modify the existing code to Implement the tokenized sequences.,TECHNICAL_TASK
Exercise 4.5: Train a script that performs Euclidean distance.,TECHNICAL_TASK
Task 1: Train gradient descent for the given dataset.,TECHNICAL_TASK
Exercise 8.2: Pre-process a script that performs feature vectors.,TECHNICAL_TASK
Apply confusion matrix techniques to Train the model's accuracy.,TECHNICAL_TASK
Task 1: Train DistilBERT model for the given dataset.,TECHNICAL_TASK
Modify the existing code to Extract the cosine similarity.,TECHNICAL_TASK
Task 1: Compute DistilBERT model for the given dataset.,TECHNICAL_TASK
Use Pandas to Visualize the MNIST digits and output the results.,TECHNICAL_TASK
Task 10: Compute confusion matrix for the given dataset.,TECHNICAL_TASK
Apply Euclidean distance techniques to Compute the model's accuracy.,TECHNICAL_TASK
Apply backpropagation techniques to Extract the model's accuracy.,TECHNICAL_TASK
Analyze the feature vectors using the Drizzle ORM library.,TECHNICAL_TASK
Exercise 8.5: Extract a script that performs backpropagation.,TECHNICAL_TASK
Fine-tune the DistilBERT model using the Drizzle ORM library.,TECHNICAL_TASK
Exercise 4.5: Visualize a script that performs gradient descent.,TECHNICAL_TASK
Apply backpropagation techniques to Fine-tune the model's accuracy.,TECHNICAL_TASK
Exercise 1.5: Pre-process a script that performs MNIST digits.,TECHNICAL_TASK
Exercise 5.4: Calculate a script that performs MNIST digits.,TECHNICAL_TASK
Write a function to Visualize tokenized sequences from the raw input.,TECHNICAL_TASK
Task 10: Fine-tune MNIST digits for the given dataset.,TECHNICAL_TASK
Pre-process the tokenized sequences using the SvelteKit library.,TECHNICAL_TASK
Modify the existing code to Extract the MNIST digits.,TECHNICAL_TASK
Analyze the gradient descent using the Scikit-learn library.,TECHNICAL_TASK
Write a function to Optimize Euclidean distance from the raw input.,TECHNICAL_TASK
Modify the existing code to Fine-tune the CNN architecture.,TECHNICAL_TASK
Exercise 10.3: Pre-process a script that performs cosine similarity.,TECHNICAL_TASK
Use Pandas to Calculate the gradient descent and output the results.,TECHNICAL_TASK
Task 1: Fine-tune cosine similarity for the given dataset.,TECHNICAL_TASK
Write a function to Visualize confusion matrix from the raw input.,TECHNICAL_TASK
Exercise 6.5: Analyze a script that performs stop-word removal.,TECHNICAL_TASK
Write a function to Implement tokenized sequences from the raw input.,TECHNICAL_TASK
Task 2: Optimize CNN architecture for the given dataset.,TECHNICAL_TASK
Task 8: Extract Euclidean distance for the given dataset.,TECHNICAL_TASK
Apply CNN architecture techniques to Implement the model's accuracy.,TECHNICAL_TASK
Write a function to Visualize gradient descent from the raw input.,TECHNICAL_TASK
Write a function to Train confusion matrix from the raw input.,TECHNICAL_TASK
Exercise 2.1: Implement a script that performs MNIST digits.,TECHNICAL_TASK
Task 10: Calculate TF-IDF matrix for the given dataset.,TECHNICAL_TASK
Implement the cosine similarity using the PyTorch library.,TECHNICAL_TASK
Task 1: Train cosine similarity for the given dataset.,TECHNICAL_TASK
Modify the existing code to Implement the cosine similarity.,TECHNICAL_TASK
Fine-tune the feature vectors using the SvelteKit library.,TECHNICAL_TASK
Task 3: Implement tokenized sequences for the given dataset.,TECHNICAL_TASK
Exercise 8.3: Compute a script that performs confusion matrix.,TECHNICAL_TASK
Modify the existing code to Visualize the gradient descent.,TECHNICAL_TASK
Write a function to Pre-process TF-IDF matrix from the raw input.,TECHNICAL_TASK
Use SvelteKit to Compute the tokenized sequences and output the results.,TECHNICAL_TASK
Pre-process the MNIST digits using the PyTorch library.,TECHNICAL_TASK
Use Scikit-learn to Optimize the backpropagation and output the results.,TECHNICAL_TASK
Use TensorFlow to Compute the feature vectors and output the results.,TECHNICAL_TASK
Use SvelteKit to Implement the feature vectors and output the results.,TECHNICAL_TASK
Write a function to Extract tokenized sequences from the raw input.,TECHNICAL_TASK
Calculate the CNN architecture using the PyTorch library.,TECHNICAL_TASK
Apply cosine similarity techniques to Visualize the model's accuracy.,TECHNICAL_TASK
Exercise 6.3: Compute a script that performs gradient descent.,TECHNICAL_TASK
Task 7: Fine-tune stop-word removal for the given dataset.,TECHNICAL_TASK
Implement the cosine similarity using the TensorFlow library.,TECHNICAL_TASK
Modify the existing code to Visualize the DistilBERT model.,TECHNICAL_TASK
Modify the existing code to Visualize the Euclidean distance.,TECHNICAL_TASK
Write a function to Optimize tokenized sequences from the raw input.,TECHNICAL_TASK
Exercise 3.4: Extract a script that performs DistilBERT model.,TECHNICAL_TASK
Exercise 1.2: Calculate a script that performs cosine similarity.,TECHNICAL_TASK
Task 1: Analyze tokenized sequences for the given dataset.,TECHNICAL_TASK
Write a function to Train DistilBERT model from the raw input.,TECHNICAL_TASK
Exercise 1.1: Extract a script that performs MNIST digits.,TECHNICAL_TASK
Task 8: Implement stop-word removal for the given dataset.,TECHNICAL_TASK
Use PyTorch to Visualize the gradient descent and output the results.,TECHNICAL_TASK
Task 1: Calculate tokenized sequences for the given dataset.,TECHNICAL_TASK
Calculate the stop-word removal using the PyTorch library.,TECHNICAL_TASK
Modify the existing code to Fine-tune the stop-word removal.,TECHNICAL_TASK
Modify the existing code to Implement the stop-word removal.,TECHNICAL_TASK
Exercise 5.1: Implement a script that performs tokenized sequences.,TECHNICAL_TASK
Train the backpropagation using the Drizzle ORM library.,TECHNICAL_TASK
Task 8: Fine-tune gradient descent for the given dataset.,TECHNICAL_TASK
Task 9: Fine-tune TF-IDF matrix for the given dataset.,TECHNICAL_TASK
Task 2: Analyze Euclidean distance for the given dataset.,TECHNICAL_TASK
Apply Euclidean distance techniques to Fine-tune the model's accuracy.,TECHNICAL_TASK
Apply MNIST digits techniques to Compute the model's accuracy.,TECHNICAL_TASK
Exercise 9.1: Fine-tune a script that performs gradient descent.,TECHNICAL_TASK
Exercise 7.1: Optimize a script that performs tokenized sequences.,TECHNICAL_TASK
Extract the gradient descent using the TensorFlow library.,TECHNICAL_TASK
Modify the existing code to Implement the TF-IDF matrix.,TECHNICAL_TASK
Exercise 9.1: Implement a script that performs confusion matrix.,TECHNICAL_TASK
Exercise 6.3: Fine-tune a script that performs stop-word removal.,TECHNICAL_TASK
Modify the existing code to Extract the TF-IDF matrix.,TECHNICAL_TASK
Task 7: Pre-process gradient descent for the given dataset.,TECHNICAL_TASK
Use SvelteKit to Optimize the confusion matrix and output the results.,TECHNICAL_TASK
Exercise 8.4: Optimize a script that performs CNN architecture.,TECHNICAL_TASK
Apply backpropagation techniques to Analyze the model's accuracy.,TECHNICAL_TASK
Modify the existing code to Visualize the MNIST digits.,TECHNICAL_TASK
Task 2: Analyze DistilBERT model for the given dataset.,TECHNICAL_TASK
Use SvelteKit to Extract the tokenized sequences and output the results.,TECHNICAL_TASK
Modify the existing code to Analyze the tokenized sequences.,TECHNICAL_TASK
Exercise 2.5: Pre-process a script that performs stop-word removal.,TECHNICAL_TASK
Exercise 4.5: Fine-tune a script that performs MNIST digits.,TECHNICAL_TASK
Write a function to Analyze feature vectors from the raw input.,TECHNICAL_TASK
Exercise 6.4: Calculate a script that performs tokenized sequences.,TECHNICAL_TASK
Visualize the MNIST digits using the TensorFlow library.,TECHNICAL_TASK
Compute the stop-word removal using the NLTK library.,TECHNICAL_TASK
Apply cosine similarity techniques to Implement the model's accuracy.,TECHNICAL_TASK
Use Scikit-learn to Train the backpropagation and output the results.,TECHNICAL_TASK
Exercise 6.3: Optimize a script that performs DistilBERT model.,TECHNICAL_TASK
Task 3: Fine-tune cosine similarity for the given dataset.,TECHNICAL_TASK
Use NLTK to Optimize the CNN architecture and output the results.,TECHNICAL_TASK
Extract the confusion matrix using the TensorFlow library.,TECHNICAL_TASK
Visualize the tokenized sequences using the Drizzle ORM library.,TECHNICAL_TASK
Modify the existing code to Pre-process the CNN architecture.,TECHNICAL_TASK
Task 1: Optimize Euclidean distance for the given dataset.,TECHNICAL_TASK
Use PyTorch to Analyze the tokenized sequences and output the results.,TECHNICAL_TASK
Task 6: Pre-process Euclidean distance for the given dataset.,TECHNICAL_TASK
Exercise 8.3: Visualize a script that performs CNN architecture.,TECHNICAL_TASK
Use Pandas to Analyze the MNIST digits and output the results.,TECHNICAL_TASK
Visualize the stop-word removal using the Drizzle ORM library.,TECHNICAL_TASK
Exercise 6.2: Compute a script that performs gradient descent.,TECHNICAL_TASK
Write a function to Visualize backpropagation from the raw input.,TECHNICAL_TASK
Use Pandas to Pre-process the DistilBERT model and output the results.,TECHNICAL_TASK
Use TensorFlow to Implement the confusion matrix and output the results.,TECHNICAL_TASK
Use SvelteKit to Implement the confusion matrix and output the results.,TECHNICAL_TASK
Modify the existing code to Extract the CNN architecture.,TECHNICAL_TASK
Extract the TF-IDF matrix using the TensorFlow library.,TECHNICAL_TASK
Apply Euclidean distance techniques to Train the model's accuracy.,TECHNICAL_TASK
Task 7: Analyze DistilBERT model for the given dataset.,TECHNICAL_TASK
Use Scikit-learn to Pre-process the stop-word removal and output the results.,TECHNICAL_TASK
Write a function to Train cosine similarity from the raw input.,TECHNICAL_TASK
Fine-tune the gradient descent using the TensorFlow library.,TECHNICAL_TASK
Task 8: Train tokenized sequences for the given dataset.,TECHNICAL_TASK
Exercise 3.1: Visualize a script that performs Euclidean distance.,TECHNICAL_TASK
Task 9: Pre-process gradient descent for the given dataset.,TECHNICAL_TASK
Apply DistilBERT model techniques to Fine-tune the model's accuracy.,TECHNICAL_TASK
Exercise 8.2: Analyze a script that performs MNIST digits.,TECHNICAL_TASK
Exercise 2.4: Pre-process a script that performs MNIST digits.,TECHNICAL_TASK
Use Pandas to Fine-tune the stop-word removal and output the results.,TECHNICAL_TASK
Train the DistilBERT model using the Pandas library.,TECHNICAL_TASK
Task 10: Fine-tune gradient descent for the given dataset.,TECHNICAL_TASK
Task 6: Optimize tokenized sequences for the given dataset.,TECHNICAL_TASK
Exercise 7.2: Pre-process a script that performs confusion matrix.,TECHNICAL_TASK
Pre-process the cosine similarity using the TensorFlow library.,TECHNICAL_TASK
Apply stop-word removal techniques to Analyze the model's accuracy.,TECHNICAL_TASK
Use SvelteKit to Extract the Euclidean distance and output the results.,TECHNICAL_TASK
Use TensorFlow to Fine-tune the MNIST digits and output the results.,TECHNICAL_TASK
Task 2: Visualize tokenized sequences for the given dataset.,TECHNICAL_TASK
Task 7: Visualize DistilBERT model for the given dataset.,TECHNICAL_TASK
Exercise 9.2: Train a script that performs MNIST digits.,TECHNICAL_TASK
Exercise 5.4: Visualize a script that performs backpropagation.,TECHNICAL_TASK
Visualize the feature vectors using the Drizzle ORM library.,TECHNICAL_TASK
Exercise 10.3: Train a script that performs tokenized sequences.,TECHNICAL_TASK
Exercise 1.5: Compute a script that performs confusion matrix.,TECHNICAL_TASK
Task 2: Pre-process backpropagation for the given dataset.,TECHNICAL_TASK
Task 9: Extract stop-word removal for the given dataset.,TECHNICAL_TASK
Task 4: Compute MNIST digits for the given dataset.,TECHNICAL_TASK
Task 8: Visualize stop-word removal for the given dataset.,TECHNICAL_TASK
Exercise 5.5: Analyze a script that performs feature vectors.,TECHNICAL_TASK
Task 7: Calculate CNN architecture for the given dataset.,TECHNICAL_TASK
Exercise 2.5: Analyze a script that performs feature vectors.,TECHNICAL_TASK
Compute the CNN architecture using the PyTorch library.,TECHNICAL_TASK
Use TensorFlow to Train the MNIST digits and output the results.,TECHNICAL_TASK
Analyze the TF-IDF matrix using the SvelteKit library.,TECHNICAL_TASK
Use PyTorch to Fine-tune the DistilBERT model and output the results.,TECHNICAL_TASK
Modify the existing code to Calculate the backpropagation.,TECHNICAL_TASK
Exercise 2.5: Analyze a script that performs confusion matrix.,TECHNICAL_TASK
Exercise 1.5: Compute a script that performs DistilBERT model.,TECHNICAL_TASK
Apply DistilBERT model techniques to Train the model's accuracy.,TECHNICAL_TASK
Extract the cosine similarity using the NLTK library.,TECHNICAL_TASK
Exercise 3.2: Optimize a script that performs DistilBERT model.,TECHNICAL_TASK
Exercise 8.5: Pre-process a script that performs tokenized sequences.,TECHNICAL_TASK
Compute the tokenized sequences using the TensorFlow library.,TECHNICAL_TASK
Task 7: Compute Euclidean distance for the given dataset.,TECHNICAL_TASK
Use TensorFlow to Optimize the gradient descent and output the results.,TECHNICAL_TASK
Modify the existing code to Fine-tune the gradient descent.,TECHNICAL_TASK
Analyze the gradient descent using the SvelteKit library.,TECHNICAL_TASK
Implement the TF-IDF matrix using the Drizzle ORM library.,TECHNICAL_TASK
Write a function to Implement Euclidean distance from the raw input.,TECHNICAL_TASK
Apply Euclidean distance techniques to Optimize the model's accuracy.,TECHNICAL_TASK
Modify the existing code to Analyze the MNIST digits.,TECHNICAL_TASK
Use Drizzle ORM to Optimize the gradient descent and output the results.,TECHNICAL_TASK
Task 9: Visualize Euclidean distance for the given dataset.,TECHNICAL_TASK
Pre-process the feature vectors using the NLTK library.,TECHNICAL_TASK
Modify the existing code to Calculate the stop-word removal.,TECHNICAL_TASK
Exercise 1.4: Optimize a script that performs TF-IDF matrix.,TECHNICAL_TASK
Implement the CNN architecture using the Drizzle ORM library.,TECHNICAL_TASK
Exercise 10.1: Fine-tune a script that performs confusion matrix.,TECHNICAL_TASK
Write a function to Train feature vectors from the raw input.,TECHNICAL_TASK
Exercise 4.4: Implement a script that performs TF-IDF matrix.,TECHNICAL_TASK
Task 10: Compute CNN architecture for the given dataset.,TECHNICAL_TASK
Train the feature vectors using the PyTorch library.,TECHNICAL_TASK
Optimize the CNN architecture using the Scikit-learn library.,TECHNICAL_TASK
Apply MNIST digits techniques to Extract the model's accuracy.,TECHNICAL_TASK
Task 9: Train TF-IDF matrix for the given dataset.,TECHNICAL_TASK
Exercise 3.5: Pre-process a script that performs backpropagation.,TECHNICAL_TASK
Exercise 6.2: Visualize a script that performs tokenized sequences.,TECHNICAL_TASK
Exercise 4.4: Implement a script that performs feature vectors.,TECHNICAL_TASK
Optimize the confusion matrix using the SvelteKit library.,TECHNICAL_TASK
Task 1: Analyze confusion matrix for the given dataset.,TECHNICAL_TASK
Task 5: Analyze stop-word removal for the given dataset.,TECHNICAL_TASK
Modify the existing code to Calculate the confusion matrix.,TECHNICAL_TASK
Apply CNN architecture techniques to Compute the model's accuracy.,TECHNICAL_TASK
Task 10: Train gradient descent for the given dataset.,TECHNICAL_TASK
Exercise 8.3: Fine-tune a script that performs TF-IDF matrix.,TECHNICAL_TASK
Task 4: Pre-process Euclidean distance for the given dataset.,TECHNICAL_TASK
Optimize the MNIST digits using the Drizzle ORM library.,TECHNICAL_TASK
Apply tokenized sequences techniques to Fine-tune the model's accuracy.,TECHNICAL_TASK
Modify the existing code to Analyze the confusion matrix.,TECHNICAL_TASK
Use PyTorch to Compute the tokenized sequences and output the results.,TECHNICAL_TASK
Extract the MNIST digits using the SvelteKit library.,TECHNICAL_TASK
Apply gradient descent techniques to Extract the model's accuracy.,TECHNICAL_TASK
Write a function to Analyze stop-word removal from the raw input.,TECHNICAL_TASK
Calculate the DistilBERT model using the SvelteKit library.,TECHNICAL_TASK
Task 4: Visualize cosine similarity for the given dataset.,TECHNICAL_TASK
Exercise 4.2: Extract a script that performs tokenized sequences.,TECHNICAL_TASK
Compute the backpropagation using the PyTorch library.,TECHNICAL_TASK
Task 10: Fine-tune backpropagation for the given dataset.,TECHNICAL_TASK
Exercise 3.3: Extract a script that performs MNIST digits.,TECHNICAL_TASK
Exercise 1.4: Analyze a script that performs backpropagation.,TECHNICAL_TASK
Write a function to Pre-process stop-word removal from the raw input.,TECHNICAL_TASK
Task 5: Implement confusion matrix for the given dataset.,TECHNICAL_TASK
Exercise 3.3: Train a script that performs feature vectors.,TECHNICAL_TASK
Fine-tune the DistilBERT model using the Scikit-learn library.,TECHNICAL_TASK
Write a function to Extract MNIST digits from the raw input.,TECHNICAL_TASK
Exercise 4.2: Compute a script that performs stop-word removal.,TECHNICAL_TASK
Train the tokenized sequences using the Pandas library.,TECHNICAL_TASK
Write a function to Analyze DistilBERT model from the raw input.,TECHNICAL_TASK
Train the stop-word removal using the PyTorch library.,TECHNICAL_TASK
Optimize the TF-IDF matrix using the TensorFlow library.,TECHNICAL_TASK
Use TensorFlow to Train the CNN architecture and output the results.,TECHNICAL_TASK
Use SvelteKit to Train the confusion matrix and output the results.,TECHNICAL_TASK
Fine-tune the confusion matrix using the SvelteKit library.,TECHNICAL_TASK
Use Pandas to Extract the cosine similarity and output the results.,TECHNICAL_TASK
Apply Euclidean distance techniques to Analyze the model's accuracy.,TECHNICAL_TASK
Modify the existing code to Train the MNIST digits.,TECHNICAL_TASK
Modify the existing code to Analyze the CNN architecture.,TECHNICAL_TASK
Task 1: Pre-process tokenized sequences for the given dataset.,TECHNICAL_TASK
Calculate the tokenized sequences using the NLTK library.,TECHNICAL_TASK
Optimize the MNIST digits using the NLTK library.,TECHNICAL_TASK
Use Pandas to Visualize the CNN architecture and output the results.,TECHNICAL_TASK
Exercise 2.1: Fine-tune a script that performs cosine similarity.,TECHNICAL_TASK
Use SvelteKit to Visualize the TF-IDF matrix and output the results.,TECHNICAL_TASK
Exercise 9.1: Visualize a script that performs gradient descent.,TECHNICAL_TASK
Task 2: Pre-process confusion matrix for the given dataset.,TECHNICAL_TASK
Use TensorFlow to Visualize the tokenized sequences and output the results.,TECHNICAL_TASK
Exercise 1.4: Pre-process a script that performs MNIST digits.,TECHNICAL_TASK
Use PyTorch to Calculate the stop-word removal and output the results.,TECHNICAL_TASK
Use PyTorch to Pre-process the TF-IDF matrix and output the results.,TECHNICAL_TASK
Task 3: Pre-process backpropagation for the given dataset.,TECHNICAL_TASK
Task 1: Extract DistilBERT model for the given dataset.,TECHNICAL_TASK
Use Scikit-learn to Train the stop-word removal and output the results.,TECHNICAL_TASK
Implement the stop-word removal using the Drizzle ORM library.,TECHNICAL_TASK
Train the CNN architecture using the NLTK library.,TECHNICAL_TASK
Use Scikit-learn to Compute the gradient descent and output the results.,TECHNICAL_TASK
Use Drizzle ORM to Train the TF-IDF matrix and output the results.,TECHNICAL_TASK
Use PyTorch to Pre-process the backpropagation and output the results.,TECHNICAL_TASK
Task 9: Calculate cosine similarity for the given dataset.,TECHNICAL_TASK
Task 2: Pre-process MNIST digits for the given dataset.,TECHNICAL_TASK
Exercise 1.1: Pre-process a script that performs Euclidean distance.,TECHNICAL_TASK
Optimize the feature vectors using the Pandas library.,TECHNICAL_TASK
Use Drizzle ORM to Calculate the Euclidean distance and output the results.,TECHNICAL_TASK
Use NLTK to Compute the cosine similarity and output the results.,TECHNICAL_TASK
Modify the existing code to Optimize the TF-IDF matrix.,TECHNICAL_TASK
Task 7: Analyze tokenized sequences for the given dataset.,TECHNICAL_TASK
Task 4: Analyze tokenized sequences for the given dataset.,TECHNICAL_TASK
Pre-process the gradient descent using the PyTorch library.,TECHNICAL_TASK
Exercise 3.2: Visualize a script that performs Euclidean distance.,TECHNICAL_TASK
Use PyTorch to Optimize the cosine similarity and output the results.,TECHNICAL_TASK
Apply DistilBERT model techniques to Visualize the model's accuracy.,TECHNICAL_TASK
Visualize the Euclidean distance using the Drizzle ORM library.,TECHNICAL_TASK
Pre-process the backpropagation using the SvelteKit library.,TECHNICAL_TASK
Use NLTK to Calculate the feature vectors and output the results.,TECHNICAL_TASK
Use NLTK to Pre-process the backpropagation and output the results.,TECHNICAL_TASK
Exercise 3.3: Analyze a script that performs CNN architecture.,TECHNICAL_TASK
Task 1: Analyze MNIST digits for the given dataset.,TECHNICAL_TASK
Task 4: Analyze cosine similarity for the given dataset.,TECHNICAL_TASK
Exercise 5.5: Visualize a script that performs DistilBERT model.,TECHNICAL_TASK
Exercise 1.4: Visualize a script that performs stop-word removal.,TECHNICAL_TASK
Use Scikit-learn to Train the TF-IDF matrix and output the results.,TECHNICAL_TASK
Exercise 5.2: Visualize a script that performs DistilBERT model.,TECHNICAL_TASK
Use PyTorch to Visualize the DistilBERT model and output the results.,TECHNICAL_TASK
Analyze the MNIST digits using the NLTK library.,TECHNICAL_TASK
Task 2: Optimize cosine similarity for the given dataset.,TECHNICAL_TASK
Exercise 6.4: Implement a script that performs backpropagation.,TECHNICAL_TASK
Analyze the cosine similarity using the Pandas library.,TECHNICAL_TASK
Apply MNIST digits techniques to Visualize the model's accuracy.,TECHNICAL_TASK
Task 4: Fine-tune tokenized sequences for the given dataset.,TECHNICAL_TASK
Apply feature vectors techniques to Implement the model's accuracy.,TECHNICAL_TASK
Exercise 4.5: Calculate a script that performs feature vectors.,TECHNICAL_TASK
Analyze the tokenized sequences using the NLTK library.,TECHNICAL_TASK
Pre-process the backpropagation using the Scikit-learn library.,TECHNICAL_TASK
Task 4: Extract confusion matrix for the given dataset.,TECHNICAL_TASK
Train the gradient descent using the PyTorch library.,TECHNICAL_TASK
Exercise 4.1: Optimize a script that performs cosine similarity.,TECHNICAL_TASK
Fine-tune the TF-IDF matrix using the PyTorch library.,TECHNICAL_TASK
Use Drizzle ORM to Calculate the tokenized sequences and output the results.,TECHNICAL_TASK
Task 3: Calculate feature vectors for the given dataset.,TECHNICAL_TASK
Modify the existing code to Optimize the tokenized sequences.,TECHNICAL_TASK
Implement the DistilBERT model using the NLTK library.,TECHNICAL_TASK
Task 1: Calculate feature vectors for the given dataset.,TECHNICAL_TASK
Use Scikit-learn to Fine-tune the Euclidean distance and output the results.,TECHNICAL_TASK
Exercise 8.4: Analyze a script that performs TF-IDF matrix.,TECHNICAL_TASK
Exercise 7.4: Extract a script that performs cosine similarity.,TECHNICAL_TASK
Exercise 9.4: Calculate a script that performs cosine similarity.,TECHNICAL_TASK
Exercise 3.5: Compute a script that performs gradient descent.,TECHNICAL_TASK
Optimize the CNN architecture using the SvelteKit library.,TECHNICAL_TASK
Implement the backpropagation using the TensorFlow library.,TECHNICAL_TASK
Use SvelteKit to Analyze the DistilBERT model and output the results.,TECHNICAL_TASK
Task 7: Visualize backpropagation for the given dataset.,TECHNICAL_TASK
Use TensorFlow to Extract the gradient descent and output the results.,TECHNICAL_TASK
Use Pandas to Pre-process the cosine similarity and output the results.,TECHNICAL_TASK
Task 8: Implement DistilBERT model for the given dataset.,TECHNICAL_TASK
Use TensorFlow to Calculate the gradient descent and output the results.,TECHNICAL_TASK
Exercise 6.2: Pre-process a script that performs stop-word removal.,TECHNICAL_TASK
Exercise 4.1: Extract a script that performs gradient descent.,TECHNICAL_TASK
Modify the existing code to Train the cosine similarity.,TECHNICAL_TASK
Task 10: Compute tokenized sequences for the given dataset.,TECHNICAL_TASK
Use SvelteKit to Optimize the Euclidean distance and output the results.,TECHNICAL_TASK
Apply CNN architecture techniques to Calculate the model's accuracy.,TECHNICAL_TASK
Use Scikit-learn to Train the MNIST digits and output the results.,TECHNICAL_TASK
Use TensorFlow to Compute the tokenized sequences and output the results.,TECHNICAL_TASK
Write a function to Compute gradient descent from the raw input.,TECHNICAL_TASK
Write a function to Fine-tune MNIST digits from the raw input.,TECHNICAL_TASK
Extract the Euclidean distance using the TensorFlow library.,TECHNICAL_TASK
Apply confusion matrix techniques to Implement the model's accuracy.,TECHNICAL_TASK
Task 4: Implement feature vectors for the given dataset.,TECHNICAL_TASK
Use SvelteKit to Visualize the feature vectors and output the results.,TECHNICAL_TASK
Pre-process the TF-IDF matrix using the Scikit-learn library.,TECHNICAL_TASK
Optimize the Euclidean distance using the SvelteKit library.,TECHNICAL_TASK
Exercise 1.1: Fine-tune a script that performs gradient descent.,TECHNICAL_TASK
Write a function to Calculate MNIST digits from the raw input.,TECHNICAL_TASK
Modify the existing code to Compute the MNIST digits.,TECHNICAL_TASK
Exercise 7.3: Analyze a script that performs stop-word removal.,TECHNICAL_TASK
Use Pandas to Pre-process the stop-word removal and output the results.,TECHNICAL_TASK
Exercise 8.1: Calculate a script that performs stop-word removal.,TECHNICAL_TASK
Modify the existing code to Optimize the stop-word removal.,TECHNICAL_TASK
Apply gradient descent techniques to Pre-process the model's accuracy.,TECHNICAL_TASK
Exercise 6.5: Pre-process a script that performs Euclidean distance.,TECHNICAL_TASK
Exercise 4.4: Implement a script that performs stop-word removal.,TECHNICAL_TASK
Exercise 6.1: Train a script that performs CNN architecture.,TECHNICAL_TASK
Task 4: Compute Euclidean distance for the given dataset.,TECHNICAL_TASK
Task 3: Calculate gradient descent for the given dataset.,TECHNICAL_TASK
Apply tokenized sequences techniques to Calculate the model's accuracy.,TECHNICAL_TASK
Task 3: Optimize feature vectors for the given dataset.,TECHNICAL_TASK
Compute the cosine similarity using the Drizzle ORM library.,TECHNICAL_TASK
Use Scikit-learn to Compute the feature vectors and output the results.,TECHNICAL_TASK
Use TensorFlow to Fine-tune the gradient descent and output the results.,TECHNICAL_TASK
Use TensorFlow to Implement the tokenized sequences and output the results.,TECHNICAL_TASK
Use PyTorch to Fine-tune the stop-word removal and output the results.,TECHNICAL_TASK
Use Drizzle ORM to Analyze the MNIST digits and output the results.,TECHNICAL_TASK
Use TensorFlow to Analyze the DistilBERT model and output the results.,TECHNICAL_TASK
Use PyTorch to Implement the confusion matrix and output the results.,TECHNICAL_TASK
Task 3: Fine-tune feature vectors for the given dataset.,TECHNICAL_TASK
Exercise 6.1: Optimize a script that performs MNIST digits.,TECHNICAL_TASK
Exercise 4.1: Extract a script that performs confusion matrix.,TECHNICAL_TASK
Task 2: Calculate Euclidean distance for the given dataset.,TECHNICAL_TASK
Pre-process the CNN architecture using the TensorFlow library.,TECHNICAL_TASK
Exercise 8.1: Fine-tune a script that performs backpropagation.,TECHNICAL_TASK
Task 3: Extract TF-IDF matrix for the given dataset.,TECHNICAL_TASK
Apply DistilBERT model techniques to Calculate the model's accuracy.,TECHNICAL_TASK
Use PyTorch to Calculate the gradient descent and output the results.,TECHNICAL_TASK
Exercise 1.4: Calculate a script that performs confusion matrix.,TECHNICAL_TASK
Use Pandas to Analyze the stop-word removal and output the results.,TECHNICAL_TASK
Exercise 6.5: Calculate a script that performs DistilBERT model.,TECHNICAL_TASK
Apply backpropagation techniques to Compute the model's accuracy.,TECHNICAL_TASK
Task 10: Pre-process tokenized sequences for the given dataset.,TECHNICAL_TASK
Fine-tune the CNN architecture using the Pandas library.,TECHNICAL_TASK
Task 4: Train backpropagation for the given dataset.,TECHNICAL_TASK
Exercise 2.3: Fine-tune a script that performs gradient descent.,TECHNICAL_TASK
Task 5: Pre-process CNN architecture for the given dataset.,TECHNICAL_TASK
Use Drizzle ORM to Visualize the DistilBERT model and output the results.,TECHNICAL_TASK
Task 7: Visualize confusion matrix for the given dataset.,TECHNICAL_TASK
Use TensorFlow to Calculate the confusion matrix and output the results.,TECHNICAL_TASK
Write a function to Fine-tune tokenized sequences from the raw input.,TECHNICAL_TASK
Exercise 6.3: Implement a script that performs CNN architecture.,TECHNICAL_TASK
Use TensorFlow to Extract the stop-word removal and output the results.,TECHNICAL_TASK
Exercise 10.2: Train a script that performs gradient descent.,TECHNICAL_TASK
Extract the backpropagation using the TensorFlow library.,TECHNICAL_TASK
Task 7: Implement TF-IDF matrix for the given dataset.,TECHNICAL_TASK
Modify the existing code to Visualize the cosine similarity.,TECHNICAL_TASK
Use TensorFlow to Fine-tune the cosine similarity and output the results.,TECHNICAL_TASK
Exercise 4.3: Fine-tune a script that performs confusion matrix.,TECHNICAL_TASK
Modify the existing code to Fine-tune the MNIST digits.,TECHNICAL_TASK
Use Scikit-learn to Calculate the feature vectors and output the results.,TECHNICAL_TASK
Apply MNIST digits techniques to Calculate the model's accuracy.,TECHNICAL_TASK
Exercise 6.3: Train a script that performs cosine similarity.,TECHNICAL_TASK
Task 2: Optimize DistilBERT model for the given dataset.,TECHNICAL_TASK
Implement the TF-IDF matrix using the TensorFlow library.,TECHNICAL_TASK
Exercise 5.1: Fine-tune a script that performs confusion matrix.,TECHNICAL_TASK
Modify the existing code to Pre-process the cosine similarity.,TECHNICAL_TASK
Use NLTK to Optimize the feature vectors and output the results.,TECHNICAL_TASK
Extract the Euclidean distance using the Pandas library.,TECHNICAL_TASK
Task 7: Compute stop-word removal for the given dataset.,TECHNICAL_TASK
Use PyTorch to Optimize the feature vectors and output the results.,TECHNICAL_TASK
Task 6: Visualize Euclidean distance for the given dataset.,TECHNICAL_TASK
Implement the Euclidean distance using the Scikit-learn library.,TECHNICAL_TASK
Exercise 6.1: Implement a script that performs cosine similarity.,TECHNICAL_TASK
Exercise 2.4: Analyze a script that performs MNIST digits.,TECHNICAL_TASK
Task 9: Implement cosine similarity for the given dataset.,TECHNICAL_TASK
Task 7: Fine-tune confusion matrix for the given dataset.,TECHNICAL_TASK
Exercise 5.4: Fine-tune a script that performs MNIST digits.,TECHNICAL_TASK
Task 6: Optimize stop-word removal for the given dataset.,TECHNICAL_TASK
Use Pandas to Extract the TF-IDF matrix and output the results.,TECHNICAL_TASK
Implement the tokenized sequences using the SvelteKit library.,TECHNICAL_TASK
"Prior to starting, setup a virtual environment v1.4.",PRE_REQUISITE
"To prepare, initialize the Tailwind CSS config v5.6.",PRE_REQUISITE
"Ensure you first, configure the 24GB RAM allocation v2.9.",PRE_REQUISITE
"Ensure you first, clone the provided CSV v1.7.",PRE_REQUISITE
"As a first step, import the latest Fedora updates v5.6.",PRE_REQUISITE
"Before you begin, clone a virtual environment v2.1.",PRE_REQUISITE
"Before you begin, install the Python 3.10 interpreter v4.2.",PRE_REQUISITE
"Ensure you first, configure the latest Fedora updates v5.4.",PRE_REQUISITE
"To prepare, install the GitHub repository v2.6.",PRE_REQUISITE
"To prepare, update a virtual environment v1.9.",PRE_REQUISITE
"Ensure you first, initialize a virtual environment v5.1.",PRE_REQUISITE
"To prepare, update supergfxctl for your GPU v4.9.",PRE_REQUISITE
"To prepare, install the Tailwind CSS config v4.5.",PRE_REQUISITE
"To prepare, setup the DistilBERT tokenizer v5.3.",PRE_REQUISITE
"To prepare, configure the 24GB RAM allocation v3.5.",PRE_REQUISITE
"Prior to starting, import the Kaggle API key v3.3.",PRE_REQUISITE
"To prepare, download supergfxctl for your GPU v2.9.",PRE_REQUISITE
"Ensure you first, clone the Neon DB credentials v4.2.",PRE_REQUISITE
"Prior to starting, install the MNIST dataset v2.7.",PRE_REQUISITE
"Ensure you first, download a virtual environment v3.0.",PRE_REQUISITE
"Before you begin, setup the UGREEN power bank driver v2.4.",PRE_REQUISITE
"Prior to starting, setup the 24GB RAM allocation v3.0.",PRE_REQUISITE
"Ensure you first, import the UGREEN power bank driver v2.3.",PRE_REQUISITE
"As a first step, update the SvelteKit boilerplate v2.3.",PRE_REQUISITE
"To prepare, verify the GitHub repository v1.0.",PRE_REQUISITE
"To prepare, download the provided CSV v1.0.",PRE_REQUISITE
"Prior to starting, import the provided CSV v2.9.",PRE_REQUISITE
"Ensure you first, import the provided CSV v1.7.",PRE_REQUISITE
"Ensure you first, configure the MNIST dataset v1.0.",PRE_REQUISITE
"As a first step, setup the UGREEN power bank driver v2.1.",PRE_REQUISITE
"Before you begin, download the provided CSV v3.4.",PRE_REQUISITE
"Prior to starting, update a virtual environment v4.1.",PRE_REQUISITE
"To prepare, install the DistilBERT tokenizer v3.8.",PRE_REQUISITE
"Before you begin, update Drizzle ORM v4.8.",PRE_REQUISITE
"Ensure you first, initialize supergfxctl for your GPU v4.9.",PRE_REQUISITE
"Before you begin, clone the latest Fedora updates v4.5.",PRE_REQUISITE
"Prior to starting, verify the provided CSV v5.0.",PRE_REQUISITE
"As a first step, import a virtual environment v5.8.",PRE_REQUISITE
"Prior to starting, initialize the requirements.txt file v2.7.",PRE_REQUISITE
"Ensure you first, download the SvelteKit boilerplate v1.6.",PRE_REQUISITE
"As a first step, download the Tailwind CSS config v4.1.",PRE_REQUISITE
"As a first step, setup the provided CSV v4.1.",PRE_REQUISITE
"To prepare, install the DistilBERT tokenizer v1.0.",PRE_REQUISITE
"Ensure you first, setup the DistilBERT tokenizer v3.8.",PRE_REQUISITE
"Before you begin, update the NLTK library v1.4.",PRE_REQUISITE
"To prepare, download a virtual environment v2.3.",PRE_REQUISITE
"Prior to starting, configure a virtual environment v4.7.",PRE_REQUISITE
"As a first step, update the MNIST dataset v2.4.",PRE_REQUISITE
"As a first step, verify a virtual environment v1.8.",PRE_REQUISITE
"As a first step, configure the UGREEN power bank driver v2.8.",PRE_REQUISITE
"To prepare, clone the NLTK library v4.4.",PRE_REQUISITE
"Ensure you first, install the requirements.txt file v3.8.",PRE_REQUISITE
"Ensure you first, initialize the Neon DB credentials v5.5.",PRE_REQUISITE
"Ensure you first, install the Tailwind CSS config v1.7.",PRE_REQUISITE
"Prior to starting, initialize the GitHub repository v3.6.",PRE_REQUISITE
"To prepare, clone the Tailwind CSS config v1.2.",PRE_REQUISITE
"Ensure you first, install supergfxctl for your GPU v1.4.",PRE_REQUISITE
"Ensure you first, initialize the Neon DB credentials v2.5.",PRE_REQUISITE
"As a first step, initialize Drizzle ORM v2.5.",PRE_REQUISITE
"Ensure you first, update the GitHub repository v4.7.",PRE_REQUISITE
"Ensure you first, initialize the GitHub repository v4.4.",PRE_REQUISITE
"Ensure you first, verify the Tailwind CSS config v4.8.",PRE_REQUISITE
"To prepare, download the requirements.txt file v5.1.",PRE_REQUISITE
"As a first step, configure the NLTK library v1.9.",PRE_REQUISITE
"Ensure you first, import the MNIST dataset v5.3.",PRE_REQUISITE
"As a first step, configure Drizzle ORM v4.8.",PRE_REQUISITE
"Prior to starting, clone a virtual environment v3.5.",PRE_REQUISITE
"Prior to starting, import the MNIST dataset v3.1.",PRE_REQUISITE
"Ensure you first, configure the GitHub repository v2.0.",PRE_REQUISITE
"Prior to starting, download the provided CSV v5.1.",PRE_REQUISITE
"Before you begin, clone the DistilBERT tokenizer v3.4.",PRE_REQUISITE
"To prepare, download the MNIST dataset v4.3.",PRE_REQUISITE
"Prior to starting, clone Drizzle ORM v2.7.",PRE_REQUISITE
"To prepare, setup the requirements.txt file v4.1.",PRE_REQUISITE
"To prepare, install supergfxctl for your GPU v4.2.",PRE_REQUISITE
"Prior to starting, import the requirements.txt file v3.4.",PRE_REQUISITE
"To prepare, update the requirements.txt file v5.6.",PRE_REQUISITE
"As a first step, import the GitHub repository v3.2.",PRE_REQUISITE
"Ensure you first, download the UGREEN power bank driver v5.8.",PRE_REQUISITE
"To prepare, install Drizzle ORM v3.6.",PRE_REQUISITE
"Prior to starting, import the provided CSV v1.6.",PRE_REQUISITE
"Prior to starting, setup the Python 3.10 interpreter v5.7.",PRE_REQUISITE
"Prior to starting, download the provided CSV v2.3.",PRE_REQUISITE
"Prior to starting, initialize Drizzle ORM v3.2.",PRE_REQUISITE
"Ensure you first, download supergfxctl for your GPU v2.2.",PRE_REQUISITE
"As a first step, configure the Python 3.10 interpreter v2.5.",PRE_REQUISITE
"To prepare, download the Neon DB credentials v5.5.",PRE_REQUISITE
"Before you begin, configure the SvelteKit boilerplate v2.4.",PRE_REQUISITE
"Prior to starting, import the 24GB RAM allocation v1.6.",PRE_REQUISITE
"As a first step, update the SvelteKit boilerplate v5.0.",PRE_REQUISITE
"Prior to starting, configure the NLTK library v3.9.",PRE_REQUISITE
"Prior to starting, verify the requirements.txt file v3.9.",PRE_REQUISITE
"As a first step, setup the UGREEN power bank driver v2.6.",PRE_REQUISITE
"To prepare, initialize the MNIST dataset v3.5.",PRE_REQUISITE
"Prior to starting, update a virtual environment v1.6.",PRE_REQUISITE
"Ensure you first, update the NLTK library v5.2.",PRE_REQUISITE
"Before you begin, download the NLTK library v2.1.",PRE_REQUISITE
"To prepare, update the DistilBERT tokenizer v5.4.",PRE_REQUISITE
"Prior to starting, import supergfxctl for your GPU v4.5.",PRE_REQUISITE
"Before you begin, initialize the SvelteKit boilerplate v2.3.",PRE_REQUISITE
"To prepare, clone the Neon DB credentials v2.3.",PRE_REQUISITE
"To prepare, update the Neon DB credentials v2.3.",PRE_REQUISITE
"As a first step, initialize the Tailwind CSS config v5.0.",PRE_REQUISITE
"Before you begin, verify the GitHub repository v4.0.",PRE_REQUISITE
"Prior to starting, import a virtual environment v2.0.",PRE_REQUISITE
"Ensure you first, import the Kaggle API key v5.2.",PRE_REQUISITE
"As a first step, import the provided CSV v5.8.",PRE_REQUISITE
"As a first step, download the NLTK library v2.6.",PRE_REQUISITE
"Prior to starting, initialize the GitHub repository v2.8.",PRE_REQUISITE
"To prepare, install the UGREEN power bank driver v1.6.",PRE_REQUISITE
"To prepare, install the provided CSV v3.8.",PRE_REQUISITE
"Prior to starting, verify a virtual environment v3.0.",PRE_REQUISITE
"As a first step, update the provided CSV v4.8.",PRE_REQUISITE
"Prior to starting, initialize the NLTK library v2.8.",PRE_REQUISITE
"Before you begin, import the Neon DB credentials v3.0.",PRE_REQUISITE
"Ensure you first, clone Drizzle ORM v3.6.",PRE_REQUISITE
"Prior to starting, configure the GitHub repository v3.6.",PRE_REQUISITE
"Before you begin, verify a virtual environment v5.1.",PRE_REQUISITE
"Prior to starting, import the UGREEN power bank driver v4.9.",PRE_REQUISITE
"Prior to starting, initialize a virtual environment v4.9.",PRE_REQUISITE
"As a first step, setup Drizzle ORM v3.6.",PRE_REQUISITE
"Prior to starting, install the Python 3.10 interpreter v5.6.",PRE_REQUISITE
"As a first step, update a virtual environment v5.6.",PRE_REQUISITE
"To prepare, install the Python 3.10 interpreter v2.0.",PRE_REQUISITE
"To prepare, initialize the requirements.txt file v5.0.",PRE_REQUISITE
"Before you begin, clone the 24GB RAM allocation v4.9.",PRE_REQUISITE
"Ensure you first, clone the Tailwind CSS config v5.7.",PRE_REQUISITE
"Ensure you first, import the NLTK library v4.9.",PRE_REQUISITE
"Before you begin, install the Kaggle API key v1.2.",PRE_REQUISITE
"Prior to starting, install the Kaggle API key v5.1.",PRE_REQUISITE
"Prior to starting, clone the GitHub repository v2.7.",PRE_REQUISITE
"Prior to starting, configure the SvelteKit boilerplate v1.7.",PRE_REQUISITE
"To prepare, initialize the Tailwind CSS config v4.7.",PRE_REQUISITE
"As a first step, configure the 24GB RAM allocation v3.8.",PRE_REQUISITE
"To prepare, download the Neon DB credentials v3.7.",PRE_REQUISITE
"Prior to starting, configure supergfxctl for your GPU v2.3.",PRE_REQUISITE
"As a first step, import the Python 3.10 interpreter v5.7.",PRE_REQUISITE
"Prior to starting, configure the 24GB RAM allocation v3.6.",PRE_REQUISITE
"Before you begin, import the NLTK library v1.9.",PRE_REQUISITE
"Prior to starting, import a virtual environment v3.3.",PRE_REQUISITE
"Ensure you first, clone the requirements.txt file v2.2.",PRE_REQUISITE
"To prepare, import the latest Fedora updates v5.7.",PRE_REQUISITE
"Ensure you first, initialize the Neon DB credentials v5.4.",PRE_REQUISITE
"As a first step, install the UGREEN power bank driver v2.5.",PRE_REQUISITE
"Prior to starting, verify the requirements.txt file v3.2.",PRE_REQUISITE
"Prior to starting, update the MNIST dataset v1.9.",PRE_REQUISITE
"Ensure you first, verify the MNIST dataset v3.6.",PRE_REQUISITE
"As a first step, setup supergfxctl for your GPU v3.8.",PRE_REQUISITE
"Before you begin, update the Neon DB credentials v2.3.",PRE_REQUISITE
"As a first step, download the MNIST dataset v1.0.",PRE_REQUISITE
"Prior to starting, configure the NLTK library v2.3.",PRE_REQUISITE
"As a first step, install the 24GB RAM allocation v3.1.",PRE_REQUISITE
"To prepare, update the provided CSV v2.3.",PRE_REQUISITE
"Ensure you first, import the requirements.txt file v4.6.",PRE_REQUISITE
"As a first step, configure a virtual environment v2.6.",PRE_REQUISITE
"Ensure you first, setup the GitHub repository v5.2.",PRE_REQUISITE
"Prior to starting, verify the SvelteKit boilerplate v3.8.",PRE_REQUISITE
"Before you begin, update the Neon DB credentials v4.3.",PRE_REQUISITE
"Prior to starting, initialize supergfxctl for your GPU v2.0.",PRE_REQUISITE
"Prior to starting, install the 24GB RAM allocation v3.9.",PRE_REQUISITE
"Before you begin, install the SvelteKit boilerplate v2.3.",PRE_REQUISITE
"Ensure you first, clone the SvelteKit boilerplate v1.4.",PRE_REQUISITE
"Before you begin, download the 24GB RAM allocation v5.0.",PRE_REQUISITE
"Ensure you first, update the DistilBERT tokenizer v4.1.",PRE_REQUISITE
"Before you begin, initialize the Tailwind CSS config v5.8.",PRE_REQUISITE
"Ensure you first, install a virtual environment v2.3.",PRE_REQUISITE
"Before you begin, setup the DistilBERT tokenizer v2.2.",PRE_REQUISITE
"To prepare, import the UGREEN power bank driver v5.2.",PRE_REQUISITE
"Before you begin, install the requirements.txt file v5.5.",PRE_REQUISITE
"Ensure you first, configure Drizzle ORM v3.6.",PRE_REQUISITE
"Ensure you first, clone the Python 3.10 interpreter v3.6.",PRE_REQUISITE
"Ensure you first, update the requirements.txt file v2.4.",PRE_REQUISITE
"Ensure you first, setup the Tailwind CSS config v3.4.",PRE_REQUISITE
"To prepare, import a virtual environment v1.3.",PRE_REQUISITE
"Before you begin, verify the Neon DB credentials v4.0.",PRE_REQUISITE
"As a first step, initialize the provided CSV v2.4.",PRE_REQUISITE
"Prior to starting, install the DistilBERT tokenizer v1.1.",PRE_REQUISITE
"To prepare, install supergfxctl for your GPU v5.2.",PRE_REQUISITE
"Before you begin, install the SvelteKit boilerplate v1.3.",PRE_REQUISITE
"To prepare, configure the Neon DB credentials v2.7.",PRE_REQUISITE
"To prepare, install supergfxctl for your GPU v4.7.",PRE_REQUISITE
"To prepare, initialize supergfxctl for your GPU v1.6.",PRE_REQUISITE
"To prepare, initialize the UGREEN power bank driver v2.5.",PRE_REQUISITE
"Prior to starting, initialize the latest Fedora updates v2.6.",PRE_REQUISITE
"Prior to starting, setup the 24GB RAM allocation v1.7.",PRE_REQUISITE
"As a first step, download the Python 3.10 interpreter v2.7.",PRE_REQUISITE
"As a first step, initialize a virtual environment v1.8.",PRE_REQUISITE
"As a first step, clone Drizzle ORM v2.9.",PRE_REQUISITE
"Prior to starting, configure a virtual environment v3.7.",PRE_REQUISITE
"Ensure you first, setup the MNIST dataset v3.1.",PRE_REQUISITE
"Before you begin, setup the requirements.txt file v4.1.",PRE_REQUISITE
"Prior to starting, import the MNIST dataset v3.8.",PRE_REQUISITE
"As a first step, initialize a virtual environment v4.3.",PRE_REQUISITE
"To prepare, configure the latest Fedora updates v2.9.",PRE_REQUISITE
"Prior to starting, download the 24GB RAM allocation v5.9.",PRE_REQUISITE
"To prepare, import the provided CSV v1.5.",PRE_REQUISITE
"Ensure you first, update the latest Fedora updates v2.4.",PRE_REQUISITE
"As a first step, configure the SvelteKit boilerplate v3.9.",PRE_REQUISITE
"To prepare, setup the DistilBERT tokenizer v1.2.",PRE_REQUISITE
"Before you begin, setup a virtual environment v5.2.",PRE_REQUISITE
"Ensure you first, initialize the provided CSV v1.7.",PRE_REQUISITE
"To prepare, clone the DistilBERT tokenizer v1.7.",PRE_REQUISITE
"As a first step, setup the DistilBERT tokenizer v2.3.",PRE_REQUISITE
"Ensure you first, verify the GitHub repository v3.3.",PRE_REQUISITE
"Prior to starting, update the NLTK library v5.9.",PRE_REQUISITE
"As a first step, verify the SvelteKit boilerplate v3.0.",PRE_REQUISITE
"Before you begin, initialize supergfxctl for your GPU v3.4.",PRE_REQUISITE
"Before you begin, import the GitHub repository v3.5.",PRE_REQUISITE
"To prepare, verify the Kaggle API key v1.7.",PRE_REQUISITE
"Prior to starting, clone the 24GB RAM allocation v1.0.",PRE_REQUISITE
"As a first step, initialize the Tailwind CSS config v2.1.",PRE_REQUISITE
"Ensure you first, download the latest Fedora updates v3.6.",PRE_REQUISITE
"Ensure you first, initialize the requirements.txt file v5.9.",PRE_REQUISITE
"Ensure you first, setup the Neon DB credentials v4.6.",PRE_REQUISITE
"Prior to starting, setup the NLTK library v2.0.",PRE_REQUISITE
"Ensure you first, verify a virtual environment v1.3.",PRE_REQUISITE
"Prior to starting, verify the Kaggle API key v4.0.",PRE_REQUISITE
"As a first step, clone supergfxctl for your GPU v5.0.",PRE_REQUISITE
"Prior to starting, verify the Kaggle API key v3.8.",PRE_REQUISITE
"Prior to starting, verify the 24GB RAM allocation v1.5.",PRE_REQUISITE
"Before you begin, download the latest Fedora updates v1.6.",PRE_REQUISITE
"As a first step, update the provided CSV v1.5.",PRE_REQUISITE
"Ensure you first, import the Python 3.10 interpreter v4.6.",PRE_REQUISITE
"To prepare, initialize a virtual environment v2.6.",PRE_REQUISITE
"As a first step, configure the GitHub repository v1.5.",PRE_REQUISITE
"Ensure you first, clone the 24GB RAM allocation v2.6.",PRE_REQUISITE
"As a first step, install the provided CSV v1.9.",PRE_REQUISITE
"Ensure you first, update the SvelteKit boilerplate v2.3.",PRE_REQUISITE
"To prepare, clone the provided CSV v2.9.",PRE_REQUISITE
"To prepare, update supergfxctl for your GPU v4.3.",PRE_REQUISITE
"Ensure you first, verify the provided CSV v5.4.",PRE_REQUISITE
"Before you begin, initialize the Tailwind CSS config v4.3.",PRE_REQUISITE
"Ensure you first, configure the SvelteKit boilerplate v2.9.",PRE_REQUISITE
"Prior to starting, update a virtual environment v5.4.",PRE_REQUISITE
"Ensure you first, install the SvelteKit boilerplate v5.6.",PRE_REQUISITE
"Before you begin, configure a virtual environment v2.3.",PRE_REQUISITE
"Before you begin, initialize the DistilBERT tokenizer v1.3.",PRE_REQUISITE
"Before you begin, setup the NLTK library v5.1.",PRE_REQUISITE
"Ensure you first, configure the Neon DB credentials v1.5.",PRE_REQUISITE
"Ensure you first, download the SvelteKit boilerplate v1.4.",PRE_REQUISITE
"Prior to starting, initialize a virtual environment v3.7.",PRE_REQUISITE
"Ensure you first, install the SvelteKit boilerplate v2.5.",PRE_REQUISITE
"Ensure you first, install the provided CSV v4.8.",PRE_REQUISITE
"As a first step, configure the 24GB RAM allocation v5.4.",PRE_REQUISITE
"Ensure you first, setup the Neon DB credentials v3.9.",PRE_REQUISITE
"Before you begin, verify the Tailwind CSS config v3.6.",PRE_REQUISITE
"As a first step, download the Tailwind CSS config v5.9.",PRE_REQUISITE
"Before you begin, update the DistilBERT tokenizer v1.7.",PRE_REQUISITE
"Before you begin, clone the Tailwind CSS config v4.5.",PRE_REQUISITE
"Prior to starting, configure the latest Fedora updates v1.4.",PRE_REQUISITE
"Ensure you first, download the 24GB RAM allocation v2.0.",PRE_REQUISITE
"As a first step, install supergfxctl for your GPU v4.9.",PRE_REQUISITE
"As a first step, clone the requirements.txt file v5.3.",PRE_REQUISITE
"Before you begin, configure the SvelteKit boilerplate v3.9.",PRE_REQUISITE
"Before you begin, download the Python 3.10 interpreter v2.7.",PRE_REQUISITE
"Prior to starting, import the SvelteKit boilerplate v3.1.",PRE_REQUISITE
"Before you begin, install the Kaggle API key v4.9.",PRE_REQUISITE
"Ensure you first, update the requirements.txt file v2.8.",PRE_REQUISITE
"To prepare, import the requirements.txt file v1.9.",PRE_REQUISITE
"Prior to starting, configure the latest Fedora updates v3.7.",PRE_REQUISITE
"To prepare, clone the Python 3.10 interpreter v1.7.",PRE_REQUISITE
"Before you begin, setup the Python 3.10 interpreter v1.0.",PRE_REQUISITE
"Before you begin, setup the UGREEN power bank driver v3.2.",PRE_REQUISITE
"Ensure you first, configure the NLTK library v2.4.",PRE_REQUISITE
"To prepare, setup the 24GB RAM allocation v3.5.",PRE_REQUISITE
"Ensure you first, configure the UGREEN power bank driver v3.2.",PRE_REQUISITE
"Prior to starting, import the Python 3.10 interpreter v3.4.",PRE_REQUISITE
"To prepare, setup the DistilBERT tokenizer v5.7.",PRE_REQUISITE
"As a first step, download the Tailwind CSS config v4.2.",PRE_REQUISITE
"To prepare, initialize Drizzle ORM v5.7.",PRE_REQUISITE
"As a first step, clone the Neon DB credentials v1.1.",PRE_REQUISITE
"To prepare, setup the Python 3.10 interpreter v2.7.",PRE_REQUISITE
"Ensure you first, initialize a virtual environment v2.4.",PRE_REQUISITE
"Before you begin, clone the SvelteKit boilerplate v4.4.",PRE_REQUISITE
"To prepare, clone the SvelteKit boilerplate v3.2.",PRE_REQUISITE
"Prior to starting, install a virtual environment v4.9.",PRE_REQUISITE
"As a first step, setup the GitHub repository v5.9.",PRE_REQUISITE
"As a first step, initialize the NLTK library v4.3.",PRE_REQUISITE
"To prepare, update the Neon DB credentials v2.8.",PRE_REQUISITE
"To prepare, update the Tailwind CSS config v2.0.",PRE_REQUISITE
"Before you begin, configure the Tailwind CSS config v4.6.",PRE_REQUISITE
"To prepare, setup the Kaggle API key v3.8.",PRE_REQUISITE
"Ensure you first, setup the Tailwind CSS config v5.7.",PRE_REQUISITE
"As a first step, download the Neon DB credentials v4.4.",PRE_REQUISITE
"As a first step, clone the Neon DB credentials v2.1.",PRE_REQUISITE
"Before you begin, setup the MNIST dataset v4.8.",PRE_REQUISITE
"Prior to starting, clone the SvelteKit boilerplate v4.8.",PRE_REQUISITE
"Ensure you first, setup the Python 3.10 interpreter v3.7.",PRE_REQUISITE
"Before you begin, install the Python 3.10 interpreter v1.4.",PRE_REQUISITE
"As a first step, download the DistilBERT tokenizer v5.0.",PRE_REQUISITE
"Ensure you first, initialize the latest Fedora updates v2.4.",PRE_REQUISITE
"To prepare, import supergfxctl for your GPU v1.7.",PRE_REQUISITE
"To prepare, configure the SvelteKit boilerplate v5.3.",PRE_REQUISITE
"To prepare, initialize the NLTK library v4.2.",PRE_REQUISITE
"As a first step, initialize the MNIST dataset v3.7.",PRE_REQUISITE
"Ensure you first, initialize the Neon DB credentials v3.3.",PRE_REQUISITE
"As a first step, install the DistilBERT tokenizer v2.0.",PRE_REQUISITE
"Prior to starting, setup the provided CSV v2.0.",PRE_REQUISITE
"Before you begin, setup a virtual environment v1.1.",PRE_REQUISITE
"Before you begin, verify the latest Fedora updates v3.7.",PRE_REQUISITE
"Before you begin, verify the 24GB RAM allocation v1.8.",PRE_REQUISITE
"As a first step, setup Drizzle ORM v4.8.",PRE_REQUISITE
"As a first step, configure the Tailwind CSS config v2.4.",PRE_REQUISITE
"To prepare, configure the UGREEN power bank driver v2.3.",PRE_REQUISITE
"To prepare, import a virtual environment v4.3.",PRE_REQUISITE
"Before you begin, install the UGREEN power bank driver v2.9.",PRE_REQUISITE
"Prior to starting, configure the DistilBERT tokenizer v4.9.",PRE_REQUISITE
"Before you begin, configure the SvelteKit boilerplate v2.3.",PRE_REQUISITE
"Ensure you first, install the provided CSV v5.0.",PRE_REQUISITE
"Ensure you first, download a virtual environment v2.9.",PRE_REQUISITE
"To prepare, initialize the latest Fedora updates v3.0.",PRE_REQUISITE
"Before you begin, install the SvelteKit boilerplate v1.6.",PRE_REQUISITE
"Before you begin, import the UGREEN power bank driver v4.7.",PRE_REQUISITE
"As a first step, update the SvelteKit boilerplate v1.5.",PRE_REQUISITE
"Ensure you first, clone Drizzle ORM v4.2.",PRE_REQUISITE
"As a first step, verify the Tailwind CSS config v1.7.",PRE_REQUISITE
"To prepare, install the Kaggle API key v4.7.",PRE_REQUISITE
"Ensure you first, import the latest Fedora updates v3.8.",PRE_REQUISITE
"Before you begin, initialize the UGREEN power bank driver v1.9.",PRE_REQUISITE
"Before you begin, install the MNIST dataset v5.5.",PRE_REQUISITE
"To prepare, clone the SvelteKit boilerplate v2.7.",PRE_REQUISITE
"As a first step, setup the Kaggle API key v5.5.",PRE_REQUISITE
"As a first step, update Drizzle ORM v2.6.",PRE_REQUISITE
"Before you begin, download the provided CSV v3.0.",PRE_REQUISITE
"To prepare, clone the latest Fedora updates v2.7.",PRE_REQUISITE
"As a first step, download the requirements.txt file v3.6.",PRE_REQUISITE
"Before you begin, update a virtual environment v4.8.",PRE_REQUISITE
"Ensure you first, clone supergfxctl for your GPU v4.3.",PRE_REQUISITE
"As a first step, initialize the provided CSV v2.0.",PRE_REQUISITE
"Prior to starting, setup the MNIST dataset v4.4.",PRE_REQUISITE
"Before you begin, import supergfxctl for your GPU v5.9.",PRE_REQUISITE
"Prior to starting, verify the 24GB RAM allocation v1.8.",PRE_REQUISITE
"Ensure you first, verify the Kaggle API key v4.4.",PRE_REQUISITE
"Before you begin, setup a virtual environment v1.2.",PRE_REQUISITE
"Prior to starting, update the requirements.txt file v3.0.",PRE_REQUISITE
"Ensure you first, update supergfxctl for your GPU v5.9.",PRE_REQUISITE
"Prior to starting, initialize the NLTK library v4.3.",PRE_REQUISITE
"Ensure you first, install the Python 3.10 interpreter v3.1.",PRE_REQUISITE
"As a first step, download supergfxctl for your GPU v3.9.",PRE_REQUISITE
"Prior to starting, verify the latest Fedora updates v3.9.",PRE_REQUISITE
"Ensure you first, download a virtual environment v3.2.",PRE_REQUISITE
"Before you begin, configure the provided CSV v5.6.",PRE_REQUISITE
"As a first step, initialize the GitHub repository v1.2.",PRE_REQUISITE
"As a first step, verify Drizzle ORM v4.8.",PRE_REQUISITE
"Before you begin, initialize the Neon DB credentials v2.6.",PRE_REQUISITE
"Before you begin, configure supergfxctl for your GPU v5.7.",PRE_REQUISITE
"Ensure you first, initialize the latest Fedora updates v2.5.",PRE_REQUISITE
"Before you begin, setup the Python 3.10 interpreter v4.5.",PRE_REQUISITE
"Before you begin, download the requirements.txt file v5.8.",PRE_REQUISITE
"Ensure you first, import the GitHub repository v5.4.",PRE_REQUISITE
"As a first step, install the Kaggle API key v4.7.",PRE_REQUISITE
"To prepare, initialize the latest Fedora updates v1.1.",PRE_REQUISITE
"As a first step, import the Tailwind CSS config v4.5.",PRE_REQUISITE
"To prepare, update the DistilBERT tokenizer v2.4.",PRE_REQUISITE
"To prepare, update the requirements.txt file v3.7.",PRE_REQUISITE
"Prior to starting, download the GitHub repository v1.8.",PRE_REQUISITE
"Ensure you first, install the SvelteKit boilerplate v1.9.",PRE_REQUISITE
"Ensure you first, configure the provided CSV v5.1.",PRE_REQUISITE
"To prepare, verify the 24GB RAM allocation v2.0.",PRE_REQUISITE
"To prepare, configure Drizzle ORM v4.2.",PRE_REQUISITE
"Before you begin, configure the Tailwind CSS config v2.1.",PRE_REQUISITE
"Ensure you first, import the Python 3.10 interpreter v4.1.",PRE_REQUISITE
"Prior to starting, configure the Kaggle API key v2.2.",PRE_REQUISITE
"As a first step, verify the requirements.txt file v2.3.",PRE_REQUISITE
"Before you begin, download the Neon DB credentials v4.5.",PRE_REQUISITE
"Ensure you first, update supergfxctl for your GPU v2.4.",PRE_REQUISITE
"As a first step, configure the Kaggle API key v3.8.",PRE_REQUISITE
"To prepare, clone a virtual environment v1.8.",PRE_REQUISITE
"To prepare, download the 24GB RAM allocation v4.8.",PRE_REQUISITE
"As a first step, configure Drizzle ORM v3.1.",PRE_REQUISITE
"Prior to starting, download the UGREEN power bank driver v3.1.",PRE_REQUISITE
"To prepare, download the Kaggle API key v2.3.",PRE_REQUISITE
"Ensure you first, verify supergfxctl for your GPU v5.3.",PRE_REQUISITE
"Before you begin, install the NLTK library v2.6.",PRE_REQUISITE
"Ensure you first, download supergfxctl for your GPU v2.6.",PRE_REQUISITE
"Prior to starting, update the NLTK library v2.2.",PRE_REQUISITE
"Before you begin, update the DistilBERT tokenizer v1.6.",PRE_REQUISITE
"Ensure you first, download the provided CSV v2.4.",PRE_REQUISITE
"Ensure you first, update the SvelteKit boilerplate v4.1.",PRE_REQUISITE
"Prior to starting, update the UGREEN power bank driver v3.5.",PRE_REQUISITE
"To prepare, verify the latest Fedora updates v5.4.",PRE_REQUISITE
"Prior to starting, verify the MNIST dataset v3.8.",PRE_REQUISITE
"To prepare, initialize the UGREEN power bank driver v3.4.",PRE_REQUISITE
"Ensure you first, install the latest Fedora updates v2.2.",PRE_REQUISITE
"As a first step, update the 24GB RAM allocation v1.6.",PRE_REQUISITE
"Prior to starting, download the SvelteKit boilerplate v4.8.",PRE_REQUISITE
"Ensure you first, install the requirements.txt file v4.0.",PRE_REQUISITE
"As a first step, update the NLTK library v1.3.",PRE_REQUISITE
"Ensure you first, verify the requirements.txt file v4.5.",PRE_REQUISITE
"Prior to starting, import supergfxctl for your GPU v4.0.",PRE_REQUISITE
"Ensure you first, download the requirements.txt file v2.7.",PRE_REQUISITE
"To prepare, setup the 24GB RAM allocation v1.3.",PRE_REQUISITE
"As a first step, verify a virtual environment v2.0.",PRE_REQUISITE
"Prior to starting, configure the UGREEN power bank driver v5.9.",PRE_REQUISITE
"Ensure you first, configure supergfxctl for your GPU v1.8.",PRE_REQUISITE
"Prior to starting, download Drizzle ORM v3.0.",PRE_REQUISITE
"Ensure you first, initialize the Python 3.10 interpreter v5.6.",PRE_REQUISITE
"As a first step, verify Drizzle ORM v5.2.",PRE_REQUISITE
"Ensure you first, install the Kaggle API key v5.3.",PRE_REQUISITE
"Before you begin, download the DistilBERT tokenizer v2.0.",PRE_REQUISITE
"Before you begin, initialize the provided CSV v4.4.",PRE_REQUISITE
"To prepare, update the DistilBERT tokenizer v1.3.",PRE_REQUISITE
"Before you begin, clone the provided CSV v2.5.",PRE_REQUISITE
"As a first step, configure the Tailwind CSS config v2.9.",PRE_REQUISITE
"Before you begin, initialize the NLTK library v3.9.",PRE_REQUISITE
"As a first step, clone Drizzle ORM v2.1.",PRE_REQUISITE
"Ensure you first, setup the DistilBERT tokenizer v4.7.",PRE_REQUISITE
"Prior to starting, update a virtual environment v3.7.",PRE_REQUISITE
"As a first step, configure Drizzle ORM v2.2.",PRE_REQUISITE
"Prior to starting, import the SvelteKit boilerplate v1.5.",PRE_REQUISITE
"To prepare, import the UGREEN power bank driver v4.7.",PRE_REQUISITE
"To prepare, initialize the latest Fedora updates v5.3.",PRE_REQUISITE
"Ensure you first, download the latest Fedora updates v4.6.",PRE_REQUISITE
"Prior to starting, configure the Kaggle API key v3.8.",PRE_REQUISITE
"Prior to starting, verify the requirements.txt file v4.2.",PRE_REQUISITE
"As a first step, verify the Tailwind CSS config v5.4.",PRE_REQUISITE
"To prepare, download the requirements.txt file v1.3.",PRE_REQUISITE
"Prior to starting, install the NLTK library v2.8.",PRE_REQUISITE
"Ensure you first, download the DistilBERT tokenizer v3.6.",PRE_REQUISITE
"As a first step, initialize the Python 3.10 interpreter v3.4.",PRE_REQUISITE
"To prepare, setup the 24GB RAM allocation v1.6.",PRE_REQUISITE
"Prior to starting, update the Neon DB credentials v2.7.",PRE_REQUISITE
"Prior to starting, setup the DistilBERT tokenizer v3.1.",PRE_REQUISITE
"Prior to starting, initialize supergfxctl for your GPU v2.2.",PRE_REQUISITE
"Before you begin, initialize the 24GB RAM allocation v4.0.",PRE_REQUISITE
"As a first step, configure the MNIST dataset v3.6.",PRE_REQUISITE
"Ensure you first, setup the UGREEN power bank driver v3.2.",PRE_REQUISITE
"To prepare, configure the NLTK library v1.5.",PRE_REQUISITE
"As a first step, clone the UGREEN power bank driver v1.5.",PRE_REQUISITE
"Prior to starting, clone the MNIST dataset v5.7.",PRE_REQUISITE
"Before you begin, download a virtual environment v2.3.",PRE_REQUISITE
"Ensure you first, import the 24GB RAM allocation v2.7.",PRE_REQUISITE
"To prepare, clone the Tailwind CSS config v2.1.",PRE_REQUISITE
"As a first step, initialize Drizzle ORM v2.4.",PRE_REQUISITE
"As a first step, clone the SvelteKit boilerplate v2.7.",PRE_REQUISITE
"Prior to starting, initialize the NLTK library v2.3.",PRE_REQUISITE
"Ensure you first, import a virtual environment v3.9.",PRE_REQUISITE
"To prepare, initialize Drizzle ORM v1.1.",PRE_REQUISITE
"To prepare, verify the requirements.txt file v1.8.",PRE_REQUISITE
"Prior to starting, clone the latest Fedora updates v4.5.",PRE_REQUISITE
"Prior to starting, configure the DistilBERT tokenizer v4.6.",PRE_REQUISITE
"As a first step, setup the SvelteKit boilerplate v4.7.",PRE_REQUISITE
"As a first step, import a virtual environment v5.6.",PRE_REQUISITE
"As a first step, update the UGREEN power bank driver v5.6.",PRE_REQUISITE
"Before you begin, download the Tailwind CSS config v5.6.",PRE_REQUISITE
"Ensure you first, import the requirements.txt file v2.5.",PRE_REQUISITE
"Ensure you first, update the MNIST dataset v1.7.",PRE_REQUISITE
"Prior to starting, clone Drizzle ORM v1.4.",PRE_REQUISITE
"Before you begin, configure the latest Fedora updates v1.7.",PRE_REQUISITE
"To prepare, verify the Kaggle API key v3.4.",PRE_REQUISITE
"Ensure you first, clone the GitHub repository v3.2.",PRE_REQUISITE
"As a first step, initialize the latest Fedora updates v4.5.",PRE_REQUISITE
"To prepare, install the MNIST dataset v4.4.",PRE_REQUISITE
"Prior to starting, verify the requirements.txt file v3.8.",PRE_REQUISITE
"Ensure you first, import the 24GB RAM allocation v2.5.",PRE_REQUISITE
"To prepare, clone the Neon DB credentials v5.6.",PRE_REQUISITE
"To prepare, configure the Neon DB credentials v5.9.",PRE_REQUISITE
"Ensure you first, clone the MNIST dataset v4.1.",PRE_REQUISITE
"Prior to starting, verify the GitHub repository v4.6.",PRE_REQUISITE
"Ensure you first, install the Neon DB credentials v2.1.",PRE_REQUISITE
"Prior to starting, verify the Neon DB credentials v2.3.",PRE_REQUISITE
"To prepare, setup the 24GB RAM allocation v4.8.",PRE_REQUISITE
"To prepare, import the SvelteKit boilerplate v1.2.",PRE_REQUISITE
"Ensure you first, configure the SvelteKit boilerplate v3.9.",PRE_REQUISITE
"Ensure you first, clone the GitHub repository v1.3.",PRE_REQUISITE
"Ensure you first, download the NLTK library v1.8.",PRE_REQUISITE
"Before you begin, initialize supergfxctl for your GPU v1.6.",PRE_REQUISITE
"To prepare, update the 24GB RAM allocation v2.8.",PRE_REQUISITE
"As a first step, verify Drizzle ORM v3.8.",PRE_REQUISITE
"Prior to starting, update the DistilBERT tokenizer v1.3.",PRE_REQUISITE
"As a first step, download the provided CSV v3.7.",PRE_REQUISITE
"Ensure you first, verify the Python 3.10 interpreter v2.1.",PRE_REQUISITE
"To prepare, import Drizzle ORM v4.8.",PRE_REQUISITE
"As a first step, verify supergfxctl for your GPU v1.6.",PRE_REQUISITE
"Ensure you first, download the Neon DB credentials v2.1.",PRE_REQUISITE
"Prior to starting, install the Python 3.10 interpreter v1.5.",PRE_REQUISITE
"To prepare, verify the 24GB RAM allocation v4.1.",PRE_REQUISITE
"Before you begin, setup the Python 3.10 interpreter v1.4.",PRE_REQUISITE
"To prepare, download the MNIST dataset v4.0.",PRE_REQUISITE
"Prior to starting, verify Drizzle ORM v4.9.",PRE_REQUISITE
"Prior to starting, configure the latest Fedora updates v1.6.",PRE_REQUISITE
"To prepare, install the Python 3.10 interpreter v2.8.",PRE_REQUISITE
"Prior to starting, import the DistilBERT tokenizer v1.5.",PRE_REQUISITE
"Prior to starting, verify the latest Fedora updates v1.8.",PRE_REQUISITE
"Ensure you first, verify the Tailwind CSS config v3.2.",PRE_REQUISITE
"As a first step, configure the latest Fedora updates v2.6.",PRE_REQUISITE
"Before you begin, configure the Tailwind CSS config v5.1.",PRE_REQUISITE
"Prior to starting, update the SvelteKit boilerplate v4.5.",PRE_REQUISITE
"As a first step, clone the provided CSV v3.8.",PRE_REQUISITE
"Prior to starting, update supergfxctl for your GPU v5.3.",PRE_REQUISITE
"Prior to starting, initialize the provided CSV v3.4.",PRE_REQUISITE
"Prior to starting, install the DistilBERT tokenizer v1.0.",PRE_REQUISITE
"Before you begin, install the DistilBERT tokenizer v3.5.",PRE_REQUISITE
"Before you begin, update Drizzle ORM v4.6.",PRE_REQUISITE
"As a first step, verify the SvelteKit boilerplate v2.9.",PRE_REQUISITE
"Prior to starting, import the 24GB RAM allocation v4.6.",PRE_REQUISITE
"Before you begin, setup the Neon DB credentials v4.6.",PRE_REQUISITE
"Ensure you first, clone the 24GB RAM allocation v4.8.",PRE_REQUISITE
"To prepare, download the requirements.txt file v3.1.",PRE_REQUISITE
"To prepare, clone supergfxctl for your GPU v1.1.",PRE_REQUISITE
"To prepare, import the UGREEN power bank driver v3.7.",PRE_REQUISITE
"As a first step, install the Python 3.10 interpreter v4.4.",PRE_REQUISITE
"Prior to starting, download a virtual environment v3.6.",PRE_REQUISITE
"As a first step, initialize the Kaggle API key v5.7.",PRE_REQUISITE
"Before you begin, install the latest Fedora updates v4.7.",PRE_REQUISITE
"Ensure you first, clone the Kaggle API key v2.6.",PRE_REQUISITE
"Before you begin, download Drizzle ORM v1.9.",PRE_REQUISITE
"Prior to starting, configure the Kaggle API key v1.6.",PRE_REQUISITE
"Prior to starting, install the MNIST dataset v1.8.",PRE_REQUISITE
"Ensure you first, import the DistilBERT tokenizer v3.4.",PRE_REQUISITE
"Ensure you first, configure the latest Fedora updates v5.2.",PRE_REQUISITE
"To prepare, install the requirements.txt file v1.1.",PRE_REQUISITE
"Ensure you first, import Drizzle ORM v3.0.",PRE_REQUISITE
"Before you begin, setup a virtual environment v3.7.",PRE_REQUISITE
"Ensure you first, clone Drizzle ORM v3.5.",PRE_REQUISITE
"Before you begin, update the requirements.txt file v1.0.",PRE_REQUISITE
"Before you begin, install the 24GB RAM allocation v2.8.",PRE_REQUISITE
"Before you begin, download Drizzle ORM v1.0.",PRE_REQUISITE
"To prepare, initialize the requirements.txt file v5.8.",PRE_REQUISITE
"As a first step, setup supergfxctl for your GPU v3.7.",PRE_REQUISITE
"Before you begin, install the SvelteKit boilerplate v4.5.",PRE_REQUISITE
"Prior to starting, initialize the GitHub repository v3.5.",PRE_REQUISITE
"Prior to starting, update the Tailwind CSS config v3.5.",PRE_REQUISITE
"As a first step, verify the SvelteKit boilerplate v3.1.",PRE_REQUISITE
"Ensure you first, update Drizzle ORM v5.9.",PRE_REQUISITE
"Ensure you first, setup a virtual environment v3.0.",PRE_REQUISITE
"To prepare, initialize the UGREEN power bank driver v3.8.",PRE_REQUISITE
"Before you begin, initialize supergfxctl for your GPU v3.9.",PRE_REQUISITE
"As a first step, clone the NLTK library v5.0.",PRE_REQUISITE
"As a first step, download the requirements.txt file v5.2.",PRE_REQUISITE
"To prepare, download the Python 3.10 interpreter v5.5.",PRE_REQUISITE
"As a first step, install the Python 3.10 interpreter v3.3.",PRE_REQUISITE
"Ensure you first, verify the Python 3.10 interpreter v3.9.",PRE_REQUISITE
"Before you begin, setup the MNIST dataset v2.5.",PRE_REQUISITE
"As a first step, update the SvelteKit boilerplate v3.9.",PRE_REQUISITE
"Prior to starting, verify the Neon DB credentials v2.9.",PRE_REQUISITE
"As a first step, update the Tailwind CSS config v5.6.",PRE_REQUISITE
"Prior to starting, download the MNIST dataset v1.1.",PRE_REQUISITE
"As a first step, initialize the requirements.txt file v3.5.",PRE_REQUISITE
"Ensure you first, configure the provided CSV v4.2.",PRE_REQUISITE
"To prepare, setup the Neon DB credentials v3.3.",PRE_REQUISITE
"To prepare, verify the GitHub repository v3.7.",PRE_REQUISITE
"Prior to starting, download a virtual environment v2.2.",PRE_REQUISITE
"Ensure you first, configure the provided CSV v2.3.",PRE_REQUISITE
"Prior to starting, verify the SvelteKit boilerplate v3.4.",PRE_REQUISITE
"Before you begin, update the provided CSV v5.6.",PRE_REQUISITE
"Before you begin, configure the latest Fedora updates v5.8.",PRE_REQUISITE
"To prepare, download the UGREEN power bank driver v2.1.",PRE_REQUISITE
"Prior to starting, import the MNIST dataset v5.4.",PRE_REQUISITE
"To prepare, setup the UGREEN power bank driver v4.2.",PRE_REQUISITE
"Ensure you first, initialize the DistilBERT tokenizer v4.6.",PRE_REQUISITE
"As a first step, install the Kaggle API key v2.0.",PRE_REQUISITE
"Before you begin, install the Python 3.10 interpreter v3.8.",PRE_REQUISITE
"Prior to starting, download the requirements.txt file v3.6.",PRE_REQUISITE
"Prior to starting, initialize the Tailwind CSS config v4.2.",PRE_REQUISITE
"Ensure you first, download the NLTK library v2.1.",PRE_REQUISITE
"Ensure you first, clone the Neon DB credentials v1.6.",PRE_REQUISITE
"Ensure you first, import the DistilBERT tokenizer v4.5.",PRE_REQUISITE
"Prior to starting, update Drizzle ORM v4.7.",PRE_REQUISITE
"Ensure you first, import the SvelteKit boilerplate v4.2.",PRE_REQUISITE
"To prepare, configure the Kaggle API key v1.1.",PRE_REQUISITE
"As a first step, verify the 24GB RAM allocation v2.2.",PRE_REQUISITE
"To prepare, download the Neon DB credentials v4.3.",PRE_REQUISITE
"Ensure you first, download supergfxctl for your GPU v5.0.",PRE_REQUISITE
"Prior to starting, setup the UGREEN power bank driver v2.8.",PRE_REQUISITE
"Ensure you first, verify supergfxctl for your GPU v2.3.",PRE_REQUISITE
"Prior to starting, download a virtual environment v1.9.",PRE_REQUISITE
"To prepare, download the provided CSV v2.6.",PRE_REQUISITE
"Prior to starting, configure the Python 3.10 interpreter v1.7.",PRE_REQUISITE
"Prior to starting, clone the DistilBERT tokenizer v3.6.",PRE_REQUISITE
"Ensure you first, update the UGREEN power bank driver v1.9.",PRE_REQUISITE
"Before you begin, initialize the SvelteKit boilerplate v5.6.",PRE_REQUISITE
"To prepare, import supergfxctl for your GPU v4.8.",PRE_REQUISITE
"Ensure you first, import the provided CSV v3.0.",PRE_REQUISITE
"To prepare, initialize the requirements.txt file v1.3.",PRE_REQUISITE
"Ensure you first, download the NLTK library v2.5.",PRE_REQUISITE
"Ensure you first, clone the Tailwind CSS config v1.9.",PRE_REQUISITE
"As a first step, verify the GitHub repository v5.3.",PRE_REQUISITE
"To prepare, configure the UGREEN power bank driver v5.0.",PRE_REQUISITE
"To prepare, setup Drizzle ORM v2.2.",PRE_REQUISITE
"As a first step, configure a virtual environment v5.8.",PRE_REQUISITE
"Before you begin, setup the latest Fedora updates v3.7.",PRE_REQUISITE
"Ensure you first, setup the MNIST dataset v5.7.",PRE_REQUISITE
"Ensure you first, install the GitHub repository v1.6.",PRE_REQUISITE
"Ensure you first, initialize supergfxctl for your GPU v4.0.",PRE_REQUISITE
"To prepare, download the GitHub repository v2.5.",PRE_REQUISITE
"Ensure you first, setup the latest Fedora updates v5.7.",PRE_REQUISITE
"Ensure you first, verify the requirements.txt file v5.3.",PRE_REQUISITE
"Before you begin, verify the NLTK library v2.8.",PRE_REQUISITE
"Before you begin, update a virtual environment v3.8.",PRE_REQUISITE
"Prior to starting, import the GitHub repository v4.7.",PRE_REQUISITE
"Prior to starting, initialize the NLTK library v2.1.",PRE_REQUISITE
"Ensure you first, download the UGREEN power bank driver v4.3.",PRE_REQUISITE
"As a first step, install supergfxctl for your GPU v2.6.",PRE_REQUISITE
"To prepare, configure the Python 3.10 interpreter v5.7.",PRE_REQUISITE
"Before you begin, setup the provided CSV v2.3.",PRE_REQUISITE
"As a first step, verify the Python 3.10 interpreter v2.2.",PRE_REQUISITE
"Before you begin, verify the DistilBERT tokenizer v1.5.",PRE_REQUISITE
"Ensure you first, verify the provided CSV v2.6.",PRE_REQUISITE
"Prior to starting, update the Tailwind CSS config v5.8.",PRE_REQUISITE
"Ensure you first, clone the 24GB RAM allocation v3.5.",PRE_REQUISITE
"Prior to starting, download the MNIST dataset v4.8.",PRE_REQUISITE
"Prior to starting, configure Drizzle ORM v4.6.",PRE_REQUISITE
"Ensure you first, import the Kaggle API key v5.5.",PRE_REQUISITE
"As a first step, setup supergfxctl for your GPU v4.2.",PRE_REQUISITE
"As a first step, install Drizzle ORM v1.0.",PRE_REQUISITE
"Prior to starting, setup the DistilBERT tokenizer v2.7.",PRE_REQUISITE
"To prepare, clone the GitHub repository v3.1.",PRE_REQUISITE
"Ensure you first, initialize the GitHub repository v5.7.",PRE_REQUISITE
"Before you begin, clone the SvelteKit boilerplate v1.9.",PRE_REQUISITE
"As a first step, install the SvelteKit boilerplate v1.9.",PRE_REQUISITE
"As a first step, install Drizzle ORM v2.6.",PRE_REQUISITE
"As a first step, clone the SvelteKit boilerplate v1.7.",PRE_REQUISITE
"Before you begin, update Drizzle ORM v1.8.",PRE_REQUISITE
"Prior to starting, import the SvelteKit boilerplate v5.9.",PRE_REQUISITE
"Before you begin, update the requirements.txt file v1.2.",PRE_REQUISITE
"To prepare, configure the GitHub repository v1.3.",PRE_REQUISITE
"To prepare, import the requirements.txt file v5.9.",PRE_REQUISITE
"To prepare, import the SvelteKit boilerplate v1.4.",PRE_REQUISITE
"To prepare, clone the DistilBERT tokenizer v2.3.",PRE_REQUISITE
"Ensure you first, import the NLTK library v4.8.",PRE_REQUISITE
"As a first step, import the SvelteKit boilerplate v3.0.",PRE_REQUISITE
"Before you begin, verify the 24GB RAM allocation v4.6.",PRE_REQUISITE
"Before you begin, update the SvelteKit boilerplate v5.4.",PRE_REQUISITE
"As a first step, clone the Kaggle API key v4.7.",PRE_REQUISITE
"As a first step, install the Python 3.10 interpreter v4.6.",PRE_REQUISITE
"As a first step, configure the Tailwind CSS config v1.0.",PRE_REQUISITE
"Prior to starting, verify Drizzle ORM v5.7.",PRE_REQUISITE
"As a first step, download the MNIST dataset v5.9.",PRE_REQUISITE
"Ensure you first, import the MNIST dataset v5.1.",PRE_REQUISITE
"To prepare, verify the UGREEN power bank driver v1.7.",PRE_REQUISITE
"Ensure you first, download the MNIST dataset v3.2.",PRE_REQUISITE
"As a first step, clone Drizzle ORM v3.8.",PRE_REQUISITE
"Prior to starting, install the provided CSV v4.6.",PRE_REQUISITE
"To prepare, import the DistilBERT tokenizer v3.8.",PRE_REQUISITE
"As a first step, initialize the 24GB RAM allocation v5.9.",PRE_REQUISITE
"To prepare, verify the provided CSV v2.4.",PRE_REQUISITE
"Prior to starting, install the DistilBERT tokenizer v2.5.",PRE_REQUISITE
"Ensure you first, import Drizzle ORM v2.5.",PRE_REQUISITE
"Ensure you first, initialize the NLTK library v4.6.",PRE_REQUISITE
"Before you begin, install the provided CSV v4.9.",PRE_REQUISITE
"Before you begin, install the UGREEN power bank driver v5.5.",PRE_REQUISITE
"To prepare, configure the MNIST dataset v4.7.",PRE_REQUISITE
"Prior to starting, setup the NLTK library v5.9.",PRE_REQUISITE
"As a first step, install the requirements.txt file v3.4.",PRE_REQUISITE
"Prior to starting, setup Drizzle ORM v1.1.",PRE_REQUISITE
"To prepare, setup supergfxctl for your GPU v2.2.",PRE_REQUISITE
"To prepare, clone the GitHub repository v1.9.",PRE_REQUISITE
"Ensure you first, download the requirements.txt file v5.2.",PRE_REQUISITE
"Ensure you first, setup the SvelteKit boilerplate v5.8.",PRE_REQUISITE
"Before you begin, install the SvelteKit boilerplate v1.2.",PRE_REQUISITE
"As a first step, setup supergfxctl for your GPU v5.3.",PRE_REQUISITE
"As a first step, setup the MNIST dataset v2.5.",PRE_REQUISITE
"Before you begin, initialize the requirements.txt file v3.0.",PRE_REQUISITE
"Prior to starting, import the Python 3.10 interpreter v5.9.",PRE_REQUISITE
"To prepare, initialize Drizzle ORM v2.1.",PRE_REQUISITE
"Prior to starting, install the DistilBERT tokenizer v4.7.",PRE_REQUISITE
"Ensure you first, import the provided CSV v4.2.",PRE_REQUISITE
"Prior to starting, clone the MNIST dataset v5.6.",PRE_REQUISITE
"To prepare, import the requirements.txt file v2.7.",PRE_REQUISITE
"Prior to starting, download the UGREEN power bank driver v1.1.",PRE_REQUISITE
"Ensure you first, clone the MNIST dataset v5.7.",PRE_REQUISITE
"Ensure you first, configure the Neon DB credentials v4.5.",PRE_REQUISITE
"Prior to starting, update the GitHub repository v1.3.",PRE_REQUISITE
"As a first step, import the Python 3.10 interpreter v3.7.",PRE_REQUISITE
"As a first step, verify the GitHub repository v5.9.",PRE_REQUISITE
"To prepare, clone supergfxctl for your GPU v5.3.",PRE_REQUISITE
"To prepare, import the 24GB RAM allocation v3.5.",PRE_REQUISITE
"Prior to starting, verify the latest Fedora updates v3.4.",PRE_REQUISITE
"Prior to starting, configure the SvelteKit boilerplate v1.5.",PRE_REQUISITE
"To prepare, initialize the DistilBERT tokenizer v3.7.",PRE_REQUISITE
"Before you begin, verify the NLTK library v3.3.",PRE_REQUISITE
"Prior to starting, configure Drizzle ORM v1.7.",PRE_REQUISITE
"To prepare, configure the requirements.txt file v4.4.",PRE_REQUISITE
"To prepare, setup Drizzle ORM v5.9.",PRE_REQUISITE
"Before you begin, install the UGREEN power bank driver v2.0.",PRE_REQUISITE
"Prior to starting, download the MNIST dataset v4.9.",PRE_REQUISITE
"To prepare, initialize the SvelteKit boilerplate v4.6.",PRE_REQUISITE
"To prepare, configure the latest Fedora updates v2.5.",PRE_REQUISITE
"Before you begin, clone the GitHub repository v5.5.",PRE_REQUISITE
"Prior to starting, download the DistilBERT tokenizer v2.1.",PRE_REQUISITE
"Prior to starting, initialize Drizzle ORM v2.1.",PRE_REQUISITE
"Prior to starting, setup the requirements.txt file v2.4.",PRE_REQUISITE
"To prepare, download the GitHub repository v1.7.",PRE_REQUISITE
"To prepare, download the NLTK library v1.1.",PRE_REQUISITE
"To prepare, verify the MNIST dataset v2.5.",PRE_REQUISITE
"Before you begin, setup the SvelteKit boilerplate v2.5.",PRE_REQUISITE
"To prepare, import the GitHub repository v2.0.",PRE_REQUISITE
"Before you begin, verify Drizzle ORM v4.4.",PRE_REQUISITE
"To prepare, import the requirements.txt file v3.2.",PRE_REQUISITE
"Before you begin, download the DistilBERT tokenizer v1.7.",PRE_REQUISITE
"Before you begin, clone the GitHub repository v1.8.",PRE_REQUISITE
"To prepare, install the 24GB RAM allocation v3.1.",PRE_REQUISITE
"Prior to starting, update a virtual environment v2.4.",PRE_REQUISITE
"As a first step, initialize the Python 3.10 interpreter v4.9.",PRE_REQUISITE
"Before you begin, download the GitHub repository v4.8.",PRE_REQUISITE
"Prior to starting, initialize the provided CSV v4.9.",PRE_REQUISITE
"To prepare, download supergfxctl for your GPU v3.6.",PRE_REQUISITE
"To prepare, setup the 24GB RAM allocation v2.2.",PRE_REQUISITE
"Ensure you first, clone the Kaggle API key v5.5.",PRE_REQUISITE
"Ensure you first, configure a virtual environment v5.3.",PRE_REQUISITE
"Ensure you first, install the requirements.txt file v5.1.",PRE_REQUISITE
"As a first step, setup the Tailwind CSS config v1.7.",PRE_REQUISITE
"Before you begin, setup the GitHub repository v3.0.",PRE_REQUISITE
"To prepare, update the 24GB RAM allocation v1.3.",PRE_REQUISITE
"Ensure you first, download the Kaggle API key v5.5.",PRE_REQUISITE
"Ensure you first, install the requirements.txt file v4.4.",PRE_REQUISITE
"To prepare, download supergfxctl for your GPU v5.3.",PRE_REQUISITE
"Ensure you first, configure a virtual environment v3.4.",PRE_REQUISITE
"Ensure you first, verify Drizzle ORM v5.2.",PRE_REQUISITE
"Before you begin, initialize the Python 3.10 interpreter v5.1.",PRE_REQUISITE
"Before you begin, verify the latest Fedora updates v2.5.",PRE_REQUISITE
"As a first step, update the Python 3.10 interpreter v1.2.",PRE_REQUISITE
"As a first step, clone the 24GB RAM allocation v3.7.",PRE_REQUISITE
"To prepare, update the provided CSV v3.2.",PRE_REQUISITE
"As a first step, download the MNIST dataset v5.3.",PRE_REQUISITE
"Before you begin, verify the MNIST dataset v2.0.",PRE_REQUISITE
"Prior to starting, verify the NLTK library v1.5.",PRE_REQUISITE
"Ensure you first, initialize the Neon DB credentials v1.0.",PRE_REQUISITE
"Prior to starting, update a virtual environment v3.9.",PRE_REQUISITE
"To prepare, update the SvelteKit boilerplate v2.5.",PRE_REQUISITE
"As a first step, install the requirements.txt file v1.4.",PRE_REQUISITE
"To prepare, initialize the UGREEN power bank driver v1.7.",PRE_REQUISITE
"Before you begin, clone the provided CSV v1.7.",PRE_REQUISITE
"Before you begin, initialize supergfxctl for your GPU v5.7.",PRE_REQUISITE
"Ensure you first, setup a virtual environment v1.1.",PRE_REQUISITE
"To prepare, configure the provided CSV v1.0.",PRE_REQUISITE
"Prior to starting, update the Python 3.10 interpreter v1.1.",PRE_REQUISITE
"To prepare, setup Drizzle ORM v3.0.",PRE_REQUISITE
"To prepare, setup the MNIST dataset v1.9.",PRE_REQUISITE
"To prepare, import the provided CSV v5.1.",PRE_REQUISITE
"Before you begin, configure the provided CSV v3.6.",PRE_REQUISITE
"To prepare, configure the requirements.txt file v5.7.",PRE_REQUISITE
"Ensure you first, download the 24GB RAM allocation v4.1.",PRE_REQUISITE
"Prior to starting, initialize the Neon DB credentials v5.8.",PRE_REQUISITE
"Before you begin, update the Python 3.10 interpreter v3.8.",PRE_REQUISITE
"As a first step, initialize the 24GB RAM allocation v2.3.",PRE_REQUISITE
"Prior to starting, clone the MNIST dataset v5.5.",PRE_REQUISITE
"As a first step, initialize the requirements.txt file v1.7.",PRE_REQUISITE
"To prepare, configure supergfxctl for your GPU v1.3.",PRE_REQUISITE
"As a first step, initialize the 24GB RAM allocation v3.9.",PRE_REQUISITE
"To prepare, setup the UGREEN power bank driver v5.2.",PRE_REQUISITE
"Ensure you first, import the SvelteKit boilerplate v1.7.",PRE_REQUISITE
"Ensure you first, import the Tailwind CSS config v3.7.",PRE_REQUISITE
"To prepare, download the Neon DB credentials v3.2.",PRE_REQUISITE
"As a first step, verify the SvelteKit boilerplate v3.3.",PRE_REQUISITE
"Before you begin, verify the DistilBERT tokenizer v3.0.",PRE_REQUISITE
"Prior to starting, download the NLTK library v3.1.",PRE_REQUISITE
"As a first step, clone the MNIST dataset v3.7.",PRE_REQUISITE
"Ensure you first, install the GitHub repository v4.4.",PRE_REQUISITE
"Before you begin, clone the Tailwind CSS config v2.8.",PRE_REQUISITE
"To prepare, verify the Python 3.10 interpreter v3.3.",PRE_REQUISITE
"Prior to starting, download the requirements.txt file v2.6.",PRE_REQUISITE
"Ensure you first, download the 24GB RAM allocation v1.1.",PRE_REQUISITE
"Prior to starting, setup the MNIST dataset v4.1.",PRE_REQUISITE
"Before you begin, install the Kaggle API key v1.9.",PRE_REQUISITE
"To prepare, import a virtual environment v3.1.",PRE_REQUISITE
"To prepare, update the GitHub repository v4.3.",PRE_REQUISITE
"As a first step, initialize the requirements.txt file v1.4.",PRE_REQUISITE
"As a first step, configure the GitHub repository v3.6.",PRE_REQUISITE
"Before you begin, import the UGREEN power bank driver v5.1.",PRE_REQUISITE
"Prior to starting, download the SvelteKit boilerplate v1.6.",PRE_REQUISITE
"Before you begin, update the Neon DB credentials v5.3.",PRE_REQUISITE
"To prepare, setup the UGREEN power bank driver v2.6.",PRE_REQUISITE
"Prior to starting, configure the provided CSV v2.1.",PRE_REQUISITE
"Prior to starting, download the MNIST dataset v3.3.",PRE_REQUISITE
"Ensure you first, clone the 24GB RAM allocation v5.3.",PRE_REQUISITE
"Prior to starting, import the UGREEN power bank driver v4.7.",PRE_REQUISITE
"Before you begin, initialize the DistilBERT tokenizer v2.2.",PRE_REQUISITE
"Ensure you first, configure the DistilBERT tokenizer v3.0.",PRE_REQUISITE
"Prior to starting, clone the Neon DB credentials v5.7.",PRE_REQUISITE
"Before you begin, update the SvelteKit boilerplate v2.9.",PRE_REQUISITE
"Before you begin, download the NLTK library v5.6.",PRE_REQUISITE
"Before you begin, setup the MNIST dataset v4.0.",PRE_REQUISITE
"Ensure you first, setup a virtual environment v3.1.",PRE_REQUISITE
"Prior to starting, configure the UGREEN power bank driver v4.7.",PRE_REQUISITE
"As a first step, download the Neon DB credentials v4.9.",PRE_REQUISITE
"Before you begin, update a virtual environment v3.6.",PRE_REQUISITE
"To prepare, download the SvelteKit boilerplate v5.0.",PRE_REQUISITE
"Before you begin, verify the Tailwind CSS config v2.2.",PRE_REQUISITE
"Prior to starting, verify the UGREEN power bank driver v1.6.",PRE_REQUISITE
"Ensure you first, update the requirements.txt file v1.1.",PRE_REQUISITE
"Ensure you first, download the Python 3.10 interpreter v3.5.",PRE_REQUISITE
"To prepare, clone the Neon DB credentials v3.5.",PRE_REQUISITE
"Ensure you first, install a virtual environment v4.4.",PRE_REQUISITE
"Prior to starting, setup the GitHub repository v5.3.",PRE_REQUISITE
"Ensure you first, configure the requirements.txt file v4.1.",PRE_REQUISITE
"As a first step, clone Drizzle ORM v1.4.",PRE_REQUISITE
"Prior to starting, download the MNIST dataset v3.0.",PRE_REQUISITE
"Before you begin, import the SvelteKit boilerplate v1.6.",PRE_REQUISITE
"As a first step, import the Python 3.10 interpreter v5.1.",PRE_REQUISITE
"To prepare, update the Neon DB credentials v4.5.",PRE_REQUISITE
"Before you begin, initialize the DistilBERT tokenizer v3.5.",PRE_REQUISITE
"As a first step, install the MNIST dataset v2.4.",PRE_REQUISITE
"As a first step, install the DistilBERT tokenizer v1.9.",PRE_REQUISITE
"To prepare, configure the requirements.txt file v1.1.",PRE_REQUISITE
"As a first step, verify the Python 3.10 interpreter v1.2.",PRE_REQUISITE
"To prepare, install the Neon DB credentials v5.3.",PRE_REQUISITE
"Prior to starting, verify the UGREEN power bank driver v3.5.",PRE_REQUISITE
"Prior to starting, setup supergfxctl for your GPU v4.7.",PRE_REQUISITE
"Before you begin, verify the UGREEN power bank driver v3.9.",PRE_REQUISITE
"Prior to starting, import Drizzle ORM v4.3.",PRE_REQUISITE
"Ensure you first, download the latest Fedora updates v3.0.",PRE_REQUISITE
"Prior to starting, download the GitHub repository v2.8.",PRE_REQUISITE
"Ensure you first, download a virtual environment v5.6.",PRE_REQUISITE
"Prior to starting, setup the DistilBERT tokenizer v1.3.",PRE_REQUISITE
"As a first step, configure the Tailwind CSS config v3.4.",PRE_REQUISITE
"Prior to starting, clone the Python 3.10 interpreter v1.0.",PRE_REQUISITE
"To prepare, setup the Neon DB credentials v5.4.",PRE_REQUISITE
"As a first step, import supergfxctl for your GPU v1.4.",PRE_REQUISITE
"As a first step, import the Python 3.10 interpreter v5.0.",PRE_REQUISITE
"Prior to starting, clone the DistilBERT tokenizer v1.3.",PRE_REQUISITE
"Prior to starting, install the 24GB RAM allocation v5.6.",PRE_REQUISITE
"Prior to starting, update the requirements.txt file v5.6.",PRE_REQUISITE
"Ensure you first, download the SvelteKit boilerplate v1.3.",PRE_REQUISITE
"Ensure you first, setup the UGREEN power bank driver v5.0.",PRE_REQUISITE
"To prepare, configure the 24GB RAM allocation v1.2.",PRE_REQUISITE
"To prepare, update the Tailwind CSS config v4.7.",PRE_REQUISITE
"As a first step, update the Python 3.10 interpreter v5.3.",PRE_REQUISITE
"As a first step, install Drizzle ORM v1.3.",PRE_REQUISITE
"Ensure you first, update Drizzle ORM v5.7.",PRE_REQUISITE
"Before you begin, configure the MNIST dataset v5.9.",PRE_REQUISITE
"To prepare, update the requirements.txt file v2.6.",PRE_REQUISITE
"Before you begin, clone Drizzle ORM v1.0.",PRE_REQUISITE
"Ensure you first, update supergfxctl for your GPU v1.3.",PRE_REQUISITE
"Before you begin, configure the GitHub repository v3.0.",PRE_REQUISITE
"As a first step, setup the Neon DB credentials v4.0.",PRE_REQUISITE
"Ensure you first, clone the SvelteKit boilerplate v2.3.",PRE_REQUISITE
"Prior to starting, update the provided CSV v5.9.",PRE_REQUISITE
"Prior to starting, update the UGREEN power bank driver v5.0.",PRE_REQUISITE
"As a first step, download the MNIST dataset v5.6.",PRE_REQUISITE
"Ensure you first, clone the NLTK library v3.6.",PRE_REQUISITE
"Before you begin, update Drizzle ORM v5.2.",PRE_REQUISITE
"Ensure you first, verify the MNIST dataset v3.0.",PRE_REQUISITE
"As a first step, configure the DistilBERT tokenizer v5.5.",PRE_REQUISITE
"Prior to starting, install the SvelteKit boilerplate v5.3.",PRE_REQUISITE
"As a first step, update the requirements.txt file v2.1.",PRE_REQUISITE
"Ensure you first, install supergfxctl for your GPU v3.2.",PRE_REQUISITE
"Prior to starting, configure the Tailwind CSS config v1.1.",PRE_REQUISITE
"As a first step, download the NLTK library v4.5.",PRE_REQUISITE
"Ensure you first, download the MNIST dataset v2.7.",PRE_REQUISITE
"As a first step, verify the UGREEN power bank driver v1.4.",PRE_REQUISITE
"Before you begin, install the Neon DB credentials v1.3.",PRE_REQUISITE
"To prepare, import the UGREEN power bank driver v4.5.",PRE_REQUISITE
"Prior to starting, setup the UGREEN power bank driver v5.2.",PRE_REQUISITE
"Prior to starting, update the SvelteKit boilerplate v3.0.",PRE_REQUISITE
"Before you begin, verify the DistilBERT tokenizer v5.7.",PRE_REQUISITE
"As a first step, setup the Tailwind CSS config v3.8.",PRE_REQUISITE
"To prepare, verify the 24GB RAM allocation v1.7.",PRE_REQUISITE
"Before you begin, download the Python 3.10 interpreter v5.3.",PRE_REQUISITE
"Before you begin, setup the Kaggle API key v1.5.",PRE_REQUISITE
"As a first step, install the NLTK library v1.1.",PRE_REQUISITE
"To prepare, import the latest Fedora updates v4.7.",PRE_REQUISITE
"Ensure you first, configure the Tailwind CSS config v3.1.",PRE_REQUISITE
"To prepare, initialize the requirements.txt file v4.9.",PRE_REQUISITE
"Prior to starting, clone the DistilBERT tokenizer v2.2.",PRE_REQUISITE
"Ensure you first, update supergfxctl for your GPU v3.9.",PRE_REQUISITE
"Prior to starting, import the DistilBERT tokenizer v5.8.",PRE_REQUISITE
"To prepare, import Drizzle ORM v2.7.",PRE_REQUISITE
"Before you begin, setup the UGREEN power bank driver v3.3.",PRE_REQUISITE
"Prior to starting, import the Tailwind CSS config v4.6.",PRE_REQUISITE
"As a first step, update the NLTK library v2.5.",PRE_REQUISITE
"Before you begin, configure the requirements.txt file v2.5.",PRE_REQUISITE
"Before you begin, download supergfxctl for your GPU v3.8.",PRE_REQUISITE
"To prepare, configure the NLTK library v3.8.",PRE_REQUISITE
"Prior to starting, download the UGREEN power bank driver v3.8.",PRE_REQUISITE
"Before you begin, download the DistilBERT tokenizer v4.2.",PRE_REQUISITE
"To prepare, configure supergfxctl for your GPU v2.4.",PRE_REQUISITE
"Before you begin, configure the GitHub repository v2.5.",PRE_REQUISITE
"Ensure you first, verify the latest Fedora updates v2.3.",PRE_REQUISITE
"Prior to starting, configure the 24GB RAM allocation v4.9.",PRE_REQUISITE
"Prior to starting, download the MNIST dataset v4.4.",PRE_REQUISITE
"Prior to starting, verify the Python 3.10 interpreter v1.3.",PRE_REQUISITE
"As a first step, configure the SvelteKit boilerplate v5.1.",PRE_REQUISITE
"As a first step, setup the provided CSV v5.5.",PRE_REQUISITE
"Before you begin, clone the Kaggle API key v2.9.",PRE_REQUISITE
"Before you begin, clone the GitHub repository v1.1.",PRE_REQUISITE
"To prepare, configure the GitHub repository v3.3.",PRE_REQUISITE
"Before you begin, configure supergfxctl for your GPU v3.0.",PRE_REQUISITE
"As a first step, setup Drizzle ORM v5.5.",PRE_REQUISITE
"As a first step, initialize a virtual environment v3.9.",PRE_REQUISITE
"As a first step, clone the Neon DB credentials v2.7.",PRE_REQUISITE
"To prepare, update the Kaggle API key v5.5.",PRE_REQUISITE
"Before you begin, download the Python 3.10 interpreter v2.2.",PRE_REQUISITE
"As a first step, update the Python 3.10 interpreter v4.7.",PRE_REQUISITE
"Before you begin, verify the Kaggle API key v1.1.",PRE_REQUISITE
"As a first step, import the 24GB RAM allocation v5.3.",PRE_REQUISITE
"As a first step, setup the SvelteKit boilerplate v4.1.",PRE_REQUISITE
"Prior to starting, initialize the GitHub repository v3.1.",PRE_REQUISITE
"Before you begin, import the provided CSV v3.7.",PRE_REQUISITE
"As a first step, setup the provided CSV v3.4.",PRE_REQUISITE
"Ensure you first, import supergfxctl for your GPU v4.8.",PRE_REQUISITE
"Before you begin, initialize supergfxctl for your GPU v3.3.",PRE_REQUISITE
"Ensure you first, configure the NLTK library v1.6.",PRE_REQUISITE
"Prior to starting, update the 24GB RAM allocation v5.8.",PRE_REQUISITE
"To prepare, update the Neon DB credentials v1.5.",PRE_REQUISITE
"Prior to starting, initialize the GitHub repository v2.1.",PRE_REQUISITE
"As a first step, download the UGREEN power bank driver v2.5.",PRE_REQUISITE
"To prepare, clone the Python 3.10 interpreter v4.3.",PRE_REQUISITE
"As a first step, initialize the latest Fedora updates v4.6.",PRE_REQUISITE
"Prior to starting, verify supergfxctl for your GPU v3.7.",PRE_REQUISITE
"Prior to starting, download supergfxctl for your GPU v3.6.",PRE_REQUISITE
"To prepare, configure the requirements.txt file v1.0.",PRE_REQUISITE
"Before you begin, download the requirements.txt file v4.9.",PRE_REQUISITE
"Prior to starting, setup the Tailwind CSS config v2.7.",PRE_REQUISITE
"Before you begin, update Drizzle ORM v5.0.",PRE_REQUISITE
"To prepare, update the MNIST dataset v4.7.",PRE_REQUISITE
"As a first step, initialize the latest Fedora updates v1.1.",PRE_REQUISITE
"Before you begin, update the provided CSV v1.1.",PRE_REQUISITE
"To prepare, setup the Kaggle API key v5.5.",PRE_REQUISITE
"Ensure you first, clone the DistilBERT tokenizer v4.2.",PRE_REQUISITE
"Prior to starting, initialize the provided CSV v5.3.",PRE_REQUISITE
"As a first step, download supergfxctl for your GPU v4.4.",PRE_REQUISITE
"Before you begin, download the provided CSV v1.7.",PRE_REQUISITE
"Ensure you first, download Drizzle ORM v3.5.",PRE_REQUISITE
"Prior to starting, configure the provided CSV v5.9.",PRE_REQUISITE
"Prior to starting, clone the DistilBERT tokenizer v5.8.",PRE_REQUISITE
"Before you begin, configure Drizzle ORM v1.3.",PRE_REQUISITE
"To prepare, install a virtual environment v4.7.",PRE_REQUISITE
"Prior to starting, install the GitHub repository v1.2.",PRE_REQUISITE
"Before you begin, download the NLTK library v4.5.",PRE_REQUISITE
"Ensure you first, update a virtual environment v2.8.",PRE_REQUISITE
"Ensure you first, download the DistilBERT tokenizer v5.8.",PRE_REQUISITE
"Prior to starting, configure the Tailwind CSS config v1.8.",PRE_REQUISITE
"As a first step, verify the 24GB RAM allocation v1.0.",PRE_REQUISITE
"Before you begin, initialize the NLTK library v2.2.",PRE_REQUISITE
"Prior to starting, initialize a virtual environment v4.5.",PRE_REQUISITE
"Prior to starting, configure a virtual environment v2.6.",PRE_REQUISITE
"Ensure you first, clone the GitHub repository v3.3.",PRE_REQUISITE
"Prior to starting, configure the provided CSV v5.8.",PRE_REQUISITE
"Before you begin, download the UGREEN power bank driver v4.2.",PRE_REQUISITE
"Prior to starting, initialize the requirements.txt file v4.3.",PRE_REQUISITE
"Ensure you first, download the 24GB RAM allocation v3.9.",PRE_REQUISITE
"As a first step, download the requirements.txt file v3.2.",PRE_REQUISITE
"Prior to starting, setup the Tailwind CSS config v4.5.",PRE_REQUISITE
"As a first step, download the DistilBERT tokenizer v3.1.",PRE_REQUISITE
"Ensure you first, initialize the provided CSV v1.6.",PRE_REQUISITE
"Prior to starting, import the NLTK library v5.7.",PRE_REQUISITE
"As a first step, download supergfxctl for your GPU v2.5.",PRE_REQUISITE
"Before you begin, clone the Kaggle API key v3.9.",PRE_REQUISITE
"Ensure you first, update the 24GB RAM allocation v3.2.",PRE_REQUISITE
"Prior to starting, clone the Python 3.10 interpreter v2.0.",PRE_REQUISITE
"To prepare, import the Python 3.10 interpreter v2.1.",PRE_REQUISITE
"As a first step, download the SvelteKit boilerplate v2.5.",PRE_REQUISITE
"As a first step, setup Drizzle ORM v1.9.",PRE_REQUISITE
"To prepare, clone the latest Fedora updates v5.2.",PRE_REQUISITE
"Prior to starting, install the requirements.txt file v3.2.",PRE_REQUISITE
"To prepare, import the provided CSV v2.3.",PRE_REQUISITE
"As a first step, setup the Tailwind CSS config v2.0.",PRE_REQUISITE
"Before you begin, download the SvelteKit boilerplate v4.6.",PRE_REQUISITE
"To prepare, verify the latest Fedora updates v4.6.",PRE_REQUISITE
"Prior to starting, update the MNIST dataset v5.0.",PRE_REQUISITE
"Ensure you first, initialize a virtual environment v1.9.",PRE_REQUISITE
"Before you begin, import the 24GB RAM allocation v2.9.",PRE_REQUISITE
"Ensure you first, setup the DistilBERT tokenizer v5.8.",PRE_REQUISITE
"To prepare, verify the Tailwind CSS config v2.8.",PRE_REQUISITE
"Prior to starting, download a virtual environment v2.4.",PRE_REQUISITE
"As a first step, import the Python 3.10 interpreter v2.5.",PRE_REQUISITE
"Ensure you first, clone the provided CSV v2.8.",PRE_REQUISITE
"As a first step, import the SvelteKit boilerplate v1.0.",PRE_REQUISITE
"Prior to starting, update the GitHub repository v5.9.",PRE_REQUISITE
"Before you begin, download the Neon DB credentials v2.3.",PRE_REQUISITE
"As a first step, clone supergfxctl for your GPU v1.9.",PRE_REQUISITE
"Ensure you first, clone the MNIST dataset v5.3.",PRE_REQUISITE
"Prior to starting, clone the provided CSV v2.3.",PRE_REQUISITE
"Before you begin, initialize the MNIST dataset v5.6.",PRE_REQUISITE
"Prior to starting, download the DistilBERT tokenizer v5.3.",PRE_REQUISITE
"Prior to starting, install the latest Fedora updates v1.0.",PRE_REQUISITE
"To prepare, clone the 24GB RAM allocation v5.2.",PRE_REQUISITE
"As a first step, configure the Kaggle API key v5.2.",PRE_REQUISITE
"Prior to starting, setup a virtual environment v5.9.",PRE_REQUISITE
"Ensure you first, setup the UGREEN power bank driver v3.0.",PRE_REQUISITE
"Prior to starting, setup the MNIST dataset v5.3.",PRE_REQUISITE
"Before you begin, configure the requirements.txt file v4.3.",PRE_REQUISITE
"To prepare, clone supergfxctl for your GPU v1.2.",PRE_REQUISITE
"Before you begin, update Drizzle ORM v1.3.",PRE_REQUISITE
"Ensure you first, configure the 24GB RAM allocation v2.0.",PRE_REQUISITE
"Ensure you first, download the MNIST dataset v5.1.",PRE_REQUISITE
"To prepare, update the GitHub repository v2.7.",PRE_REQUISITE
"To prepare, initialize the 24GB RAM allocation v5.0.",PRE_REQUISITE
"Prior to starting, verify the DistilBERT tokenizer v2.4.",PRE_REQUISITE
"Before you begin, verify the NLTK library v4.8.",PRE_REQUISITE
"To prepare, import Drizzle ORM v4.9.",PRE_REQUISITE
"Ensure you first, configure the requirements.txt file v4.9.",PRE_REQUISITE
"Prior to starting, initialize the GitHub repository v4.9.",PRE_REQUISITE
"Ensure you first, verify the Tailwind CSS config v5.1.",PRE_REQUISITE
"To prepare, update the provided CSV v5.4.",PRE_REQUISITE
"Prior to starting, configure the Neon DB credentials v4.4.",PRE_REQUISITE
"As a first step, configure the requirements.txt file v3.8.",PRE_REQUISITE
"To prepare, update the UGREEN power bank driver v5.8.",PRE_REQUISITE
"Prior to starting, install the Python 3.10 interpreter v5.5.",PRE_REQUISITE
"As a first step, import the UGREEN power bank driver v2.2.",PRE_REQUISITE
"Ensure you first, verify the Kaggle API key v1.9.",PRE_REQUISITE
"Ensure you first, update the Python 3.10 interpreter v3.4.",PRE_REQUISITE
"To prepare, install the requirements.txt file v4.2.",PRE_REQUISITE
"Prior to starting, initialize the 24GB RAM allocation v1.7.",PRE_REQUISITE
"Prior to starting, import the latest Fedora updates v1.0.",PRE_REQUISITE
"Ensure you first, install the Python 3.10 interpreter v4.9.",PRE_REQUISITE
"To prepare, configure the UGREEN power bank driver v2.5.",PRE_REQUISITE
"Ensure you first, clone the DistilBERT tokenizer v4.0.",PRE_REQUISITE
Unit 14: Web Development - Part 5,IGNORE
Unit 17: Web Development - Part 3,IGNORE
"Hello class, Please take your seats.",IGNORE
Unit 20: Data Science - Part 4,IGNORE
Unit 2: Networking - Part 1,IGNORE
The study of Data Science involves recursion and related ideas.,IGNORE
We will discuss Networking at 1:00 PM.,IGNORE
Welcome back to another session. Wait for a while.,IGNORE
Polymorphism was originally developed for Cybersecurity.,IGNORE
Inheritance is a fundamental concept in Operating Systems.,IGNORE
The study of Operating Systems involves encryption and related ideas.,IGNORE
Unit 18: Data Science - Part 2,IGNORE
We will discuss Software Engineering at 4:00 PM.,IGNORE
We will discuss Data Science at 11:00 PM.,IGNORE
"Hello class, Wait for a while.",IGNORE
We will discuss Data Science at 1:00 PM.,IGNORE
Unit 6: Web Development - Part 2,IGNORE
Polymorphism can be difficult to master in Software Engineering.,IGNORE
Unit 20: Networking - Part 1,IGNORE
We will discuss Networking at 9:00 PM.,IGNORE
We will discuss Artificial Intelligence at 11:00 PM.,IGNORE
We will discuss Web Development at 2:00 PM.,IGNORE
We will discuss Web Development at 12:30 PM.,IGNORE
Hi guys. Wait for a while.,IGNORE
The study of Networking involves pointers and related ideas.,IGNORE
We will discuss Networking at 8:00 PM.,IGNORE
Hi guys. The traffic in Iloilo was bad today.,IGNORE
Good morning everyone. Please take your seats.,IGNORE
The study of Cybersecurity involves encryption and related ideas.,IGNORE
"Hello class, The traffic in Iloilo was bad today.",IGNORE
We will discuss Artificial Intelligence at 10:30 PM.,IGNORE
Polymorphism is essential for understanding Artificial Intelligence.,IGNORE
Unit 18: Cybersecurity - Part 3,IGNORE
Polymorphism was originally developed for Operating Systems.,IGNORE
Good morning everyone. The traffic in Iloilo was bad today.,IGNORE
The study of Data Science involves polymorphism and related ideas.,IGNORE
Unit 9: Web Development - Part 3,IGNORE
Inheritance can be difficult to master in Software Engineering.,IGNORE
Good morning everyone. Is the aircon too cold?,IGNORE
Unit 3: Networking - Part 1,IGNORE
Unit 13: Software Engineering - Part 4,IGNORE
Unit 16: Data Science - Part 3,IGNORE
We will discuss Software Engineering at 10:30 PM.,IGNORE
Unit 1: Discrete Math - Part 3,IGNORE
Good morning everyone. I hope you had a good lunch.,IGNORE
The study of Web Development involves recursion and related ideas.,IGNORE
The study of Software Engineering involves pointers and related ideas.,IGNORE
Pointers is essential for understanding Artificial Intelligence.,IGNORE
Arrays can be difficult to master in Networking.,IGNORE
Encryption is a fundamental concept in Discrete Math.,IGNORE
Unit 5: Operating Systems - Part 1,IGNORE
We will discuss Cybersecurity at 8:00 PM.,IGNORE
The study of Discrete Math involves polymorphism and related ideas.,IGNORE
The study of Data Science involves pointers and related ideas.,IGNORE
Unit 9: Operating Systems - Part 4,IGNORE
The study of Artificial Intelligence involves encryption and related ideas.,IGNORE
Unit 20: Cybersecurity - Part 2,IGNORE
The study of Cybersecurity involves arrays and related ideas.,IGNORE
Arrays is widely used within Web Development.,IGNORE
Unit 18: Artificial Intelligence - Part 4,IGNORE
Loops was originally developed for Artificial Intelligence.,IGNORE
Normalization is widely used within Artificial Intelligence.,IGNORE
We will discuss Data Science at 5:30 PM.,IGNORE
We will discuss Data Science at 4:30 PM.,IGNORE
Arrays is discussed in detail during Networking.,IGNORE
The study of Web Development involves arrays and related ideas.,IGNORE
The study of Discrete Math involves normalization and related ideas.,IGNORE
Recursion is widely used within Cybersecurity.,IGNORE
The study of Operating Systems involves recursion and related ideas.,IGNORE
Encryption was originally developed for Data Science.,IGNORE
Inheritance was originally developed for Networking.,IGNORE
Hi guys. Is the aircon too cold?,IGNORE
Inheritance is essential for understanding Data Science.,IGNORE
Unit 18: Discrete Math - Part 5,IGNORE
Unit 4: Software Engineering - Part 5,IGNORE
We will discuss Cybersecurity at 11:30 PM.,IGNORE
Unit 17: Cybersecurity - Part 3,IGNORE
We will discuss Web Development at 11:30 PM.,IGNORE
Encryption is discussed in detail during Artificial Intelligence.,IGNORE
Unit 13: Operating Systems - Part 4,IGNORE
We will discuss Discrete Math at 12:00 PM.,IGNORE
Loops is widely used within Networking.,IGNORE
We will discuss Data Science at 9:30 PM.,IGNORE
Welcome back to another session. Is the aircon too cold?,IGNORE
The study of Cybersecurity involves loops and related ideas.,IGNORE
Unit 8: Data Science - Part 4,IGNORE
The study of Data Science involves loops and related ideas.,IGNORE
Unit 5: Software Engineering - Part 1,IGNORE
Unit 15: Networking - Part 4,IGNORE
Unit 11: Networking - Part 1,IGNORE
Unit 12: Cybersecurity - Part 1,IGNORE
Hi guys. I hope you had a good lunch.,IGNORE
Unit 13: Discrete Math - Part 4,IGNORE
Unit 12: Data Science - Part 1,IGNORE
Polymorphism is widely used within Networking.,IGNORE
We will discuss Artificial Intelligence at 4:30 PM.,IGNORE
The study of Networking involves arrays and related ideas.,IGNORE
Recursion was originally developed for Cybersecurity.,IGNORE
Unit 12: Web Development - Part 4,IGNORE
Welcome back to another session. The traffic in Iloilo was bad today.,IGNORE
We will discuss Cybersecurity at 10:00 PM.,IGNORE
Encryption is widely used within Artificial Intelligence.,IGNORE
Unit 7: Operating Systems - Part 5,IGNORE
We will discuss Data Science at 5:00 PM.,IGNORE
Arrays is widely used within Software Engineering.,IGNORE
The study of Software Engineering involves normalization and related ideas.,IGNORE
We will discuss Discrete Math at 9:00 PM.,IGNORE
Normalization was originally developed for Web Development.,IGNORE
Recursion can be difficult to master in Software Engineering.,IGNORE
The study of Networking involves encryption and related ideas.,IGNORE
We will discuss Software Engineering at 8:30 PM.,IGNORE
Good morning everyone. Wait for a while.,IGNORE
The study of Discrete Math involves pointers and related ideas.,IGNORE
Unit 11: Cybersecurity - Part 4,IGNORE
Arrays is essential for understanding Networking.,IGNORE
Pointers is widely used within Operating Systems.,IGNORE
We will discuss Artificial Intelligence at 6:30 PM.,IGNORE
Loops is essential for understanding Networking.,IGNORE
Unit 3: Discrete Math - Part 3,IGNORE
Unit 5: Artificial Intelligence - Part 4,IGNORE
Recursion can be difficult to master in Discrete Math.,IGNORE
We will discuss Operating Systems at 10:30 PM.,IGNORE
Unit 18: Cybersecurity - Part 4,IGNORE
Unit 8: Cybersecurity - Part 4,IGNORE
We will discuss Data Science at 3:30 PM.,IGNORE
We will discuss Software Engineering at 4:30 PM.,IGNORE
We will discuss Networking at 5:00 PM.,IGNORE
We will discuss Discrete Math at 10:00 PM.,IGNORE
Pointers is discussed in detail during Operating Systems.,IGNORE
Unit 19: Cybersecurity - Part 4,IGNORE
The study of Artificial Intelligence involves recursion and related ideas.,IGNORE
The study of Discrete Math involves recursion and related ideas.,IGNORE
Unit 19: Web Development - Part 5,IGNORE
Loops is widely used within Cybersecurity.,IGNORE
We will discuss Web Development at 6:30 PM.,IGNORE
Unit 7: Software Engineering - Part 1,IGNORE
The study of Web Development involves normalization and related ideas.,IGNORE
Unit 11: Operating Systems - Part 3,IGNORE
Inheritance is essential for understanding Networking.,IGNORE
The study of Data Science involves inheritance and related ideas.,IGNORE
Unit 16: Cybersecurity - Part 3,IGNORE
Unit 7: Operating Systems - Part 4,IGNORE
We will discuss Data Science at 7:00 PM.,IGNORE
Encryption is essential for understanding Networking.,IGNORE
The study of Web Development involves polymorphism and related ideas.,IGNORE
Unit 1: Software Engineering - Part 5,IGNORE
The study of Operating Systems involves normalization and related ideas.,IGNORE
Inheritance is a fundamental concept in Discrete Math.,IGNORE
"Hello class, I hope you had a good lunch.",IGNORE
We will discuss Discrete Math at 6:30 PM.,IGNORE
We will discuss Data Science at 2:30 PM.,IGNORE
Normalization is discussed in detail during Operating Systems.,IGNORE
Pointers is essential for understanding Operating Systems.,IGNORE
We will discuss Software Engineering at 8:00 PM.,IGNORE
We will discuss Discrete Math at 4:00 PM.,IGNORE
Arrays is essential for understanding Web Development.,IGNORE
Inheritance is widely used within Software Engineering.,IGNORE
We will discuss Networking at 12:30 PM.,IGNORE
Welcome back to another session. Please take your seats.,IGNORE
Polymorphism can be difficult to master in Discrete Math.,IGNORE
The study of Artificial Intelligence involves normalization and related ideas.,IGNORE
The study of Networking involves normalization and related ideas.,IGNORE
We will discuss Web Development at 4:30 PM.,IGNORE
Unit 2: Data Science - Part 3,IGNORE
Hi guys. Please take your seats.,IGNORE
Inheritance is widely used within Artificial Intelligence.,IGNORE
Unit 9: Cybersecurity - Part 2,IGNORE
"Hello class, Is the aircon too cold?",IGNORE
We will discuss Web Development at 10:30 PM.,IGNORE
Encryption was originally developed for Discrete Math.,IGNORE
The study of Discrete Math involves inheritance and related ideas.,IGNORE
The study of Operating Systems involves inheritance and related ideas.,IGNORE
We will discuss Software Engineering at 3:30 PM.,IGNORE
Recursion is discussed in detail during Software Engineering.,IGNORE
The study of Software Engineering involves encryption and related ideas.,IGNORE
We will discuss Discrete Math at 8:00 PM.,IGNORE
Arrays can be difficult to master in Cybersecurity.,IGNORE
Encryption is widely used within Operating Systems.,IGNORE
The study of Operating Systems involves pointers and related ideas.,IGNORE
Normalization can be difficult to master in Networking.,IGNORE
Pointers is discussed in detail during Cybersecurity.,IGNORE
Unit 6: Web Development - Part 1,IGNORE
Unit 19: Software Engineering - Part 1,IGNORE
Unit 1: Cybersecurity - Part 2,IGNORE
Unit 10: Artificial Intelligence - Part 2,IGNORE
We will discuss Software Engineering at 2:30 PM.,IGNORE
We will discuss Web Development at 3:30 PM.,IGNORE
Unit 13: Networking - Part 5,IGNORE
Arrays is widely used within Networking.,IGNORE
Unit 4: Data Science - Part 1,IGNORE
Unit 8: Discrete Math - Part 5,IGNORE
Arrays was originally developed for Data Science.,IGNORE
Unit 6: Operating Systems - Part 4,IGNORE
Polymorphism is a fundamental concept in Web Development.,IGNORE
Recursion is a fundamental concept in Artificial Intelligence.,IGNORE
We will discuss Discrete Math at 11:00 PM.,IGNORE
Unit 10: Data Science - Part 5,IGNORE
The study of Cybersecurity involves inheritance and related ideas.,IGNORE
Unit 14: Artificial Intelligence - Part 1,IGNORE
We will discuss Data Science at 9:00 PM.,IGNORE
Unit 11: Software Engineering - Part 1,IGNORE
Unit 1: Discrete Math - Part 1,IGNORE
The study of Artificial Intelligence involves loops and related ideas.,IGNORE
Inheritance was originally developed for Data Science.,IGNORE
Loops is discussed in detail during Networking.,IGNORE
Recursion is widely used within Artificial Intelligence.,IGNORE
We will discuss Cybersecurity at 2:30 PM.,IGNORE
We will discuss Software Engineering at 11:00 PM.,IGNORE
Unit 8: Web Development - Part 5,IGNORE
We will discuss Cybersecurity at 3:30 PM.,IGNORE
We will discuss Artificial Intelligence at 5:00 PM.,IGNORE
We will discuss Operating Systems at 11:30 PM.,IGNORE
Recursion is essential for understanding Operating Systems.,IGNORE
The study of Cybersecurity involves pointers and related ideas.,IGNORE
Unit 20: Discrete Math - Part 2,IGNORE
The study of Data Science involves normalization and related ideas.,IGNORE
We will discuss Web Development at 3:00 PM.,IGNORE
Unit 5: Discrete Math - Part 5,IGNORE
Unit 14: Software Engineering - Part 2,IGNORE
The study of Software Engineering involves recursion and related ideas.,IGNORE
Pointers is a fundamental concept in Software Engineering.,IGNORE
Pointers is essential for understanding Web Development.,IGNORE
Arrays can be difficult to master in Web Development.,IGNORE
We will discuss Data Science at 11:30 PM.,IGNORE
Unit 20: Networking - Part 4,IGNORE
Unit 3: Cybersecurity - Part 4,IGNORE
Unit 9: Data Science - Part 4,IGNORE
Recursion is widely used within Web Development.,IGNORE
Unit 18: Software Engineering - Part 3,IGNORE
Loops was originally developed for Operating Systems.,IGNORE
Polymorphism is widely used within Data Science.,IGNORE
The study of Artificial Intelligence involves polymorphism and related ideas.,IGNORE
Polymorphism is essential for understanding Operating Systems.,IGNORE
Unit 17: Operating Systems - Part 1,IGNORE
Arrays is essential for understanding Discrete Math.,IGNORE
Normalization was originally developed for Networking.,IGNORE
Normalization is a fundamental concept in Software Engineering.,IGNORE
Unit 19: Software Engineering - Part 2,IGNORE
Unit 7: Operating Systems - Part 2,IGNORE
The study of Artificial Intelligence involves inheritance and related ideas.,IGNORE
Unit 6: Artificial Intelligence - Part 2,IGNORE
Unit 15: Networking - Part 2,IGNORE
Unit 9: Data Science - Part 1,IGNORE
The study of Networking involves loops and related ideas.,IGNORE
Encryption was originally developed for Operating Systems.,IGNORE
Unit 1: Software Engineering - Part 2,IGNORE
Unit 17: Data Science - Part 3,IGNORE
We will discuss Artificial Intelligence at 8:30 PM.,IGNORE
We will discuss Artificial Intelligence at 7:00 PM.,IGNORE
The study of Cybersecurity involves recursion and related ideas.,IGNORE
The study of Web Development involves inheritance and related ideas.,IGNORE
The study of Cybersecurity involves polymorphism and related ideas.,IGNORE
Unit 2: Data Science - Part 2,IGNORE
Unit 2: Artificial Intelligence - Part 1,IGNORE
Unit 2: Operating Systems - Part 2,IGNORE
Unit 2: Networking - Part 4,IGNORE
The study of Operating Systems involves arrays and related ideas.,IGNORE
The study of Data Science involves arrays and related ideas.,IGNORE
Unit 10: Cybersecurity - Part 1,IGNORE
We will discuss Operating Systems at 7:30 PM.,IGNORE
Unit 18: Operating Systems - Part 1,IGNORE
We will discuss Networking at 10:00 PM.,IGNORE
We will discuss Software Engineering at 9:00 PM.,IGNORE
Unit 18: Artificial Intelligence - Part 2,IGNORE
We will discuss Cybersecurity at 5:30 PM.,IGNORE
Unit 16: Networking - Part 1,IGNORE
The study of Discrete Math involves loops and related ideas.,IGNORE
Unit 17: Data Science - Part 5,IGNORE
Encryption can be difficult to master in Discrete Math.,IGNORE
Unit 4: Data Science - Part 2,IGNORE
Arrays is widely used within Cybersecurity.,IGNORE
Pointers can be difficult to master in Networking.,IGNORE
Normalization is essential for understanding Software Engineering.,IGNORE
Inheritance can be difficult to master in Web Development.,IGNORE
Pointers is essential for understanding Software Engineering.,IGNORE
Pointers can be difficult to master in Cybersecurity.,IGNORE
Unit 12: Discrete Math - Part 4,IGNORE
Unit 8: Artificial Intelligence - Part 4,IGNORE
Welcome back to another session. I hope you had a good lunch.,IGNORE
Unit 12: Web Development - Part 1,IGNORE
Unit 6: Software Engineering - Part 4,IGNORE
The study of Discrete Math involves arrays and related ideas.,IGNORE
Polymorphism can be difficult to master in Web Development.,IGNORE
Unit 3: Software Engineering - Part 1,IGNORE
The study of Software Engineering involves polymorphism and related ideas.,IGNORE
Pointers was originally developed for Operating Systems.,IGNORE
Unit 16: Artificial Intelligence - Part 3,IGNORE
We will discuss Discrete Math at 2:30 PM.,IGNORE
Unit 20: Cybersecurity - Part 3,IGNORE
The study of Web Development involves pointers and related ideas.,IGNORE
Unit 2: Data Science - Part 1,IGNORE
Unit 4: Data Science - Part 5,IGNORE
Recursion was originally developed for Networking.,IGNORE
We will discuss Cybersecurity at 10:30 PM.,IGNORE
Unit 11: Networking - Part 4,IGNORE
Unit 8: Data Science - Part 1,IGNORE
Unit 1: Web Development - Part 3,IGNORE
We will discuss Artificial Intelligence at 4:00 PM.,IGNORE
Inheritance is discussed in detail during Operating Systems.,IGNORE
We will discuss Discrete Math at 7:00 PM.,IGNORE
We will discuss Artificial Intelligence at 12:30 PM.,IGNORE
Encryption is discussed in detail during Operating Systems.,IGNORE
Unit 5: Networking - Part 2,IGNORE
Unit 4: Web Development - Part 3,IGNORE
Encryption is discussed in detail during Software Engineering.,IGNORE
We will discuss Networking at 2:00 PM.,IGNORE
Unit 14: Artificial Intelligence - Part 3,IGNORE
Unit 15: Web Development - Part 2,IGNORE
We will discuss Cybersecurity at 11:00 PM.,IGNORE
Pointers is widely used within Artificial Intelligence.,IGNORE
Unit 1: Data Science - Part 5,IGNORE
Normalization is discussed in detail during Discrete Math.,IGNORE
Arrays can be difficult to master in Artificial Intelligence.,IGNORE
We will discuss Discrete Math at 1:30 PM.,IGNORE
Arrays is discussed in detail during Operating Systems.,IGNORE
Arrays is essential for understanding Cybersecurity.,IGNORE
Unit 1: Operating Systems - Part 5,IGNORE
We will discuss Cybersecurity at 12:00 PM.,IGNORE
Unit 3: Operating Systems - Part 2,IGNORE
Loops was originally developed for Data Science.,IGNORE
The study of Cybersecurity involves normalization and related ideas.,IGNORE
Unit 14: Software Engineering - Part 3,IGNORE
The study of Data Science involves encryption and related ideas.,IGNORE
The study of Discrete Math involves encryption and related ideas.,IGNORE
We will discuss Cybersecurity at 1:30 PM.,IGNORE
Unit 6: Cybersecurity - Part 5,IGNORE
Unit 4: Networking - Part 1,IGNORE
The study of Artificial Intelligence involves pointers and related ideas.,IGNORE
We will discuss Operating Systems at 10:00 PM.,IGNORE
Normalization is a fundamental concept in Discrete Math.,IGNORE
Recursion was originally developed for Discrete Math.,IGNORE
Recursion is discussed in detail during Cybersecurity.,IGNORE
Unit 14: Networking - Part 2,IGNORE
We will discuss Cybersecurity at 9:00 PM.,IGNORE
Unit 13: Artificial Intelligence - Part 2,IGNORE
Loops is essential for understanding Cybersecurity.,IGNORE
Unit 16: Operating Systems - Part 2,IGNORE
Unit 4: Software Engineering - Part 3,IGNORE
Pointers is essential for understanding Cybersecurity.,IGNORE
Inheritance can be difficult to master in Operating Systems.,IGNORE
We will discuss Software Engineering at 7:30 PM.,IGNORE
The study of Web Development involves encryption and related ideas.,IGNORE
We will discuss Artificial Intelligence at 3:00 PM.,IGNORE
Loops is widely used within Web Development.,IGNORE
We will discuss Networking at 10:30 PM.,IGNORE
We will discuss Operating Systems at 2:30 PM.,IGNORE
We will discuss Web Development at 4:00 PM.,IGNORE
Loops is discussed in detail during Artificial Intelligence.,IGNORE
Encryption is widely used within Discrete Math.,IGNORE
Loops can be difficult to master in Networking.,IGNORE
We will discuss Cybersecurity at 6:30 PM.,IGNORE
We will discuss Artificial Intelligence at 3:30 PM.,IGNORE
Inheritance can be difficult to master in Discrete Math.,IGNORE
The study of Networking involves recursion and related ideas.,IGNORE
Unit 20: Operating Systems - Part 3,IGNORE
We will discuss Artificial Intelligence at 10:00 PM.,IGNORE
Recursion is discussed in detail during Web Development.,IGNORE
We will discuss Software Engineering at 6:00 PM.,IGNORE
Inheritance is a fundamental concept in Web Development.,IGNORE
Loops is a fundamental concept in Operating Systems.,IGNORE
Unit 4: Data Science - Part 3,IGNORE
We will discuss Web Development at 1:30 PM.,IGNORE
Polymorphism is a fundamental concept in Networking.,IGNORE
Loops is widely used within Operating Systems.,IGNORE
We will discuss Software Engineering at 7:00 PM.,IGNORE
The study of Networking involves polymorphism and related ideas.,IGNORE
We will discuss Data Science at 8:00 PM.,IGNORE
Recursion is essential for understanding Artificial Intelligence.,IGNORE
Normalization can be difficult to master in Operating Systems.,IGNORE
Inheritance is widely used within Networking.,IGNORE
The study of Software Engineering involves arrays and related ideas.,IGNORE
Unit 19: Data Science - Part 1,IGNORE
We will discuss Networking at 9:30 PM.,IGNORE
Unit 13: Cybersecurity - Part 4,IGNORE
Loops is widely used within Data Science.,IGNORE
Arrays is a fundamental concept in Software Engineering.,IGNORE
Pointers was originally developed for Artificial Intelligence.,IGNORE
Encryption can be difficult to master in Networking.,IGNORE
Encryption was originally developed for Networking.,IGNORE
Unit 8: Operating Systems - Part 2,IGNORE
Arrays is discussed in detail during Software Engineering.,IGNORE
We will discuss Software Engineering at 10:00 PM.,IGNORE
We will discuss Software Engineering at 1:00 PM.,IGNORE
Unit 17: Networking - Part 3,IGNORE
Unit 14: Software Engineering - Part 5,IGNORE
Normalization is essential for understanding Networking.,IGNORE
Unit 7: Artificial Intelligence - Part 1,IGNORE
Unit 12: Discrete Math - Part 5,IGNORE
The study of Artificial Intelligence involves arrays and related ideas.,IGNORE
We will discuss Artificial Intelligence at 12:00 PM.,IGNORE
Encryption was originally developed for Artificial Intelligence.,IGNORE
Unit 5: Discrete Math - Part 4,IGNORE
We will discuss Discrete Math at 7:30 PM.,IGNORE
The study of Operating Systems involves polymorphism and related ideas.,IGNORE
We will discuss Operating Systems at 3:00 PM.,IGNORE
Unit 2: Cybersecurity - Part 1,IGNORE
Recursion can be difficult to master in Operating Systems.,IGNORE
Unit 8: Data Science - Part 5,IGNORE
We will discuss Artificial Intelligence at 1:00 PM.,IGNORE
Unit 5: Networking - Part 3,IGNORE
We will discuss Artificial Intelligence at 11:30 PM.,IGNORE
We will discuss Operating Systems at 6:00 PM.,IGNORE
Unit 5: Web Development - Part 4,IGNORE
Unit 3: Software Engineering - Part 3,IGNORE
Normalization is a fundamental concept in Data Science.,IGNORE
Normalization is widely used within Operating Systems.,IGNORE
Unit 20: Web Development - Part 5,IGNORE
Loops is a fundamental concept in Software Engineering.,IGNORE
Recursion is discussed in detail during Discrete Math.,IGNORE
We will discuss Software Engineering at 12:30 PM.,IGNORE
Normalization was originally developed for Discrete Math.,IGNORE
We will discuss Networking at 11:00 PM.,IGNORE
Pointers is widely used within Data Science.,IGNORE
We will discuss Web Development at 7:30 PM.,IGNORE
We will discuss Operating Systems at 8:00 PM.,IGNORE
Unit 10: Software Engineering - Part 4,IGNORE
Unit 10: Software Engineering - Part 5,IGNORE
Polymorphism is a fundamental concept in Operating Systems.,IGNORE
We will discuss Discrete Math at 2:00 PM.,IGNORE
Unit 2: Software Engineering - Part 4,IGNORE
We will discuss Data Science at 7:30 PM.,IGNORE
Unit 13: Software Engineering - Part 3,IGNORE
Pointers is discussed in detail during Data Science.,IGNORE
Recursion is discussed in detail during Operating Systems.,IGNORE
Recursion is widely used within Operating Systems.,IGNORE
Normalization can be difficult to master in Discrete Math.,IGNORE
We will discuss Operating Systems at 12:30 PM.,IGNORE
Polymorphism can be difficult to master in Operating Systems.,IGNORE
Unit 5: Discrete Math - Part 3,IGNORE
Unit 15: Software Engineering - Part 5,IGNORE
Pointers is widely used within Discrete Math.,IGNORE
Loops is essential for understanding Software Engineering.,IGNORE
Encryption is widely used within Cybersecurity.,IGNORE
Normalization is essential for understanding Data Science.,IGNORE
Unit 6: Software Engineering - Part 2,IGNORE
Unit 1: Networking - Part 5,IGNORE
Recursion can be difficult to master in Cybersecurity.,IGNORE
Unit 7: Web Development - Part 3,IGNORE
We will discuss Discrete Math at 5:00 PM.,IGNORE
The study of Software Engineering involves inheritance and related ideas.,IGNORE
Polymorphism was originally developed for Discrete Math.,IGNORE
We will discuss Cybersecurity at 3:00 PM.,IGNORE
Arrays is essential for understanding Software Engineering.,IGNORE
Normalization was originally developed for Data Science.,IGNORE
Unit 13: Data Science - Part 3,IGNORE
Unit 13: Web Development - Part 4,IGNORE
The study of Networking involves inheritance and related ideas.,IGNORE
Unit 3: Networking - Part 3,IGNORE
Unit 20: Networking - Part 3,IGNORE
Unit 4: Discrete Math - Part 2,IGNORE
Unit 11: Cybersecurity - Part 1,IGNORE
Unit 20: Artificial Intelligence - Part 4,IGNORE
Unit 7: Artificial Intelligence - Part 2,IGNORE
We will discuss Web Development at 9:00 PM.,IGNORE
Unit 2: Artificial Intelligence - Part 4,IGNORE
Pointers is a fundamental concept in Networking.,IGNORE
Unit 13: Networking - Part 3,IGNORE
Pointers is widely used within Software Engineering.,IGNORE
Unit 20: Software Engineering - Part 5,IGNORE
Unit 14: Networking - Part 4,IGNORE
Loops was originally developed for Cybersecurity.,IGNORE
Polymorphism is essential for understanding Software Engineering.,IGNORE
The study of Operating Systems involves loops and related ideas.,IGNORE
We will discuss Cybersecurity at 2:00 PM.,IGNORE
Inheritance is discussed in detail during Discrete Math.,IGNORE
Unit 7: Data Science - Part 3,IGNORE
Unit 20: Web Development - Part 4,IGNORE
We will discuss Data Science at 12:30 PM.,IGNORE
Pointers can be difficult to master in Data Science.,IGNORE
Loops is a fundamental concept in Discrete Math.,IGNORE
The study of Web Development involves loops and related ideas.,IGNORE
We will discuss Cybersecurity at 12:30 PM.,IGNORE
Encryption is a fundamental concept in Artificial Intelligence.,IGNORE
Pointers can be difficult to master in Software Engineering.,IGNORE
Encryption is essential for understanding Discrete Math.,IGNORE
We will discuss Cybersecurity at 8:30 PM.,IGNORE
Unit 19: Cybersecurity - Part 1,IGNORE
Arrays is a fundamental concept in Networking.,IGNORE
Polymorphism can be difficult to master in Artificial Intelligence.,IGNORE
We will discuss Web Development at 9:30 PM.,IGNORE
Unit 2: Cybersecurity - Part 3,IGNORE
Polymorphism can be difficult to master in Networking.,IGNORE
We will discuss Artificial Intelligence at 8:00 PM.,IGNORE
Loops is essential for understanding Artificial Intelligence.,IGNORE
Unit 18: Discrete Math - Part 2,IGNORE
Normalization was originally developed for Operating Systems.,IGNORE
Recursion was originally developed for Data Science.,IGNORE
Normalization is a fundamental concept in Operating Systems.,IGNORE
Arrays was originally developed for Networking.,IGNORE
Arrays can be difficult to master in Discrete Math.,IGNORE
We will discuss Networking at 6:30 PM.,IGNORE
We will discuss Networking at 4:00 PM.,IGNORE
Unit 11: Cybersecurity - Part 3,IGNORE
Unit 15: Software Engineering - Part 3,IGNORE
Unit 5: Cybersecurity - Part 1,IGNORE
Unit 11: Web Development - Part 2,IGNORE
Recursion was originally developed for Artificial Intelligence.,IGNORE
We will discuss Artificial Intelligence at 2:30 PM.,IGNORE
We will discuss Networking at 8:30 PM.,IGNORE
Inheritance is widely used within Web Development.,IGNORE
Normalization was originally developed for Software Engineering.,IGNORE
Loops can be difficult to master in Artificial Intelligence.,IGNORE
We will discuss Software Engineering at 2:00 PM.,IGNORE
Pointers is widely used within Web Development.,IGNORE
We will discuss Networking at 11:30 PM.,IGNORE
Unit 14: Web Development - Part 2,IGNORE
Unit 20: Discrete Math - Part 5,IGNORE
Unit 10: Operating Systems - Part 3,IGNORE
Loops is discussed in detail during Web Development.,IGNORE
Inheritance is essential for understanding Software Engineering.,IGNORE
Unit 7: Discrete Math - Part 2,IGNORE
Unit 20: Cybersecurity - Part 5,IGNORE
Unit 9: Cybersecurity - Part 3,IGNORE
Encryption is widely used within Software Engineering.,IGNORE
We will discuss Networking at 3:30 PM.,IGNORE
Inheritance is widely used within Discrete Math.,IGNORE
Recursion is widely used within Software Engineering.,IGNORE
Unit 1: Software Engineering - Part 4,IGNORE
Recursion is a fundamental concept in Networking.,IGNORE
We will discuss Operating Systems at 3:30 PM.,IGNORE
Unit 20: Software Engineering - Part 2,IGNORE
Pointers is a fundamental concept in Discrete Math.,IGNORE
Unit 6: Operating Systems - Part 5,IGNORE
Unit 17: Artificial Intelligence - Part 4,IGNORE
Recursion was originally developed for Software Engineering.,IGNORE
Unit 6: Data Science - Part 5,IGNORE
Inheritance can be difficult to master in Networking.,IGNORE
Unit 5: Cybersecurity - Part 3,IGNORE
Pointers can be difficult to master in Web Development.,IGNORE
We will discuss Web Development at 7:00 PM.,IGNORE
Unit 9: Networking - Part 1,IGNORE
Unit 11: Networking - Part 2,IGNORE
Recursion was originally developed for Web Development.,IGNORE
We will discuss Networking at 7:00 PM.,IGNORE
Unit 20: Discrete Math - Part 3,IGNORE
Unit 9: Operating Systems - Part 2,IGNORE
Normalization is a fundamental concept in Artificial Intelligence.,IGNORE
Loops is discussed in detail during Cybersecurity.,IGNORE
Unit 13: Operating Systems - Part 1,IGNORE
Unit 17: Software Engineering - Part 3,IGNORE
We will discuss Data Science at 3:00 PM.,IGNORE
Unit 4: Cybersecurity - Part 5,IGNORE
Inheritance is discussed in detail during Networking.,IGNORE
We will discuss Web Development at 11:00 PM.,IGNORE
Polymorphism is essential for understanding Data Science.,IGNORE
Unit 19: Discrete Math - Part 5,IGNORE
Unit 11: Data Science - Part 3,IGNORE
Unit 13: Operating Systems - Part 5,IGNORE
Recursion is a fundamental concept in Discrete Math.,IGNORE
Unit 9: Discrete Math - Part 3,IGNORE
Unit 1: Discrete Math - Part 5,IGNORE
Unit 2: Operating Systems - Part 3,IGNORE
We will discuss Cybersecurity at 1:00 PM.,IGNORE
Unit 3: Discrete Math - Part 5,IGNORE
We will discuss Web Development at 8:30 PM.,IGNORE
Unit 14: Cybersecurity - Part 1,IGNORE
We will discuss Networking at 5:30 PM.,IGNORE
Recursion is discussed in detail during Data Science.,IGNORE
Arrays is discussed in detail during Web Development.,IGNORE
Unit 17: Networking - Part 5,IGNORE
Unit 15: Discrete Math - Part 5,IGNORE
Unit 1: Artificial Intelligence - Part 2,IGNORE
We will discuss Operating Systems at 9:00 PM.,IGNORE
Unit 10: Discrete Math - Part 1,IGNORE
We will discuss Discrete Math at 3:00 PM.,IGNORE
Unit 5: Networking - Part 1,IGNORE
Unit 19: Web Development - Part 1,IGNORE
We will discuss Operating Systems at 1:30 PM.,IGNORE
Arrays was originally developed for Discrete Math.,IGNORE
Unit 18: Operating Systems - Part 5,IGNORE
Unit 4: Discrete Math - Part 3,IGNORE
We will discuss Operating Systems at 5:00 PM.,IGNORE
Encryption is a fundamental concept in Networking.,IGNORE
Loops was originally developed for Networking.,IGNORE
Recursion is essential for understanding Software Engineering.,IGNORE
Unit 9: Discrete Math - Part 1,IGNORE
Arrays is discussed in detail during Discrete Math.,IGNORE
Unit 2: Web Development - Part 4,IGNORE
Arrays was originally developed for Artificial Intelligence.,IGNORE
Unit 18: Operating Systems - Part 4,IGNORE
Unit 16: Cybersecurity - Part 5,IGNORE
Unit 3: Operating Systems - Part 3,IGNORE
Arrays is widely used within Discrete Math.,IGNORE
Unit 10: Data Science - Part 2,IGNORE
Unit 13: Artificial Intelligence - Part 1,IGNORE
Normalization can be difficult to master in Data Science.,IGNORE
Normalization is widely used within Cybersecurity.,IGNORE
Unit 17: Operating Systems - Part 2,IGNORE
Polymorphism is widely used within Discrete Math.,IGNORE
Recursion is a fundamental concept in Software Engineering.,IGNORE
Encryption is discussed in detail during Web Development.,IGNORE
Unit 16: Operating Systems - Part 1,IGNORE
Unit 6: Operating Systems - Part 3,IGNORE
Inheritance is a fundamental concept in Artificial Intelligence.,IGNORE
Unit 6: Cybersecurity - Part 3,IGNORE
Unit 4: Cybersecurity - Part 3,IGNORE
Unit 9: Software Engineering - Part 5,IGNORE
We will discuss Discrete Math at 1:00 PM.,IGNORE
Unit 11: Artificial Intelligence - Part 1,IGNORE
Pointers is essential for understanding Networking.,IGNORE
Unit 12: Data Science - Part 4,IGNORE
We will discuss Data Science at 12:00 PM.,IGNORE
Unit 19: Cybersecurity - Part 5,IGNORE
Unit 6: Artificial Intelligence - Part 3,IGNORE
Unit 7: Networking - Part 1,IGNORE
The study of Software Engineering involves loops and related ideas.,IGNORE
Encryption is a fundamental concept in Data Science.,IGNORE
We will discuss Data Science at 6:00 PM.,IGNORE
Pointers can be difficult to master in Artificial Intelligence.,IGNORE
Loops is discussed in detail during Discrete Math.,IGNORE
Normalization is widely used within Web Development.,IGNORE
Inheritance is discussed in detail during Artificial Intelligence.,IGNORE
We will discuss Data Science at 2:00 PM.,IGNORE
We will discuss Discrete Math at 10:30 PM.,IGNORE
Unit 7: Data Science - Part 2,IGNORE
Unit 15: Operating Systems - Part 4,IGNORE
Unit 16: Operating Systems - Part 3,IGNORE
Inheritance can be difficult to master in Data Science.,IGNORE
Inheritance is widely used within Operating Systems.,IGNORE
Normalization is discussed in detail during Artificial Intelligence.,IGNORE
Unit 11: Software Engineering - Part 5,IGNORE
We will discuss Software Engineering at 11:30 PM.,IGNORE
Encryption is a fundamental concept in Operating Systems.,IGNORE
Encryption can be difficult to master in Cybersecurity.,IGNORE
Unit 7: Cybersecurity - Part 3,IGNORE
We will discuss Web Development at 5:30 PM.,IGNORE
We will discuss Artificial Intelligence at 9:00 PM.,IGNORE
Unit 5: Data Science - Part 5,IGNORE
Unit 8: Cybersecurity - Part 1,IGNORE
Unit 5: Web Development - Part 2,IGNORE
Unit 15: Web Development - Part 4,IGNORE
Arrays is essential for understanding Data Science.,IGNORE
Loops is a fundamental concept in Web Development.,IGNORE
Unit 14: Operating Systems - Part 2,IGNORE
Unit 2: Cybersecurity - Part 2,IGNORE
Arrays is a fundamental concept in Web Development.,IGNORE
Inheritance is essential for understanding Artificial Intelligence.,IGNORE
Unit 20: Data Science - Part 5,IGNORE
Encryption is widely used within Web Development.,IGNORE
Unit 16: Cybersecurity - Part 2,IGNORE
Unit 8: Cybersecurity - Part 2,IGNORE
Unit 20: Software Engineering - Part 3,IGNORE
Unit 9: Operating Systems - Part 1,IGNORE
We will discuss Networking at 1:30 PM.,IGNORE
Pointers is a fundamental concept in Cybersecurity.,IGNORE
Recursion is essential for understanding Web Development.,IGNORE
Unit 5: Operating Systems - Part 2,IGNORE
We will discuss Discrete Math at 5:30 PM.,IGNORE
Recursion is essential for understanding Cybersecurity.,IGNORE
We will discuss Software Engineering at 9:30 PM.,IGNORE
We will discuss Software Engineering at 5:30 PM.,IGNORE
Unit 18: Discrete Math - Part 3,IGNORE
Recursion is discussed in detail during Artificial Intelligence.,IGNORE
Unit 1: Data Science - Part 4,IGNORE
Unit 9: Artificial Intelligence - Part 2,IGNORE
Unit 13: Cybersecurity - Part 3,IGNORE
Inheritance is discussed in detail during Web Development.,IGNORE
Unit 8: Artificial Intelligence - Part 2,IGNORE
Polymorphism was originally developed for Data Science.,IGNORE
We will discuss Networking at 4:30 PM.,IGNORE
Unit 10: Web Development - Part 5,IGNORE
We will discuss Data Science at 6:30 PM.,IGNORE
Unit 15: Cybersecurity - Part 5,IGNORE
Inheritance is widely used within Data Science.,IGNORE
Loops is a fundamental concept in Artificial Intelligence.,IGNORE
Unit 4: Operating Systems - Part 2,IGNORE
We will discuss Cybersecurity at 9:30 PM.,IGNORE
We will discuss Software Engineering at 3:00 PM.,IGNORE
Unit 6: Discrete Math - Part 4,IGNORE
Unit 18: Web Development - Part 5,IGNORE
Unit 2: Data Science - Part 5,IGNORE
Unit 1: Artificial Intelligence - Part 5,IGNORE
Unit 4: Artificial Intelligence - Part 2,IGNORE
Inheritance is essential for understanding Operating Systems.,IGNORE
Unit 11: Software Engineering - Part 2,IGNORE
Recursion is essential for understanding Discrete Math.,IGNORE
Loops is a fundamental concept in Data Science.,IGNORE
Loops can be difficult to master in Web Development.,IGNORE
Unit 19: Data Science - Part 5,IGNORE
We will discuss Operating Systems at 5:30 PM.,IGNORE
Unit 5: Artificial Intelligence - Part 1,IGNORE
We will discuss Artificial Intelligence at 1:30 PM.,IGNORE
We will discuss Operating Systems at 12:00 PM.,IGNORE
Encryption is discussed in detail during Data Science.,IGNORE
We will discuss Operating Systems at 4:30 PM.,IGNORE
Normalization is discussed in detail during Cybersecurity.,IGNORE
We will discuss Operating Systems at 6:30 PM.,IGNORE
Encryption is essential for understanding Cybersecurity.,IGNORE
Polymorphism is a fundamental concept in Artificial Intelligence.,IGNORE
Unit 7: Operating Systems - Part 1,IGNORE
Arrays is essential for understanding Artificial Intelligence.,IGNORE
Unit 5: Artificial Intelligence - Part 5,IGNORE
We will discuss Operating Systems at 1:00 PM.,IGNORE
Pointers was originally developed for Discrete Math.,IGNORE
Unit 7: Web Development - Part 4,IGNORE
Encryption is essential for understanding Operating Systems.,IGNORE
We will discuss Cybersecurity at 7:00 PM.,IGNORE
Inheritance was originally developed for Operating Systems.,IGNORE
We will discuss Artificial Intelligence at 6:00 PM.,IGNORE
Unit 2: Discrete Math - Part 4,IGNORE
We will discuss Web Development at 10:00 PM.,IGNORE
Unit 11: Data Science - Part 4,IGNORE
Unit 11: Operating Systems - Part 5,IGNORE
Loops is discussed in detail during Operating Systems.,IGNORE
Encryption is discussed in detail during Discrete Math.,IGNORE
Unit 18: Discrete Math - Part 4,IGNORE
Unit 6: Networking - Part 4,IGNORE
Polymorphism can be difficult to master in Data Science.,IGNORE
Unit 7: Data Science - Part 4,IGNORE
We will discuss Operating Systems at 11:00 PM.,IGNORE
Encryption is essential for understanding Software Engineering.,IGNORE
Encryption is discussed in detail during Networking.,IGNORE
Normalization is widely used within Software Engineering.,IGNORE
We will discuss Discrete Math at 8:30 PM.,IGNORE
Unit 17: Data Science - Part 1,IGNORE
Unit 5: Web Development - Part 5,IGNORE
Unit 11: Data Science - Part 2,IGNORE
We will discuss Discrete Math at 3:30 PM.,IGNORE
Unit 7: Artificial Intelligence - Part 5,IGNORE
Encryption can be difficult to master in Operating Systems.,IGNORE
We will discuss Artificial Intelligence at 2:00 PM.,IGNORE
Unit 8: Web Development - Part 2,IGNORE
Unit 10: Web Development - Part 2,IGNORE
Encryption can be difficult to master in Web Development.,IGNORE
Recursion is widely used within Discrete Math.,IGNORE
Unit 5: Data Science - Part 3,IGNORE
Unit 1: Cybersecurity - Part 1,IGNORE
Unit 3: Software Engineering - Part 4,IGNORE
Unit 3: Cybersecurity - Part 1,IGNORE
Unit 10: Cybersecurity - Part 3,IGNORE
Unit 9: Software Engineering - Part 2,IGNORE
Loops can be difficult to master in Software Engineering.,IGNORE
Unit 18: Software Engineering - Part 1,IGNORE
Unit 13: Web Development - Part 3,IGNORE
Unit 9: Web Development - Part 2,IGNORE
Unit 9: Cybersecurity - Part 1,IGNORE
Unit 10: Networking - Part 1,IGNORE
Polymorphism was originally developed for Software Engineering.,IGNORE
Unit 18: Networking - Part 3,IGNORE
Polymorphism is widely used within Cybersecurity.,IGNORE
Unit 18: Web Development - Part 1,IGNORE
Inheritance was originally developed for Cybersecurity.,IGNORE
Unit 15: Data Science - Part 2,IGNORE
Inheritance can be difficult to master in Artificial Intelligence.,IGNORE
Unit 4: Artificial Intelligence - Part 4,IGNORE
Unit 19: Artificial Intelligence - Part 4,IGNORE
Normalization was originally developed for Cybersecurity.,IGNORE
We will discuss Data Science at 10:00 PM.,IGNORE
We will discuss Cybersecurity at 5:00 PM.,IGNORE
We will discuss Discrete Math at 11:30 PM.,IGNORE
We will discuss Artificial Intelligence at 9:30 PM.,IGNORE
Inheritance is a fundamental concept in Cybersecurity.,IGNORE
Unit 18: Operating Systems - Part 3,IGNORE
Unit 15: Discrete Math - Part 2,IGNORE
Unit 12: Networking - Part 4,IGNORE
Normalization is a fundamental concept in Cybersecurity.,IGNORE
Normalization is widely used within Networking.,IGNORE
Unit 1: Web Development - Part 5,IGNORE
Pointers is discussed in detail during Artificial Intelligence.,IGNORE
Inheritance was originally developed for Web Development.,IGNORE
Arrays is a fundamental concept in Discrete Math.,IGNORE
Unit 11: Discrete Math - Part 3,IGNORE
Polymorphism is a fundamental concept in Data Science.,IGNORE
We will discuss Operating Systems at 7:00 PM.,IGNORE
Unit 11: Networking - Part 5,IGNORE
We will discuss Data Science at 8:30 PM.,IGNORE
Inheritance is a fundamental concept in Data Science.,IGNORE
Unit 18: Discrete Math - Part 1,IGNORE
Unit 2: Cybersecurity - Part 4,IGNORE
Unit 17: Software Engineering - Part 5,IGNORE
Unit 6: Web Development - Part 5,IGNORE
We will discuss Networking at 2:30 PM.,IGNORE
Arrays is widely used within Operating Systems.,IGNORE
Unit 6: Networking - Part 2,IGNORE
Unit 11: Web Development - Part 3,IGNORE
Pointers was originally developed for Web Development.,IGNORE
Unit 15: Discrete Math - Part 3,IGNORE
Inheritance is essential for understanding Cybersecurity.,IGNORE
Unit 8: Web Development - Part 4,IGNORE
Unit 5: Discrete Math - Part 2,IGNORE
Unit 17: Artificial Intelligence - Part 3,IGNORE
We will discuss Software Engineering at 1:30 PM.,IGNORE
Polymorphism is widely used within Operating Systems.,IGNORE
We will discuss Operating Systems at 4:00 PM.,IGNORE
Unit 10: Operating Systems - Part 5,IGNORE
Inheritance is a fundamental concept in Networking.,IGNORE
Unit 12: Data Science - Part 2,IGNORE
Recursion was originally developed for Operating Systems.,IGNORE
We will discuss Cybersecurity at 4:30 PM.,IGNORE
We will discuss Software Engineering at 5:00 PM.,IGNORE
We will discuss Discrete Math at 9:30 PM.,IGNORE
Unit 18: Web Development - Part 2,IGNORE
Unit 19: Data Science - Part 2,IGNORE
Encryption can be difficult to master in Software Engineering.,IGNORE
Unit 10: Data Science - Part 3,IGNORE
Unit 19: Operating Systems - Part 4,IGNORE
Unit 8: Networking - Part 5,IGNORE
We will discuss Operating Systems at 2:00 PM.,IGNORE
Unit 20: Cybersecurity - Part 4,IGNORE
Unit 6: Data Science - Part 1,IGNORE
Unit 19: Networking - Part 2,IGNORE
Unit 16: Networking - Part 4,IGNORE
We will discuss Cybersecurity at 6:00 PM.,IGNORE
Unit 12: Artificial Intelligence - Part 5,IGNORE
Inheritance is discussed in detail during Data Science.,IGNORE
Unit 9: Data Science - Part 3,IGNORE
We will discuss Data Science at 10:30 PM.,IGNORE
Unit 9: Data Science - Part 5,IGNORE
Unit 8: Software Engineering - Part 5,IGNORE
Unit 17: Artificial Intelligence - Part 2,IGNORE
Encryption is widely used within Networking.,IGNORE
Unit 11: Cybersecurity - Part 5,IGNORE
Unit 19: Artificial Intelligence - Part 3,IGNORE
Unit 4: Web Development - Part 1,IGNORE
Encryption is essential for understanding Artificial Intelligence.,IGNORE
Unit 13: Data Science - Part 1,IGNORE
Unit 16: Artificial Intelligence - Part 1,IGNORE
Polymorphism is essential for understanding Cybersecurity.,IGNORE
Pointers is a fundamental concept in Data Science.,IGNORE
Unit 10: Networking - Part 5,IGNORE
Unit 2: Web Development - Part 5,IGNORE
Unit 13: Data Science - Part 2,IGNORE
Normalization is a fundamental concept in Web Development.,IGNORE
Unit 17: Artificial Intelligence - Part 5,IGNORE
Unit 3: Cybersecurity - Part 3,IGNORE
Recursion can be difficult to master in Web Development.,IGNORE
Normalization is discussed in detail during Web Development.,IGNORE
Unit 14: Artificial Intelligence - Part 5,IGNORE
Unit 18: Networking - Part 4,IGNORE
Pointers was originally developed for Networking.,IGNORE
We will discuss Networking at 6:00 PM.,IGNORE
Unit 19: Web Development - Part 2,IGNORE
We will discuss Web Development at 1:00 PM.,IGNORE
Unit 20: Data Science - Part 2,IGNORE
Unit 15: Operating Systems - Part 5,IGNORE
Loops can be difficult to master in Discrete Math.,IGNORE
Unit 2: Networking - Part 5,IGNORE
We will discuss Discrete Math at 6:00 PM.,IGNORE
Unit 14: Software Engineering - Part 4,IGNORE
Unit 1: Networking - Part 3,IGNORE
Polymorphism is widely used within Artificial Intelligence.,IGNORE
Arrays is discussed in detail during Artificial Intelligence.,IGNORE
Polymorphism was originally developed for Artificial Intelligence.,IGNORE
Arrays can be difficult to master in Software Engineering.,IGNORE
Unit 11: Artificial Intelligence - Part 2,IGNORE
Unit 4: Web Development - Part 5,IGNORE
Unit 5: Web Development - Part 1,IGNORE
Unit 1: Software Engineering - Part 3,IGNORE
Unit 15: Operating Systems - Part 2,IGNORE
Unit 20: Web Development - Part 2,IGNORE
We will discuss Networking at 7:30 PM.,IGNORE
Encryption is a fundamental concept in Web Development.,IGNORE
Unit 3: Web Development - Part 3,IGNORE
Unit 15: Artificial Intelligence - Part 1,IGNORE
Arrays is a fundamental concept in Cybersecurity.,IGNORE
Normalization can be difficult to master in Software Engineering.,IGNORE
Unit 16: Data Science - Part 1,IGNORE
Arrays was originally developed for Cybersecurity.,IGNORE
Unit 19: Web Development - Part 3,IGNORE
Unit 20: Software Engineering - Part 4,IGNORE
Unit 3: Web Development - Part 2,IGNORE
Unit 12: Networking - Part 1,IGNORE
Unit 15: Networking - Part 1,IGNORE
Polymorphism is discussed in detail during Data Science.,IGNORE
Loops is a fundamental concept in Networking.,IGNORE
Unit 7: Data Science - Part 1,IGNORE
Unit 5: Software Engineering - Part 2,IGNORE
Inheritance was originally developed for Artificial Intelligence.,IGNORE
Unit 17: Data Science - Part 4,IGNORE
We will discuss Data Science at 4:00 PM.,IGNORE
Unit 13: Artificial Intelligence - Part 4,IGNORE
Unit 3: Discrete Math - Part 2,IGNORE
We will discuss Web Development at 2:30 PM.,IGNORE
Polymorphism is discussed in detail during Networking.,IGNORE
Loops is widely used within Software Engineering.,IGNORE
Unit 5: Networking - Part 5,IGNORE
Pointers is a fundamental concept in Operating Systems.,IGNORE
Unit 17: Software Engineering - Part 1,IGNORE
Unit 16: Cybersecurity - Part 1,IGNORE
Loops can be difficult to master in Operating Systems.,IGNORE
Pointers is essential for understanding Data Science.,IGNORE
Loops is widely used within Artificial Intelligence.,IGNORE
Unit 2: Discrete Math - Part 2,IGNORE
Arrays is a fundamental concept in Data Science.,IGNORE
Unit 19: Software Engineering - Part 4,IGNORE
Normalization is discussed in detail during Networking.,IGNORE
We will discuss Artificial Intelligence at 7:30 PM.,IGNORE
Unit 9: Artificial Intelligence - Part 1,IGNORE
Unit 1: Software Engineering - Part 1,IGNORE
Recursion is a fundamental concept in Cybersecurity.,IGNORE
Recursion is discussed in detail during Networking.,IGNORE
Unit 12: Cybersecurity - Part 5,IGNORE
Unit 15: Cybersecurity - Part 1,IGNORE
Unit 4: Networking - Part 4,IGNORE
Unit 13: Web Development - Part 5,IGNORE
Polymorphism is a fundamental concept in Cybersecurity.,IGNORE
Polymorphism can be difficult to master in Cybersecurity.,IGNORE
Loops was originally developed for Software Engineering.,IGNORE
Unit 12: Cybersecurity - Part 2,IGNORE
Unit 10: Web Development - Part 4,IGNORE
Unit 1: Artificial Intelligence - Part 4,IGNORE
We will discuss Cybersecurity at 4:00 PM.,IGNORE
Unit 13: Networking - Part 2,IGNORE
Unit 14: Cybersecurity - Part 3,IGNORE
Unit 6: Cybersecurity - Part 1,IGNORE
Unit 1: Cybersecurity - Part 5,IGNORE
Unit 10: Cybersecurity - Part 5,IGNORE
Unit 7: Artificial Intelligence - Part 4,IGNORE
We will discuss Networking at 12:00 PM.,IGNORE
Unit 9: Web Development - Part 5,IGNORE
Unit 14: Artificial Intelligence - Part 2,IGNORE
Unit 17: Software Engineering - Part 2,IGNORE
Encryption is essential for understanding Web Development.,IGNORE
Unit 2: Operating Systems - Part 4,IGNORE
Unit 4: Networking - Part 3,IGNORE
Unit 8: Networking - Part 2,IGNORE
We will discuss Discrete Math at 4:30 PM.,IGNORE
We will discuss Cybersecurity at 7:30 PM.,IGNORE
Unit 19: Data Science - Part 4,IGNORE
Unit 8: Software Engineering - Part 1,IGNORE
Unit 19: Operating Systems - Part 1,IGNORE
Unit 7: Networking - Part 4,IGNORE
Unit 4: Discrete Math - Part 1,IGNORE
Unit 14: Operating Systems - Part 4,IGNORE
Unit 2: Artificial Intelligence - Part 2,IGNORE
Unit 12: Artificial Intelligence - Part 4,IGNORE
Unit 18: Web Development - Part 4,IGNORE
Normalization can be difficult to master in Web Development.,IGNORE
Unit 20: Cybersecurity - Part 1,IGNORE
Unit 5: Cybersecurity - Part 2,IGNORE
Loops is essential for understanding Operating Systems.,IGNORE
Arrays is a fundamental concept in Operating Systems.,IGNORE
Unit 14: Data Science - Part 5,IGNORE
Polymorphism is discussed in detail during Discrete Math.,IGNORE
Unit 9: Software Engineering - Part 4,IGNORE
Unit 14: Web Development - Part 1,IGNORE
Unit 5: Operating Systems - Part 3,IGNORE
Unit 1: Networking - Part 2,IGNORE
Unit 17: Operating Systems - Part 3,IGNORE
Polymorphism is discussed in detail during Cybersecurity.,IGNORE
Unit 13: Software Engineering - Part 1,IGNORE
Unit 1: Web Development - Part 4,IGNORE
Unit 10: Networking - Part 4,IGNORE
We will discuss Operating Systems at 9:30 PM.,IGNORE
Unit 10: Data Science - Part 4,IGNORE
Unit 3: Artificial Intelligence - Part 3,IGNORE
Unit 12: Web Development - Part 3,IGNORE
Unit 11: Software Engineering - Part 3,IGNORE
Unit 6: Networking - Part 3,IGNORE
Loops is essential for understanding Web Development.,IGNORE
Unit 19: Discrete Math - Part 4,IGNORE
Unit 12: Software Engineering - Part 3,IGNORE
Unit 15: Artificial Intelligence - Part 3,IGNORE
We will discuss Software Engineering at 12:00 PM.,IGNORE
Unit 14: Data Science - Part 3,IGNORE
Unit 1: Artificial Intelligence - Part 3,IGNORE
Unit 11: Web Development - Part 4,IGNORE
Unit 9: Software Engineering - Part 1,IGNORE
Unit 2: Software Engineering - Part 1,IGNORE
Inheritance can be difficult to master in Cybersecurity.,IGNORE
Inheritance is essential for understanding Web Development.,IGNORE
We will discuss Web Development at 12:00 PM.,IGNORE
We will discuss Discrete Math at 12:30 PM.,IGNORE
We will discuss Web Development at 6:00 PM.,IGNORE
Unit 7: Artificial Intelligence - Part 3,IGNORE
Unit 7: Cybersecurity - Part 5,IGNORE
Recursion can be difficult to master in Networking.,IGNORE
Arrays is a fundamental concept in Artificial Intelligence.,IGNORE
Unit 12: Networking - Part 5,IGNORE
Unit 9: Artificial Intelligence - Part 5,IGNORE
Arrays is discussed in detail during Data Science.,IGNORE
Unit 5: Artificial Intelligence - Part 3,IGNORE
Encryption is a fundamental concept in Software Engineering.,IGNORE
Pointers is a fundamental concept in Web Development.,IGNORE
Unit 18: Networking - Part 5,IGNORE
Unit 19: Operating Systems - Part 2,IGNORE
Unit 7: Discrete Math - Part 5,IGNORE
Unit 17: Web Development - Part 2,IGNORE
Unit 12: Operating Systems - Part 2,IGNORE
Unit 11: Discrete Math - Part 1,IGNORE
Unit 9: Data Science - Part 2,IGNORE
Unit 16: Cybersecurity - Part 4,IGNORE
Recursion is widely used within Data Science.,IGNORE
Unit 2: Web Development - Part 1,IGNORE
Recursion is a fundamental concept in Operating Systems.,IGNORE
Normalization is essential for understanding Artificial Intelligence.,IGNORE
Pointers is widely used within Cybersecurity.,IGNORE
Unit 3: Networking - Part 2,IGNORE
Loops is discussed in detail during Software Engineering.,IGNORE
Unit 3: Data Science - Part 5,IGNORE
Unit 2: Cybersecurity - Part 5,IGNORE
Pointers can be difficult to master in Operating Systems.,IGNORE
Pointers is a fundamental concept in Artificial Intelligence.,IGNORE
Pointers can be difficult to master in Discrete Math.,IGNORE
We will discuss Web Development at 8:00 PM.,IGNORE
We will discuss Operating Systems at 8:30 PM.,IGNORE
Unit 2: Artificial Intelligence - Part 3,IGNORE
Unit 17: Networking - Part 1,IGNORE
Unit 8: Discrete Math - Part 4,IGNORE
Polymorphism was originally developed for Networking.,IGNORE
Extra Credit: add a unit test for the UI for an additional 86 points.,OPTIONAL_BONUS
For extra points: optimize the runtime in the backend for an additional 97 points.,OPTIONAL_BONUS
Optional: optimize the runtime within the user dashboard for an additional 100 points.,OPTIONAL_BONUS
Additional Task: refactor the middleware on the landing page for an additional 49 points.,OPTIONAL_BONUS
For extra points: optimize the runtime for the login flow for an additional 65 points.,OPTIONAL_BONUS
Volunteer Task: optimize the runtime within the user dashboard for an additional 6 points.,OPTIONAL_BONUS
Bonus: implement a dark mode for the login flow for an additional 65 points.,OPTIONAL_BONUS
Extra Credit: optimize the runtime for the login flow for an additional 7 points.,OPTIONAL_BONUS
Bonus: create a README.md for the UI for an additional 89 points.,OPTIONAL_BONUS
Extra Credit: add a unit test within the user dashboard for an additional 10 points.,OPTIONAL_BONUS
Extra Credit: add a unit test on the landing page for an additional 23 points.,OPTIONAL_BONUS
For extra points: create a README.md on the landing page for an additional 24 points.,OPTIONAL_BONUS
Extra Credit: deploy to Vercel on the landing page for an additional 61 points.,OPTIONAL_BONUS
For extra points: implement a dark mode for the UI for an additional 24 points.,OPTIONAL_BONUS
Additional Task: refactor the middleware within the user dashboard for an additional 16 points.,OPTIONAL_BONUS
Optional: optimize the runtime within the user dashboard for an additional 31 points.,OPTIONAL_BONUS
Additional Task: implement a dark mode for the UI for an additional 69 points.,OPTIONAL_BONUS
For extra points: refactor the middleware for the login flow for an additional 14 points.,OPTIONAL_BONUS
Optional: optimize the runtime for the UI for an additional 60 points.,OPTIONAL_BONUS
For extra points: deploy to Vercel for the login flow for an additional 35 points.,OPTIONAL_BONUS
Volunteer Task: implement a dark mode for the UI for an additional 25 points.,OPTIONAL_BONUS
Volunteer Task: add a unit test in the backend for an additional 63 points.,OPTIONAL_BONUS
For extra points: implement a dark mode on the landing page for an additional 50 points.,OPTIONAL_BONUS
Bonus: refactor the middleware on the landing page for an additional 95 points.,OPTIONAL_BONUS
Extra Credit: create a README.md for the login flow for an additional 62 points.,OPTIONAL_BONUS
Extra Credit: add a unit test in the backend for an additional 66 points.,OPTIONAL_BONUS
Bonus: deploy to Vercel for the UI for an additional 39 points.,OPTIONAL_BONUS
Additional Task: optimize the runtime for the UI for an additional 78 points.,OPTIONAL_BONUS
For extra points: refactor the middleware within the user dashboard for an additional 3 points.,OPTIONAL_BONUS
Extra Credit: deploy to Vercel for the login flow for an additional 89 points.,OPTIONAL_BONUS
Extra Credit: refactor the middleware in the backend for an additional 20 points.,OPTIONAL_BONUS
Extra Credit: optimize the runtime on the landing page for an additional 94 points.,OPTIONAL_BONUS
Extra Credit: refactor the middleware on the landing page for an additional 34 points.,OPTIONAL_BONUS
Bonus: refactor the middleware for the UI for an additional 1 points.,OPTIONAL_BONUS
Extra Credit: deploy to Vercel on the landing page for an additional 55 points.,OPTIONAL_BONUS
Volunteer Task: optimize the runtime on the landing page for an additional 82 points.,OPTIONAL_BONUS
Extra Credit: refactor the middleware for the login flow for an additional 12 points.,OPTIONAL_BONUS
For extra points: create a README.md for the login flow for an additional 16 points.,OPTIONAL_BONUS
For extra points: add a unit test within the user dashboard for an additional 93 points.,OPTIONAL_BONUS
For extra points: deploy to Vercel on the landing page for an additional 38 points.,OPTIONAL_BONUS
Bonus: optimize the runtime within the user dashboard for an additional 88 points.,OPTIONAL_BONUS
Volunteer Task: implement a dark mode for the UI for an additional 59 points.,OPTIONAL_BONUS
Optional: deploy to Vercel for the UI for an additional 11 points.,OPTIONAL_BONUS
Volunteer Task: refactor the middleware in the backend for an additional 31 points.,OPTIONAL_BONUS
Optional: refactor the middleware in the backend for an additional 25 points.,OPTIONAL_BONUS
Volunteer Task: create a README.md on the landing page for an additional 59 points.,OPTIONAL_BONUS
Additional Task: optimize the runtime on the landing page for an additional 49 points.,OPTIONAL_BONUS
For extra points: create a README.md for the UI for an additional 68 points.,OPTIONAL_BONUS
Bonus: add a unit test for the UI for an additional 62 points.,OPTIONAL_BONUS
For extra points: refactor the middleware for the UI for an additional 61 points.,OPTIONAL_BONUS
Volunteer Task: deploy to Vercel for the login flow for an additional 23 points.,OPTIONAL_BONUS
For extra points: implement a dark mode in the backend for an additional 2 points.,OPTIONAL_BONUS
Additional Task: optimize the runtime for the login flow for an additional 80 points.,OPTIONAL_BONUS
Optional: add a unit test for the UI for an additional 77 points.,OPTIONAL_BONUS
For extra points: add a unit test in the backend for an additional 72 points.,OPTIONAL_BONUS
Extra Credit: add a unit test for the UI for an additional 92 points.,OPTIONAL_BONUS
Volunteer Task: deploy to Vercel within the user dashboard for an additional 23 points.,OPTIONAL_BONUS
Extra Credit: implement a dark mode for the UI for an additional 12 points.,OPTIONAL_BONUS
Optional: optimize the runtime within the user dashboard for an additional 86 points.,OPTIONAL_BONUS
Extra Credit: add a unit test on the landing page for an additional 62 points.,OPTIONAL_BONUS
For extra points: optimize the runtime on the landing page for an additional 61 points.,OPTIONAL_BONUS
Volunteer Task: implement a dark mode for the UI for an additional 97 points.,OPTIONAL_BONUS
Volunteer Task: refactor the middleware in the backend for an additional 18 points.,OPTIONAL_BONUS
Optional: implement a dark mode in the backend for an additional 2 points.,OPTIONAL_BONUS
Optional: implement a dark mode in the backend for an additional 18 points.,OPTIONAL_BONUS
Volunteer Task: implement a dark mode on the landing page for an additional 46 points.,OPTIONAL_BONUS
Bonus: refactor the middleware for the login flow for an additional 90 points.,OPTIONAL_BONUS
Bonus: optimize the runtime within the user dashboard for an additional 3 points.,OPTIONAL_BONUS
For extra points: implement a dark mode for the login flow for an additional 93 points.,OPTIONAL_BONUS
Extra Credit: deploy to Vercel on the landing page for an additional 12 points.,OPTIONAL_BONUS
Extra Credit: add a unit test on the landing page for an additional 5 points.,OPTIONAL_BONUS
For extra points: add a unit test for the login flow for an additional 33 points.,OPTIONAL_BONUS
Bonus: refactor the middleware for the UI for an additional 17 points.,OPTIONAL_BONUS
Additional Task: create a README.md for the UI for an additional 35 points.,OPTIONAL_BONUS
Bonus: create a README.md within the user dashboard for an additional 70 points.,OPTIONAL_BONUS
Bonus: optimize the runtime on the landing page for an additional 34 points.,OPTIONAL_BONUS
Extra Credit: add a unit test for the login flow for an additional 46 points.,OPTIONAL_BONUS
Additional Task: create a README.md for the login flow for an additional 84 points.,OPTIONAL_BONUS
Volunteer Task: optimize the runtime for the UI for an additional 39 points.,OPTIONAL_BONUS
Optional: implement a dark mode for the UI for an additional 3 points.,OPTIONAL_BONUS
Extra Credit: optimize the runtime on the landing page for an additional 45 points.,OPTIONAL_BONUS
Optional: optimize the runtime for the UI for an additional 99 points.,OPTIONAL_BONUS
Optional: implement a dark mode within the user dashboard for an additional 10 points.,OPTIONAL_BONUS
Bonus: create a README.md in the backend for an additional 86 points.,OPTIONAL_BONUS
Bonus: refactor the middleware for the login flow for an additional 97 points.,OPTIONAL_BONUS
Optional: implement a dark mode in the backend for an additional 35 points.,OPTIONAL_BONUS
Optional: refactor the middleware within the user dashboard for an additional 12 points.,OPTIONAL_BONUS
Additional Task: deploy to Vercel within the user dashboard for an additional 12 points.,OPTIONAL_BONUS
Optional: create a README.md for the UI for an additional 67 points.,OPTIONAL_BONUS
Additional Task: deploy to Vercel on the landing page for an additional 86 points.,OPTIONAL_BONUS
Optional: refactor the middleware for the login flow for an additional 14 points.,OPTIONAL_BONUS
For extra points: implement a dark mode within the user dashboard for an additional 14 points.,OPTIONAL_BONUS
Optional: create a README.md in the backend for an additional 34 points.,OPTIONAL_BONUS
Optional: refactor the middleware within the user dashboard for an additional 59 points.,OPTIONAL_BONUS
Optional: refactor the middleware on the landing page for an additional 25 points.,OPTIONAL_BONUS
Extra Credit: implement a dark mode within the user dashboard for an additional 48 points.,OPTIONAL_BONUS
Optional: create a README.md for the UI for an additional 59 points.,OPTIONAL_BONUS
Optional: add a unit test in the backend for an additional 25 points.,OPTIONAL_BONUS
Additional Task: refactor the middleware for the UI for an additional 8 points.,OPTIONAL_BONUS
Additional Task: add a unit test within the user dashboard for an additional 70 points.,OPTIONAL_BONUS
Optional: implement a dark mode for the UI for an additional 75 points.,OPTIONAL_BONUS
Extra Credit: optimize the runtime within the user dashboard for an additional 57 points.,OPTIONAL_BONUS
For extra points: create a README.md for the login flow for an additional 63 points.,OPTIONAL_BONUS
Additional Task: create a README.md within the user dashboard for an additional 77 points.,OPTIONAL_BONUS
Volunteer Task: implement a dark mode on the landing page for an additional 25 points.,OPTIONAL_BONUS
Extra Credit: create a README.md for the login flow for an additional 15 points.,OPTIONAL_BONUS
Volunteer Task: add a unit test for the login flow for an additional 55 points.,OPTIONAL_BONUS
Additional Task: deploy to Vercel in the backend for an additional 2 points.,OPTIONAL_BONUS
Volunteer Task: refactor the middleware within the user dashboard for an additional 17 points.,OPTIONAL_BONUS
Volunteer Task: create a README.md on the landing page for an additional 39 points.,OPTIONAL_BONUS
Volunteer Task: create a README.md for the UI for an additional 9 points.,OPTIONAL_BONUS
Additional Task: implement a dark mode within the user dashboard for an additional 61 points.,OPTIONAL_BONUS
For extra points: implement a dark mode on the landing page for an additional 7 points.,OPTIONAL_BONUS
Bonus: refactor the middleware for the login flow for an additional 83 points.,OPTIONAL_BONUS
Volunteer Task: create a README.md on the landing page for an additional 14 points.,OPTIONAL_BONUS
Bonus: create a README.md on the landing page for an additional 97 points.,OPTIONAL_BONUS
For extra points: deploy to Vercel within the user dashboard for an additional 58 points.,OPTIONAL_BONUS
Additional Task: create a README.md in the backend for an additional 76 points.,OPTIONAL_BONUS
Volunteer Task: create a README.md in the backend for an additional 69 points.,OPTIONAL_BONUS
Bonus: deploy to Vercel for the UI for an additional 62 points.,OPTIONAL_BONUS
Extra Credit: refactor the middleware for the login flow for an additional 26 points.,OPTIONAL_BONUS
Volunteer Task: optimize the runtime within the user dashboard for an additional 25 points.,OPTIONAL_BONUS
Optional: optimize the runtime on the landing page for an additional 82 points.,OPTIONAL_BONUS
Extra Credit: refactor the middleware on the landing page for an additional 46 points.,OPTIONAL_BONUS
Optional: optimize the runtime within the user dashboard for an additional 36 points.,OPTIONAL_BONUS
Additional Task: add a unit test on the landing page for an additional 86 points.,OPTIONAL_BONUS
Optional: implement a dark mode for the login flow for an additional 97 points.,OPTIONAL_BONUS
Extra Credit: create a README.md on the landing page for an additional 22 points.,OPTIONAL_BONUS
For extra points: deploy to Vercel for the login flow for an additional 34 points.,OPTIONAL_BONUS
Bonus: create a README.md in the backend for an additional 72 points.,OPTIONAL_BONUS
For extra points: implement a dark mode within the user dashboard for an additional 36 points.,OPTIONAL_BONUS
Volunteer Task: deploy to Vercel in the backend for an additional 18 points.,OPTIONAL_BONUS
Optional: create a README.md on the landing page for an additional 92 points.,OPTIONAL_BONUS
Additional Task: refactor the middleware for the login flow for an additional 88 points.,OPTIONAL_BONUS
Extra Credit: implement a dark mode within the user dashboard for an additional 100 points.,OPTIONAL_BONUS
Bonus: implement a dark mode for the UI for an additional 59 points.,OPTIONAL_BONUS
Optional: implement a dark mode in the backend for an additional 20 points.,OPTIONAL_BONUS
Optional: add a unit test for the UI for an additional 10 points.,OPTIONAL_BONUS
Optional: implement a dark mode in the backend for an additional 13 points.,OPTIONAL_BONUS
Bonus: deploy to Vercel on the landing page for an additional 35 points.,OPTIONAL_BONUS
Extra Credit: refactor the middleware in the backend for an additional 81 points.,OPTIONAL_BONUS
Additional Task: optimize the runtime within the user dashboard for an additional 79 points.,OPTIONAL_BONUS
Volunteer Task: implement a dark mode on the landing page for an additional 31 points.,OPTIONAL_BONUS
Volunteer Task: optimize the runtime for the login flow for an additional 58 points.,OPTIONAL_BONUS
For extra points: refactor the middleware for the UI for an additional 76 points.,OPTIONAL_BONUS
For extra points: add a unit test in the backend for an additional 19 points.,OPTIONAL_BONUS
Extra Credit: optimize the runtime in the backend for an additional 94 points.,OPTIONAL_BONUS
Bonus: add a unit test on the landing page for an additional 31 points.,OPTIONAL_BONUS
Extra Credit: implement a dark mode for the UI for an additional 36 points.,OPTIONAL_BONUS
Optional: add a unit test in the backend for an additional 50 points.,OPTIONAL_BONUS
Additional Task: refactor the middleware on the landing page for an additional 90 points.,OPTIONAL_BONUS
Additional Task: create a README.md in the backend for an additional 94 points.,OPTIONAL_BONUS
For extra points: add a unit test for the UI for an additional 50 points.,OPTIONAL_BONUS
Bonus: refactor the middleware for the login flow for an additional 57 points.,OPTIONAL_BONUS
Additional Task: optimize the runtime for the login flow for an additional 18 points.,OPTIONAL_BONUS
Additional Task: implement a dark mode for the UI for an additional 29 points.,OPTIONAL_BONUS
Optional: deploy to Vercel in the backend for an additional 22 points.,OPTIONAL_BONUS
For extra points: create a README.md within the user dashboard for an additional 74 points.,OPTIONAL_BONUS
For extra points: implement a dark mode in the backend for an additional 17 points.,OPTIONAL_BONUS
Optional: deploy to Vercel within the user dashboard for an additional 46 points.,OPTIONAL_BONUS
Volunteer Task: implement a dark mode for the UI for an additional 98 points.,OPTIONAL_BONUS
Optional: add a unit test on the landing page for an additional 65 points.,OPTIONAL_BONUS
Bonus: create a README.md in the backend for an additional 7 points.,OPTIONAL_BONUS
Optional: deploy to Vercel on the landing page for an additional 17 points.,OPTIONAL_BONUS
Optional: create a README.md within the user dashboard for an additional 30 points.,OPTIONAL_BONUS
Optional: optimize the runtime for the UI for an additional 13 points.,OPTIONAL_BONUS
Additional Task: deploy to Vercel in the backend for an additional 61 points.,OPTIONAL_BONUS
Extra Credit: deploy to Vercel within the user dashboard for an additional 80 points.,OPTIONAL_BONUS
Extra Credit: create a README.md in the backend for an additional 62 points.,OPTIONAL_BONUS
Volunteer Task: refactor the middleware in the backend for an additional 63 points.,OPTIONAL_BONUS
Additional Task: deploy to Vercel for the login flow for an additional 96 points.,OPTIONAL_BONUS
For extra points: implement a dark mode for the login flow for an additional 71 points.,OPTIONAL_BONUS
Bonus: refactor the middleware within the user dashboard for an additional 19 points.,OPTIONAL_BONUS
Extra Credit: implement a dark mode for the UI for an additional 66 points.,OPTIONAL_BONUS
Extra Credit: refactor the middleware in the backend for an additional 44 points.,OPTIONAL_BONUS
Volunteer Task: add a unit test in the backend for an additional 53 points.,OPTIONAL_BONUS
Additional Task: implement a dark mode on the landing page for an additional 39 points.,OPTIONAL_BONUS
Extra Credit: create a README.md in the backend for an additional 61 points.,OPTIONAL_BONUS
Bonus: implement a dark mode on the landing page for an additional 19 points.,OPTIONAL_BONUS
Additional Task: deploy to Vercel for the login flow for an additional 93 points.,OPTIONAL_BONUS
Bonus: deploy to Vercel for the UI for an additional 8 points.,OPTIONAL_BONUS
Extra Credit: deploy to Vercel for the UI for an additional 75 points.,OPTIONAL_BONUS
Volunteer Task: optimize the runtime in the backend for an additional 85 points.,OPTIONAL_BONUS
Bonus: optimize the runtime for the UI for an additional 21 points.,OPTIONAL_BONUS
For extra points: add a unit test for the UI for an additional 90 points.,OPTIONAL_BONUS
Volunteer Task: optimize the runtime on the landing page for an additional 3 points.,OPTIONAL_BONUS
Optional: create a README.md for the UI for an additional 79 points.,OPTIONAL_BONUS
Extra Credit: create a README.md for the login flow for an additional 46 points.,OPTIONAL_BONUS
Optional: implement a dark mode on the landing page for an additional 31 points.,OPTIONAL_BONUS
Additional Task: refactor the middleware for the login flow for an additional 3 points.,OPTIONAL_BONUS
Bonus: implement a dark mode for the UI for an additional 36 points.,OPTIONAL_BONUS
For extra points: add a unit test within the user dashboard for an additional 28 points.,OPTIONAL_BONUS
For extra points: optimize the runtime within the user dashboard for an additional 57 points.,OPTIONAL_BONUS
Extra Credit: create a README.md for the login flow for an additional 86 points.,OPTIONAL_BONUS
Extra Credit: refactor the middleware within the user dashboard for an additional 88 points.,OPTIONAL_BONUS
For extra points: deploy to Vercel for the login flow for an additional 74 points.,OPTIONAL_BONUS
Additional Task: optimize the runtime for the UI for an additional 60 points.,OPTIONAL_BONUS
Extra Credit: implement a dark mode for the login flow for an additional 59 points.,OPTIONAL_BONUS
Optional: implement a dark mode in the backend for an additional 85 points.,OPTIONAL_BONUS
For extra points: create a README.md within the user dashboard for an additional 91 points.,OPTIONAL_BONUS
Bonus: create a README.md for the login flow for an additional 62 points.,OPTIONAL_BONUS
Bonus: optimize the runtime in the backend for an additional 54 points.,OPTIONAL_BONUS
Optional: create a README.md for the UI for an additional 31 points.,OPTIONAL_BONUS
For extra points: optimize the runtime for the login flow for an additional 23 points.,OPTIONAL_BONUS
Extra Credit: deploy to Vercel on the landing page for an additional 48 points.,OPTIONAL_BONUS
Additional Task: optimize the runtime in the backend for an additional 21 points.,OPTIONAL_BONUS
Additional Task: deploy to Vercel for the login flow for an additional 21 points.,OPTIONAL_BONUS
Optional: refactor the middleware on the landing page for an additional 68 points.,OPTIONAL_BONUS
Optional: optimize the runtime for the UI for an additional 20 points.,OPTIONAL_BONUS
Additional Task: refactor the middleware in the backend for an additional 16 points.,OPTIONAL_BONUS
Optional: optimize the runtime for the login flow for an additional 44 points.,OPTIONAL_BONUS
Extra Credit: deploy to Vercel for the UI for an additional 10 points.,OPTIONAL_BONUS
Volunteer Task: add a unit test in the backend for an additional 90 points.,OPTIONAL_BONUS
For extra points: add a unit test within the user dashboard for an additional 23 points.,OPTIONAL_BONUS
For extra points: optimize the runtime for the login flow for an additional 14 points.,OPTIONAL_BONUS
For extra points: optimize the runtime within the user dashboard for an additional 83 points.,OPTIONAL_BONUS
Bonus: add a unit test for the login flow for an additional 47 points.,OPTIONAL_BONUS
Optional: add a unit test in the backend for an additional 79 points.,OPTIONAL_BONUS
Bonus: optimize the runtime for the UI for an additional 30 points.,OPTIONAL_BONUS
Volunteer Task: refactor the middleware for the UI for an additional 44 points.,OPTIONAL_BONUS
Optional: add a unit test in the backend for an additional 37 points.,OPTIONAL_BONUS
Additional Task: create a README.md within the user dashboard for an additional 87 points.,OPTIONAL_BONUS
Additional Task: optimize the runtime for the UI for an additional 66 points.,OPTIONAL_BONUS
Optional: implement a dark mode within the user dashboard for an additional 68 points.,OPTIONAL_BONUS
Bonus: refactor the middleware for the UI for an additional 56 points.,OPTIONAL_BONUS
Volunteer Task: deploy to Vercel for the UI for an additional 4 points.,OPTIONAL_BONUS
Optional: refactor the middleware in the backend for an additional 97 points.,OPTIONAL_BONUS
For extra points: implement a dark mode on the landing page for an additional 19 points.,OPTIONAL_BONUS
Bonus: deploy to Vercel for the UI for an additional 99 points.,OPTIONAL_BONUS
Volunteer Task: create a README.md within the user dashboard for an additional 82 points.,OPTIONAL_BONUS
Extra Credit: optimize the runtime in the backend for an additional 10 points.,OPTIONAL_BONUS
Bonus: deploy to Vercel within the user dashboard for an additional 69 points.,OPTIONAL_BONUS
For extra points: refactor the middleware on the landing page for an additional 71 points.,OPTIONAL_BONUS
Extra Credit: create a README.md in the backend for an additional 51 points.,OPTIONAL_BONUS
Additional Task: implement a dark mode for the UI for an additional 56 points.,OPTIONAL_BONUS
Additional Task: optimize the runtime within the user dashboard for an additional 100 points.,OPTIONAL_BONUS
For extra points: create a README.md on the landing page for an additional 32 points.,OPTIONAL_BONUS
Bonus: add a unit test for the login flow for an additional 67 points.,OPTIONAL_BONUS
Volunteer Task: deploy to Vercel on the landing page for an additional 86 points.,OPTIONAL_BONUS
Extra Credit: create a README.md for the UI for an additional 6 points.,OPTIONAL_BONUS
Optional: implement a dark mode for the UI for an additional 19 points.,OPTIONAL_BONUS
For extra points: deploy to Vercel on the landing page for an additional 47 points.,OPTIONAL_BONUS
Bonus: create a README.md for the login flow for an additional 84 points.,OPTIONAL_BONUS
Extra Credit: create a README.md for the UI for an additional 60 points.,OPTIONAL_BONUS
Volunteer Task: deploy to Vercel within the user dashboard for an additional 61 points.,OPTIONAL_BONUS
Extra Credit: create a README.md in the backend for an additional 34 points.,OPTIONAL_BONUS
Optional: create a README.md in the backend for an additional 65 points.,OPTIONAL_BONUS
Optional: optimize the runtime for the UI for an additional 49 points.,OPTIONAL_BONUS
Volunteer Task: optimize the runtime for the UI for an additional 79 points.,OPTIONAL_BONUS
For extra points: refactor the middleware within the user dashboard for an additional 28 points.,OPTIONAL_BONUS
Optional: create a README.md for the login flow for an additional 80 points.,OPTIONAL_BONUS
Optional: create a README.md for the UI for an additional 74 points.,OPTIONAL_BONUS
Volunteer Task: create a README.md for the UI for an additional 56 points.,OPTIONAL_BONUS
For extra points: optimize the runtime for the login flow for an additional 24 points.,OPTIONAL_BONUS
Optional: refactor the middleware for the UI for an additional 49 points.,OPTIONAL_BONUS
Volunteer Task: create a README.md in the backend for an additional 63 points.,OPTIONAL_BONUS
Volunteer Task: optimize the runtime for the login flow for an additional 10 points.,OPTIONAL_BONUS
Additional Task: refactor the middleware for the login flow for an additional 90 points.,OPTIONAL_BONUS
Volunteer Task: create a README.md for the login flow for an additional 99 points.,OPTIONAL_BONUS
Bonus: deploy to Vercel for the UI for an additional 14 points.,OPTIONAL_BONUS
Bonus: deploy to Vercel within the user dashboard for an additional 14 points.,OPTIONAL_BONUS
Volunteer Task: deploy to Vercel for the UI for an additional 80 points.,OPTIONAL_BONUS
For extra points: add a unit test on the landing page for an additional 40 points.,OPTIONAL_BONUS
Additional Task: optimize the runtime within the user dashboard for an additional 38 points.,OPTIONAL_BONUS
Additional Task: implement a dark mode in the backend for an additional 81 points.,OPTIONAL_BONUS
Extra Credit: refactor the middleware on the landing page for an additional 19 points.,OPTIONAL_BONUS
Bonus: create a README.md in the backend for an additional 83 points.,OPTIONAL_BONUS
Volunteer Task: refactor the middleware for the UI for an additional 90 points.,OPTIONAL_BONUS
Bonus: deploy to Vercel for the UI for an additional 13 points.,OPTIONAL_BONUS
Optional: refactor the middleware within the user dashboard for an additional 7 points.,OPTIONAL_BONUS
Volunteer Task: refactor the middleware for the login flow for an additional 98 points.,OPTIONAL_BONUS
For extra points: optimize the runtime for the UI for an additional 65 points.,OPTIONAL_BONUS
Extra Credit: add a unit test on the landing page for an additional 82 points.,OPTIONAL_BONUS
Additional Task: optimize the runtime for the login flow for an additional 32 points.,OPTIONAL_BONUS
Volunteer Task: add a unit test on the landing page for an additional 27 points.,OPTIONAL_BONUS
Additional Task: optimize the runtime on the landing page for an additional 54 points.,OPTIONAL_BONUS
Volunteer Task: create a README.md for the login flow for an additional 59 points.,OPTIONAL_BONUS
Additional Task: implement a dark mode for the login flow for an additional 59 points.,OPTIONAL_BONUS
Additional Task: deploy to Vercel within the user dashboard for an additional 77 points.,OPTIONAL_BONUS
Volunteer Task: create a README.md within the user dashboard for an additional 16 points.,OPTIONAL_BONUS
Extra Credit: refactor the middleware for the login flow for an additional 22 points.,OPTIONAL_BONUS
Volunteer Task: refactor the middleware in the backend for an additional 27 points.,OPTIONAL_BONUS
For extra points: refactor the middleware for the UI for an additional 14 points.,OPTIONAL_BONUS
Extra Credit: optimize the runtime for the UI for an additional 16 points.,OPTIONAL_BONUS
Extra Credit: add a unit test on the landing page for an additional 45 points.,OPTIONAL_BONUS
For extra points: create a README.md for the login flow for an additional 99 points.,OPTIONAL_BONUS
Volunteer Task: implement a dark mode for the UI for an additional 37 points.,OPTIONAL_BONUS
Additional Task: add a unit test in the backend for an additional 40 points.,OPTIONAL_BONUS
Additional Task: optimize the runtime within the user dashboard for an additional 91 points.,OPTIONAL_BONUS
Optional: refactor the middleware on the landing page for an additional 96 points.,OPTIONAL_BONUS
Additional Task: optimize the runtime within the user dashboard for an additional 25 points.,OPTIONAL_BONUS
For extra points: implement a dark mode on the landing page for an additional 56 points.,OPTIONAL_BONUS
For extra points: add a unit test in the backend for an additional 23 points.,OPTIONAL_BONUS
Extra Credit: refactor the middleware in the backend for an additional 26 points.,OPTIONAL_BONUS
Bonus: deploy to Vercel in the backend for an additional 22 points.,OPTIONAL_BONUS
Volunteer Task: implement a dark mode for the login flow for an additional 66 points.,OPTIONAL_BONUS
Optional: optimize the runtime for the login flow for an additional 68 points.,OPTIONAL_BONUS
Bonus: deploy to Vercel for the login flow for an additional 81 points.,OPTIONAL_BONUS
Extra Credit: refactor the middleware for the login flow for an additional 78 points.,OPTIONAL_BONUS
For extra points: add a unit test for the login flow for an additional 19 points.,OPTIONAL_BONUS
Volunteer Task: refactor the middleware for the login flow for an additional 32 points.,OPTIONAL_BONUS
Bonus: refactor the middleware on the landing page for an additional 58 points.,OPTIONAL_BONUS
Optional: optimize the runtime for the UI for an additional 58 points.,OPTIONAL_BONUS
Extra Credit: refactor the middleware within the user dashboard for an additional 71 points.,OPTIONAL_BONUS
For extra points: implement a dark mode within the user dashboard for an additional 31 points.,OPTIONAL_BONUS
Extra Credit: optimize the runtime on the landing page for an additional 90 points.,OPTIONAL_BONUS
Volunteer Task: create a README.md in the backend for an additional 66 points.,OPTIONAL_BONUS
Additional Task: create a README.md for the UI for an additional 39 points.,OPTIONAL_BONUS
Extra Credit: create a README.md within the user dashboard for an additional 70 points.,OPTIONAL_BONUS
For extra points: deploy to Vercel in the backend for an additional 33 points.,OPTIONAL_BONUS
Extra Credit: implement a dark mode on the landing page for an additional 11 points.,OPTIONAL_BONUS
Extra Credit: optimize the runtime within the user dashboard for an additional 22 points.,OPTIONAL_BONUS
Optional: deploy to Vercel for the login flow for an additional 71 points.,OPTIONAL_BONUS
Additional Task: create a README.md for the UI for an additional 59 points.,OPTIONAL_BONUS
For extra points: optimize the runtime for the UI for an additional 44 points.,OPTIONAL_BONUS
Additional Task: refactor the middleware within the user dashboard for an additional 51 points.,OPTIONAL_BONUS
Bonus: implement a dark mode on the landing page for an additional 62 points.,OPTIONAL_BONUS
Extra Credit: create a README.md on the landing page for an additional 37 points.,OPTIONAL_BONUS
Volunteer Task: implement a dark mode within the user dashboard for an additional 94 points.,OPTIONAL_BONUS
Extra Credit: refactor the middleware on the landing page for an additional 45 points.,OPTIONAL_BONUS
Optional: deploy to Vercel on the landing page for an additional 52 points.,OPTIONAL_BONUS
Additional Task: optimize the runtime within the user dashboard for an additional 84 points.,OPTIONAL_BONUS
For extra points: optimize the runtime on the landing page for an additional 94 points.,OPTIONAL_BONUS
Optional: deploy to Vercel for the UI for an additional 16 points.,OPTIONAL_BONUS
Optional: add a unit test for the login flow for an additional 9 points.,OPTIONAL_BONUS
Bonus: add a unit test for the UI for an additional 14 points.,OPTIONAL_BONUS
Additional Task: optimize the runtime on the landing page for an additional 48 points.,OPTIONAL_BONUS
Optional: optimize the runtime for the login flow for an additional 22 points.,OPTIONAL_BONUS
For extra points: add a unit test for the UI for an additional 65 points.,OPTIONAL_BONUS
Volunteer Task: optimize the runtime on the landing page for an additional 21 points.,OPTIONAL_BONUS
Additional Task: optimize the runtime on the landing page for an additional 93 points.,OPTIONAL_BONUS
Volunteer Task: add a unit test for the login flow for an additional 35 points.,OPTIONAL_BONUS
For extra points: optimize the runtime for the login flow for an additional 32 points.,OPTIONAL_BONUS
For extra points: implement a dark mode for the login flow for an additional 13 points.,OPTIONAL_BONUS
Volunteer Task: refactor the middleware on the landing page for an additional 83 points.,OPTIONAL_BONUS
Optional: refactor the middleware in the backend for an additional 96 points.,OPTIONAL_BONUS
Bonus: refactor the middleware for the UI for an additional 52 points.,OPTIONAL_BONUS
Extra Credit: implement a dark mode within the user dashboard for an additional 71 points.,OPTIONAL_BONUS
Volunteer Task: implement a dark mode within the user dashboard for an additional 75 points.,OPTIONAL_BONUS
Bonus: deploy to Vercel in the backend for an additional 40 points.,OPTIONAL_BONUS
For extra points: create a README.md for the UI for an additional 12 points.,OPTIONAL_BONUS
Bonus: refactor the middleware on the landing page for an additional 84 points.,OPTIONAL_BONUS
Additional Task: optimize the runtime for the login flow for an additional 10 points.,OPTIONAL_BONUS
Bonus: create a README.md in the backend for an additional 52 points.,OPTIONAL_BONUS
Bonus: deploy to Vercel within the user dashboard for an additional 97 points.,OPTIONAL_BONUS
Bonus: implement a dark mode for the UI for an additional 61 points.,OPTIONAL_BONUS
Extra Credit: optimize the runtime within the user dashboard for an additional 86 points.,OPTIONAL_BONUS
Extra Credit: refactor the middleware on the landing page for an additional 59 points.,OPTIONAL_BONUS
Optional: add a unit test on the landing page for an additional 22 points.,OPTIONAL_BONUS
For extra points: refactor the middleware in the backend for an additional 74 points.,OPTIONAL_BONUS
For extra points: optimize the runtime in the backend for an additional 50 points.,OPTIONAL_BONUS
Volunteer Task: optimize the runtime for the login flow for an additional 62 points.,OPTIONAL_BONUS
Optional: refactor the middleware for the UI for an additional 82 points.,OPTIONAL_BONUS
Volunteer Task: add a unit test within the user dashboard for an additional 4 points.,OPTIONAL_BONUS
Bonus: deploy to Vercel within the user dashboard for an additional 72 points.,OPTIONAL_BONUS
Additional Task: implement a dark mode within the user dashboard for an additional 36 points.,OPTIONAL_BONUS
For extra points: refactor the middleware on the landing page for an additional 77 points.,OPTIONAL_BONUS
Volunteer Task: implement a dark mode for the login flow for an additional 39 points.,OPTIONAL_BONUS
For extra points: create a README.md in the backend for an additional 79 points.,OPTIONAL_BONUS
Additional Task: deploy to Vercel on the landing page for an additional 5 points.,OPTIONAL_BONUS
Bonus: implement a dark mode for the UI for an additional 86 points.,OPTIONAL_BONUS
Extra Credit: add a unit test within the user dashboard for an additional 93 points.,OPTIONAL_BONUS
For extra points: add a unit test in the backend for an additional 67 points.,OPTIONAL_BONUS
Extra Credit: refactor the middleware within the user dashboard for an additional 50 points.,OPTIONAL_BONUS
Volunteer Task: create a README.md for the UI for an additional 3 points.,OPTIONAL_BONUS
Extra Credit: optimize the runtime for the login flow for an additional 38 points.,OPTIONAL_BONUS
Extra Credit: refactor the middleware for the UI for an additional 25 points.,OPTIONAL_BONUS
Volunteer Task: optimize the runtime in the backend for an additional 46 points.,OPTIONAL_BONUS
Extra Credit: add a unit test for the UI for an additional 81 points.,OPTIONAL_BONUS
For extra points: implement a dark mode within the user dashboard for an additional 72 points.,OPTIONAL_BONUS
For extra points: refactor the middleware within the user dashboard for an additional 81 points.,OPTIONAL_BONUS
Volunteer Task: implement a dark mode on the landing page for an additional 97 points.,OPTIONAL_BONUS
Extra Credit: implement a dark mode within the user dashboard for an additional 86 points.,OPTIONAL_BONUS
Volunteer Task: add a unit test for the login flow for an additional 79 points.,OPTIONAL_BONUS
Extra Credit: implement a dark mode for the UI for an additional 79 points.,OPTIONAL_BONUS
Additional Task: refactor the middleware in the backend for an additional 97 points.,OPTIONAL_BONUS
Optional: implement a dark mode in the backend for an additional 40 points.,OPTIONAL_BONUS
Optional: add a unit test on the landing page for an additional 30 points.,OPTIONAL_BONUS
For extra points: deploy to Vercel within the user dashboard for an additional 63 points.,OPTIONAL_BONUS
For extra points: refactor the middleware within the user dashboard for an additional 88 points.,OPTIONAL_BONUS
Additional Task: optimize the runtime for the login flow for an additional 71 points.,OPTIONAL_BONUS
Bonus: refactor the middleware in the backend for an additional 35 points.,OPTIONAL_BONUS
Optional: optimize the runtime in the backend for an additional 36 points.,OPTIONAL_BONUS
For extra points: create a README.md within the user dashboard for an additional 73 points.,OPTIONAL_BONUS
Optional: implement a dark mode on the landing page for an additional 55 points.,OPTIONAL_BONUS
Additional Task: deploy to Vercel within the user dashboard for an additional 2 points.,OPTIONAL_BONUS
Volunteer Task: deploy to Vercel for the login flow for an additional 27 points.,OPTIONAL_BONUS
Optional: create a README.md in the backend for an additional 91 points.,OPTIONAL_BONUS
For extra points: implement a dark mode for the login flow for an additional 3 points.,OPTIONAL_BONUS
Extra Credit: deploy to Vercel for the UI for an additional 99 points.,OPTIONAL_BONUS
Optional: refactor the middleware in the backend for an additional 21 points.,OPTIONAL_BONUS
Additional Task: refactor the middleware on the landing page for an additional 22 points.,OPTIONAL_BONUS
Volunteer Task: implement a dark mode on the landing page for an additional 87 points.,OPTIONAL_BONUS
Additional Task: optimize the runtime for the UI for an additional 69 points.,OPTIONAL_BONUS
Additional Task: optimize the runtime for the UI for an additional 68 points.,OPTIONAL_BONUS
Volunteer Task: implement a dark mode on the landing page for an additional 71 points.,OPTIONAL_BONUS
Extra Credit: deploy to Vercel in the backend for an additional 64 points.,OPTIONAL_BONUS
Optional: refactor the middleware for the login flow for an additional 69 points.,OPTIONAL_BONUS
Extra Credit: add a unit test on the landing page for an additional 25 points.,OPTIONAL_BONUS
For extra points: deploy to Vercel for the UI for an additional 4 points.,OPTIONAL_BONUS
Optional: deploy to Vercel in the backend for an additional 81 points.,OPTIONAL_BONUS
Optional: optimize the runtime within the user dashboard for an additional 39 points.,OPTIONAL_BONUS
Additional Task: refactor the middleware for the login flow for an additional 74 points.,OPTIONAL_BONUS
Volunteer Task: refactor the middleware for the UI for an additional 33 points.,OPTIONAL_BONUS
Optional: create a README.md in the backend for an additional 70 points.,OPTIONAL_BONUS
Bonus: create a README.md on the landing page for an additional 57 points.,OPTIONAL_BONUS
Volunteer Task: add a unit test within the user dashboard for an additional 46 points.,OPTIONAL_BONUS
Extra Credit: optimize the runtime for the UI for an additional 92 points.,OPTIONAL_BONUS
Extra Credit: create a README.md within the user dashboard for an additional 4 points.,OPTIONAL_BONUS
Optional: implement a dark mode on the landing page for an additional 91 points.,OPTIONAL_BONUS
Additional Task: add a unit test in the backend for an additional 88 points.,OPTIONAL_BONUS
For extra points: implement a dark mode on the landing page for an additional 14 points.,OPTIONAL_BONUS
Volunteer Task: refactor the middleware for the UI for an additional 27 points.,OPTIONAL_BONUS
Optional: optimize the runtime for the UI for an additional 44 points.,OPTIONAL_BONUS
Optional: refactor the middleware for the login flow for an additional 41 points.,OPTIONAL_BONUS
Extra Credit: add a unit test for the UI for an additional 40 points.,OPTIONAL_BONUS
Additional Task: add a unit test for the login flow for an additional 87 points.,OPTIONAL_BONUS
Extra Credit: add a unit test within the user dashboard for an additional 18 points.,OPTIONAL_BONUS
Volunteer Task: refactor the middleware for the login flow for an additional 72 points.,OPTIONAL_BONUS
Volunteer Task: refactor the middleware in the backend for an additional 75 points.,OPTIONAL_BONUS
For extra points: implement a dark mode within the user dashboard for an additional 97 points.,OPTIONAL_BONUS
Additional Task: optimize the runtime for the login flow for an additional 21 points.,OPTIONAL_BONUS
Volunteer Task: refactor the middleware in the backend for an additional 50 points.,OPTIONAL_BONUS
Extra Credit: refactor the middleware within the user dashboard for an additional 59 points.,OPTIONAL_BONUS
Volunteer Task: refactor the middleware for the UI for an additional 16 points.,OPTIONAL_BONUS
Bonus: refactor the middleware for the UI for an additional 14 points.,OPTIONAL_BONUS
For extra points: create a README.md for the login flow for an additional 48 points.,OPTIONAL_BONUS
Volunteer Task: deploy to Vercel for the UI for an additional 49 points.,OPTIONAL_BONUS
Additional Task: deploy to Vercel for the login flow for an additional 41 points.,OPTIONAL_BONUS
Bonus: add a unit test for the login flow for an additional 57 points.,OPTIONAL_BONUS
Bonus: refactor the middleware for the login flow for an additional 62 points.,OPTIONAL_BONUS
Bonus: implement a dark mode for the login flow for an additional 22 points.,OPTIONAL_BONUS
Volunteer Task: deploy to Vercel in the backend for an additional 30 points.,OPTIONAL_BONUS
For extra points: implement a dark mode on the landing page for an additional 70 points.,OPTIONAL_BONUS
Extra Credit: optimize the runtime for the login flow for an additional 73 points.,OPTIONAL_BONUS
For extra points: refactor the middleware in the backend for an additional 59 points.,OPTIONAL_BONUS
Additional Task: optimize the runtime on the landing page for an additional 21 points.,OPTIONAL_BONUS
Extra Credit: create a README.md in the backend for an additional 69 points.,OPTIONAL_BONUS
For extra points: implement a dark mode within the user dashboard for an additional 28 points.,OPTIONAL_BONUS
Additional Task: optimize the runtime in the backend for an additional 35 points.,OPTIONAL_BONUS
Extra Credit: optimize the runtime in the backend for an additional 21 points.,OPTIONAL_BONUS
For extra points: add a unit test for the login flow for an additional 17 points.,OPTIONAL_BONUS
Bonus: optimize the runtime within the user dashboard for an additional 100 points.,OPTIONAL_BONUS
Bonus: refactor the middleware in the backend for an additional 18 points.,OPTIONAL_BONUS
Bonus: add a unit test for the login flow for an additional 24 points.,OPTIONAL_BONUS
Volunteer Task: implement a dark mode within the user dashboard for an additional 37 points.,OPTIONAL_BONUS
For extra points: implement a dark mode for the login flow for an additional 99 points.,OPTIONAL_BONUS
Extra Credit: optimize the runtime on the landing page for an additional 2 points.,OPTIONAL_BONUS
Bonus: create a README.md within the user dashboard for an additional 47 points.,OPTIONAL_BONUS
Volunteer Task: implement a dark mode within the user dashboard for an additional 52 points.,OPTIONAL_BONUS
Optional: implement a dark mode in the backend for an additional 5 points.,OPTIONAL_BONUS
For extra points: optimize the runtime on the landing page for an additional 88 points.,OPTIONAL_BONUS
Additional Task: deploy to Vercel within the user dashboard for an additional 52 points.,OPTIONAL_BONUS
Optional: optimize the runtime for the UI for an additional 61 points.,OPTIONAL_BONUS
For extra points: implement a dark mode in the backend for an additional 5 points.,OPTIONAL_BONUS
Extra Credit: implement a dark mode in the backend for an additional 97 points.,OPTIONAL_BONUS
Bonus: create a README.md for the login flow for an additional 92 points.,OPTIONAL_BONUS
Extra Credit: refactor the middleware for the UI for an additional 91 points.,OPTIONAL_BONUS
Additional Task: create a README.md on the landing page for an additional 47 points.,OPTIONAL_BONUS
Volunteer Task: create a README.md for the login flow for an additional 17 points.,OPTIONAL_BONUS
Additional Task: optimize the runtime on the landing page for an additional 88 points.,OPTIONAL_BONUS
For extra points: create a README.md on the landing page for an additional 19 points.,OPTIONAL_BONUS
Optional: deploy to Vercel within the user dashboard for an additional 85 points.,OPTIONAL_BONUS
Additional Task: refactor the middleware within the user dashboard for an additional 2 points.,OPTIONAL_BONUS
Optional: refactor the middleware in the backend for an additional 39 points.,OPTIONAL_BONUS
Bonus: add a unit test for the UI for an additional 1 points.,OPTIONAL_BONUS
Bonus: deploy to Vercel for the login flow for an additional 91 points.,OPTIONAL_BONUS
Volunteer Task: create a README.md on the landing page for an additional 7 points.,OPTIONAL_BONUS
For extra points: refactor the middleware for the login flow for an additional 8 points.,OPTIONAL_BONUS
Extra Credit: implement a dark mode in the backend for an additional 32 points.,OPTIONAL_BONUS
Optional: refactor the middleware for the login flow for an additional 45 points.,OPTIONAL_BONUS
Additional Task: optimize the runtime within the user dashboard for an additional 56 points.,OPTIONAL_BONUS
Additional Task: refactor the middleware for the UI for an additional 6 points.,OPTIONAL_BONUS
For extra points: deploy to Vercel on the landing page for an additional 72 points.,OPTIONAL_BONUS
Extra Credit: optimize the runtime on the landing page for an additional 99 points.,OPTIONAL_BONUS
Volunteer Task: add a unit test within the user dashboard for an additional 33 points.,OPTIONAL_BONUS
Additional Task: refactor the middleware on the landing page for an additional 81 points.,OPTIONAL_BONUS
Optional: add a unit test within the user dashboard for an additional 19 points.,OPTIONAL_BONUS
Volunteer Task: deploy to Vercel in the backend for an additional 48 points.,OPTIONAL_BONUS
Extra Credit: add a unit test in the backend for an additional 82 points.,OPTIONAL_BONUS
Volunteer Task: deploy to Vercel within the user dashboard for an additional 83 points.,OPTIONAL_BONUS
For extra points: optimize the runtime on the landing page for an additional 46 points.,OPTIONAL_BONUS
Volunteer Task: add a unit test for the UI for an additional 78 points.,OPTIONAL_BONUS
Extra Credit: add a unit test for the UI for an additional 50 points.,OPTIONAL_BONUS
Bonus: deploy to Vercel on the landing page for an additional 13 points.,OPTIONAL_BONUS
For extra points: implement a dark mode on the landing page for an additional 26 points.,OPTIONAL_BONUS
Volunteer Task: deploy to Vercel for the UI for an additional 19 points.,OPTIONAL_BONUS
For extra points: optimize the runtime within the user dashboard for an additional 92 points.,OPTIONAL_BONUS
Additional Task: refactor the middleware for the login flow for an additional 70 points.,OPTIONAL_BONUS
Optional: implement a dark mode within the user dashboard for an additional 5 points.,OPTIONAL_BONUS
Bonus: implement a dark mode for the login flow for an additional 10 points.,OPTIONAL_BONUS
Volunteer Task: add a unit test within the user dashboard for an additional 26 points.,OPTIONAL_BONUS
Bonus: refactor the middleware for the UI for an additional 74 points.,OPTIONAL_BONUS
Volunteer Task: refactor the middleware on the landing page for an additional 10 points.,OPTIONAL_BONUS
For extra points: deploy to Vercel in the backend for an additional 44 points.,OPTIONAL_BONUS
Extra Credit: create a README.md for the UI for an additional 47 points.,OPTIONAL_BONUS
Bonus: refactor the middleware in the backend for an additional 66 points.,OPTIONAL_BONUS
Optional: optimize the runtime on the landing page for an additional 46 points.,OPTIONAL_BONUS
Extra Credit: add a unit test for the login flow for an additional 60 points.,OPTIONAL_BONUS
Additional Task: create a README.md on the landing page for an additional 62 points.,OPTIONAL_BONUS
Volunteer Task: refactor the middleware in the backend for an additional 13 points.,OPTIONAL_BONUS
For extra points: add a unit test on the landing page for an additional 90 points.,OPTIONAL_BONUS
For extra points: implement a dark mode for the login flow for an additional 73 points.,OPTIONAL_BONUS
Additional Task: deploy to Vercel in the backend for an additional 84 points.,OPTIONAL_BONUS
Additional Task: optimize the runtime on the landing page for an additional 58 points.,OPTIONAL_BONUS
Volunteer Task: refactor the middleware in the backend for an additional 53 points.,OPTIONAL_BONUS
Additional Task: implement a dark mode in the backend for an additional 52 points.,OPTIONAL_BONUS
Additional Task: deploy to Vercel for the UI for an additional 19 points.,OPTIONAL_BONUS
Extra Credit: deploy to Vercel for the login flow for an additional 57 points.,OPTIONAL_BONUS
Bonus: optimize the runtime on the landing page for an additional 29 points.,OPTIONAL_BONUS
Bonus: add a unit test on the landing page for an additional 19 points.,OPTIONAL_BONUS
Bonus: refactor the middleware within the user dashboard for an additional 50 points.,OPTIONAL_BONUS
For extra points: deploy to Vercel on the landing page for an additional 61 points.,OPTIONAL_BONUS
Additional Task: create a README.md in the backend for an additional 44 points.,OPTIONAL_BONUS
Extra Credit: create a README.md within the user dashboard for an additional 97 points.,OPTIONAL_BONUS
Additional Task: create a README.md for the UI for an additional 60 points.,OPTIONAL_BONUS
Optional: create a README.md in the backend for an additional 74 points.,OPTIONAL_BONUS
Bonus: refactor the middleware for the login flow for an additional 2 points.,OPTIONAL_BONUS
For extra points: optimize the runtime for the UI for an additional 68 points.,OPTIONAL_BONUS
For extra points: add a unit test within the user dashboard for an additional 96 points.,OPTIONAL_BONUS
Extra Credit: refactor the middleware for the UI for an additional 86 points.,OPTIONAL_BONUS
For extra points: deploy to Vercel for the login flow for an additional 72 points.,OPTIONAL_BONUS
For extra points: refactor the middleware on the landing page for an additional 48 points.,OPTIONAL_BONUS
For extra points: add a unit test within the user dashboard for an additional 11 points.,OPTIONAL_BONUS
Optional: add a unit test within the user dashboard for an additional 57 points.,OPTIONAL_BONUS
Volunteer Task: deploy to Vercel in the backend for an additional 26 points.,OPTIONAL_BONUS
Extra Credit: optimize the runtime in the backend for an additional 6 points.,OPTIONAL_BONUS
Volunteer Task: refactor the middleware within the user dashboard for an additional 14 points.,OPTIONAL_BONUS
Volunteer Task: optimize the runtime in the backend for an additional 41 points.,OPTIONAL_BONUS
Bonus: deploy to Vercel for the login flow for an additional 45 points.,OPTIONAL_BONUS
Optional: add a unit test within the user dashboard for an additional 30 points.,OPTIONAL_BONUS
Optional: deploy to Vercel within the user dashboard for an additional 18 points.,OPTIONAL_BONUS
Extra Credit: refactor the middleware in the backend for an additional 98 points.,OPTIONAL_BONUS
For extra points: create a README.md in the backend for an additional 29 points.,OPTIONAL_BONUS
Bonus: create a README.md for the login flow for an additional 51 points.,OPTIONAL_BONUS
For extra points: refactor the middleware for the login flow for an additional 15 points.,OPTIONAL_BONUS
Extra Credit: refactor the middleware on the landing page for an additional 43 points.,OPTIONAL_BONUS
Optional: implement a dark mode for the UI for an additional 57 points.,OPTIONAL_BONUS
Optional: deploy to Vercel on the landing page for an additional 93 points.,OPTIONAL_BONUS
Additional Task: implement a dark mode in the backend for an additional 27 points.,OPTIONAL_BONUS
For extra points: deploy to Vercel in the backend for an additional 53 points.,OPTIONAL_BONUS
Bonus: optimize the runtime for the login flow for an additional 71 points.,OPTIONAL_BONUS
Bonus: deploy to Vercel in the backend for an additional 5 points.,OPTIONAL_BONUS
Optional: refactor the middleware in the backend for an additional 63 points.,OPTIONAL_BONUS
Extra Credit: create a README.md on the landing page for an additional 67 points.,OPTIONAL_BONUS
Additional Task: create a README.md in the backend for an additional 13 points.,OPTIONAL_BONUS
Additional Task: deploy to Vercel within the user dashboard for an additional 43 points.,OPTIONAL_BONUS
Volunteer Task: add a unit test for the login flow for an additional 52 points.,OPTIONAL_BONUS
Bonus: refactor the middleware on the landing page for an additional 28 points.,OPTIONAL_BONUS
Extra Credit: refactor the middleware in the backend for an additional 60 points.,OPTIONAL_BONUS
Optional: create a README.md in the backend for an additional 61 points.,OPTIONAL_BONUS
Additional Task: optimize the runtime on the landing page for an additional 55 points.,OPTIONAL_BONUS
Extra Credit: deploy to Vercel on the landing page for an additional 41 points.,OPTIONAL_BONUS
Volunteer Task: create a README.md within the user dashboard for an additional 79 points.,OPTIONAL_BONUS
Volunteer Task: optimize the runtime within the user dashboard for an additional 61 points.,OPTIONAL_BONUS
For extra points: add a unit test within the user dashboard for an additional 22 points.,OPTIONAL_BONUS
Extra Credit: add a unit test in the backend for an additional 87 points.,OPTIONAL_BONUS
Optional: create a README.md for the login flow for an additional 100 points.,OPTIONAL_BONUS
For extra points: add a unit test for the UI for an additional 100 points.,OPTIONAL_BONUS
Bonus: add a unit test on the landing page for an additional 33 points.,OPTIONAL_BONUS
Additional Task: implement a dark mode in the backend for an additional 43 points.,OPTIONAL_BONUS
Optional: add a unit test for the UI for an additional 14 points.,OPTIONAL_BONUS
Additional Task: refactor the middleware for the UI for an additional 92 points.,OPTIONAL_BONUS
Bonus: deploy to Vercel on the landing page for an additional 84 points.,OPTIONAL_BONUS
Optional: add a unit test in the backend for an additional 41 points.,OPTIONAL_BONUS
For extra points: deploy to Vercel in the backend for an additional 85 points.,OPTIONAL_BONUS
For extra points: refactor the middleware for the login flow for an additional 87 points.,OPTIONAL_BONUS
Bonus: add a unit test for the UI for an additional 12 points.,OPTIONAL_BONUS
Bonus: refactor the middleware on the landing page for an additional 17 points.,OPTIONAL_BONUS
Optional: refactor the middleware for the login flow for an additional 31 points.,OPTIONAL_BONUS
For extra points: implement a dark mode on the landing page for an additional 5 points.,OPTIONAL_BONUS
For extra points: optimize the runtime within the user dashboard for an additional 22 points.,OPTIONAL_BONUS
For extra points: implement a dark mode in the backend for an additional 19 points.,OPTIONAL_BONUS
Optional: create a README.md for the UI for an additional 35 points.,OPTIONAL_BONUS
Additional Task: refactor the middleware on the landing page for an additional 69 points.,OPTIONAL_BONUS
Optional: optimize the runtime in the backend for an additional 74 points.,OPTIONAL_BONUS
Optional: add a unit test for the login flow for an additional 97 points.,OPTIONAL_BONUS
Bonus: refactor the middleware for the UI for an additional 76 points.,OPTIONAL_BONUS
Bonus: deploy to Vercel for the login flow for an additional 88 points.,OPTIONAL_BONUS
Volunteer Task: deploy to Vercel within the user dashboard for an additional 51 points.,OPTIONAL_BONUS
Extra Credit: optimize the runtime for the UI for an additional 74 points.,OPTIONAL_BONUS
For extra points: optimize the runtime within the user dashboard for an additional 69 points.,OPTIONAL_BONUS
Volunteer Task: create a README.md within the user dashboard for an additional 17 points.,OPTIONAL_BONUS
Volunteer Task: implement a dark mode for the login flow for an additional 87 points.,OPTIONAL_BONUS
Bonus: add a unit test for the login flow for an additional 53 points.,OPTIONAL_BONUS
Bonus: optimize the runtime in the backend for an additional 62 points.,OPTIONAL_BONUS
Volunteer Task: refactor the middleware on the landing page for an additional 8 points.,OPTIONAL_BONUS
Extra Credit: optimize the runtime on the landing page for an additional 56 points.,OPTIONAL_BONUS
Optional: implement a dark mode within the user dashboard for an additional 58 points.,OPTIONAL_BONUS
Volunteer Task: create a README.md for the login flow for an additional 54 points.,OPTIONAL_BONUS
Additional Task: implement a dark mode for the UI for an additional 43 points.,OPTIONAL_BONUS
Volunteer Task: refactor the middleware within the user dashboard for an additional 37 points.,OPTIONAL_BONUS
Extra Credit: add a unit test for the login flow for an additional 81 points.,OPTIONAL_BONUS
For extra points: deploy to Vercel for the login flow for an additional 57 points.,OPTIONAL_BONUS
Extra Credit: deploy to Vercel in the backend for an additional 17 points.,OPTIONAL_BONUS
Additional Task: create a README.md for the UI for an additional 5 points.,OPTIONAL_BONUS
Volunteer Task: add a unit test for the UI for an additional 35 points.,OPTIONAL_BONUS
Bonus: deploy to Vercel for the login flow for an additional 89 points.,OPTIONAL_BONUS
Additional Task: optimize the runtime in the backend for an additional 75 points.,OPTIONAL_BONUS
Optional: deploy to Vercel in the backend for an additional 18 points.,OPTIONAL_BONUS
Additional Task: optimize the runtime in the backend for an additional 60 points.,OPTIONAL_BONUS
For extra points: deploy to Vercel for the login flow for an additional 100 points.,OPTIONAL_BONUS
Extra Credit: deploy to Vercel for the login flow for an additional 34 points.,OPTIONAL_BONUS
For extra points: create a README.md in the backend for an additional 80 points.,OPTIONAL_BONUS
Volunteer Task: implement a dark mode on the landing page for an additional 21 points.,OPTIONAL_BONUS
Extra Credit: deploy to Vercel for the UI for an additional 79 points.,OPTIONAL_BONUS
Bonus: optimize the runtime in the backend for an additional 70 points.,OPTIONAL_BONUS
Additional Task: optimize the runtime within the user dashboard for an additional 60 points.,OPTIONAL_BONUS
For extra points: add a unit test in the backend for an additional 79 points.,OPTIONAL_BONUS
Bonus: implement a dark mode for the login flow for an additional 18 points.,OPTIONAL_BONUS
Extra Credit: create a README.md on the landing page for an additional 84 points.,OPTIONAL_BONUS
Extra Credit: optimize the runtime in the backend for an additional 68 points.,OPTIONAL_BONUS
For extra points: refactor the middleware on the landing page for an additional 81 points.,OPTIONAL_BONUS
Additional Task: refactor the middleware for the login flow for an additional 95 points.,OPTIONAL_BONUS
Additional Task: create a README.md within the user dashboard for an additional 10 points.,OPTIONAL_BONUS
Additional Task: refactor the middleware for the login flow for an additional 16 points.,OPTIONAL_BONUS
Additional Task: refactor the middleware for the login flow for an additional 9 points.,OPTIONAL_BONUS
Additional Task: optimize the runtime for the UI for an additional 44 points.,OPTIONAL_BONUS
Bonus: optimize the runtime for the login flow for an additional 77 points.,OPTIONAL_BONUS
Extra Credit: refactor the middleware within the user dashboard for an additional 39 points.,OPTIONAL_BONUS
Extra Credit: implement a dark mode for the login flow for an additional 10 points.,OPTIONAL_BONUS
Bonus: deploy to Vercel for the login flow for an additional 93 points.,OPTIONAL_BONUS
Bonus: add a unit test on the landing page for an additional 25 points.,OPTIONAL_BONUS
Optional: deploy to Vercel in the backend for an additional 67 points.,OPTIONAL_BONUS
Additional Task: deploy to Vercel for the login flow for an additional 51 points.,OPTIONAL_BONUS
Extra Credit: optimize the runtime within the user dashboard for an additional 95 points.,OPTIONAL_BONUS
Volunteer Task: implement a dark mode in the backend for an additional 53 points.,OPTIONAL_BONUS
Optional: refactor the middleware on the landing page for an additional 24 points.,OPTIONAL_BONUS
Bonus: refactor the middleware for the UI for an additional 82 points.,OPTIONAL_BONUS
Volunteer Task: implement a dark mode in the backend for an additional 71 points.,OPTIONAL_BONUS
Optional: refactor the middleware for the UI for an additional 70 points.,OPTIONAL_BONUS
For extra points: refactor the middleware on the landing page for an additional 43 points.,OPTIONAL_BONUS
For extra points: deploy to Vercel for the UI for an additional 97 points.,OPTIONAL_BONUS
Extra Credit: refactor the middleware in the backend for an additional 45 points.,OPTIONAL_BONUS
Bonus: refactor the middleware in the backend for an additional 32 points.,OPTIONAL_BONUS
For extra points: refactor the middleware for the UI for an additional 15 points.,OPTIONAL_BONUS
For extra points: deploy to Vercel on the landing page for an additional 95 points.,OPTIONAL_BONUS
Optional: create a README.md within the user dashboard for an additional 67 points.,OPTIONAL_BONUS
Extra Credit: refactor the middleware for the login flow for an additional 68 points.,OPTIONAL_BONUS
Extra Credit: create a README.md for the login flow for an additional 39 points.,OPTIONAL_BONUS
Optional: add a unit test in the backend for an additional 63 points.,OPTIONAL_BONUS
Volunteer Task: deploy to Vercel on the landing page for an additional 65 points.,OPTIONAL_BONUS
Volunteer Task: create a README.md in the backend for an additional 47 points.,OPTIONAL_BONUS
Optional: refactor the middleware in the backend for an additional 100 points.,OPTIONAL_BONUS
Extra Credit: refactor the middleware for the UI for an additional 47 points.,OPTIONAL_BONUS
Bonus: optimize the runtime for the UI for an additional 100 points.,OPTIONAL_BONUS
Additional Task: refactor the middleware within the user dashboard for an additional 96 points.,OPTIONAL_BONUS
For extra points: optimize the runtime within the user dashboard for an additional 14 points.,OPTIONAL_BONUS
For extra points: create a README.md on the landing page for an additional 94 points.,OPTIONAL_BONUS
Optional: create a README.md on the landing page for an additional 58 points.,OPTIONAL_BONUS
Additional Task: create a README.md on the landing page for an additional 96 points.,OPTIONAL_BONUS
Extra Credit: add a unit test for the UI for an additional 61 points.,OPTIONAL_BONUS
Bonus: add a unit test on the landing page for an additional 62 points.,OPTIONAL_BONUS
Volunteer Task: deploy to Vercel on the landing page for an additional 55 points.,OPTIONAL_BONUS
Optional: create a README.md on the landing page for an additional 80 points.,OPTIONAL_BONUS
Bonus: implement a dark mode on the landing page for an additional 10 points.,OPTIONAL_BONUS
Optional: deploy to Vercel in the backend for an additional 93 points.,OPTIONAL_BONUS
Extra Credit: create a README.md on the landing page for an additional 7 points.,OPTIONAL_BONUS
Additional Task: create a README.md in the backend for an additional 8 points.,OPTIONAL_BONUS
Optional: implement a dark mode for the login flow for an additional 40 points.,OPTIONAL_BONUS
Optional: create a README.md in the backend for an additional 68 points.,OPTIONAL_BONUS
Optional: implement a dark mode on the landing page for an additional 86 points.,OPTIONAL_BONUS
Volunteer Task: optimize the runtime for the login flow for an additional 21 points.,OPTIONAL_BONUS
Bonus: optimize the runtime for the UI for an additional 38 points.,OPTIONAL_BONUS
Optional: deploy to Vercel for the UI for an additional 5 points.,OPTIONAL_BONUS
For extra points: refactor the middleware for the UI for an additional 9 points.,OPTIONAL_BONUS
Additional Task: optimize the runtime for the UI for an additional 29 points.,OPTIONAL_BONUS
Optional: refactor the middleware within the user dashboard for an additional 50 points.,OPTIONAL_BONUS
Additional Task: create a README.md for the login flow for an additional 87 points.,OPTIONAL_BONUS
Additional Task: add a unit test for the login flow for an additional 97 points.,OPTIONAL_BONUS
Additional Task: add a unit test on the landing page for an additional 75 points.,OPTIONAL_BONUS
Optional: implement a dark mode on the landing page for an additional 3 points.,OPTIONAL_BONUS
Bonus: implement a dark mode within the user dashboard for an additional 93 points.,OPTIONAL_BONUS
For extra points: deploy to Vercel for the UI for an additional 52 points.,OPTIONAL_BONUS
For extra points: optimize the runtime for the login flow for an additional 79 points.,OPTIONAL_BONUS
Extra Credit: add a unit test within the user dashboard for an additional 87 points.,OPTIONAL_BONUS
Optional: add a unit test for the UI for an additional 33 points.,OPTIONAL_BONUS
Extra Credit: refactor the middleware in the backend for an additional 34 points.,OPTIONAL_BONUS
Optional: optimize the runtime for the login flow for an additional 51 points.,OPTIONAL_BONUS
For extra points: implement a dark mode for the login flow for an additional 89 points.,OPTIONAL_BONUS
Additional Task: refactor the middleware in the backend for an additional 7 points.,OPTIONAL_BONUS
Extra Credit: deploy to Vercel within the user dashboard for an additional 28 points.,OPTIONAL_BONUS
For extra points: implement a dark mode within the user dashboard for an additional 73 points.,OPTIONAL_BONUS
Additional Task: refactor the middleware on the landing page for an additional 40 points.,OPTIONAL_BONUS
Volunteer Task: add a unit test in the backend for an additional 26 points.,OPTIONAL_BONUS
Volunteer Task: create a README.md within the user dashboard for an additional 53 points.,OPTIONAL_BONUS
Bonus: implement a dark mode on the landing page for an additional 34 points.,OPTIONAL_BONUS
For extra points: create a README.md for the login flow for an additional 61 points.,OPTIONAL_BONUS
Extra Credit: refactor the middleware within the user dashboard for an additional 70 points.,OPTIONAL_BONUS
Bonus: create a README.md for the login flow for an additional 23 points.,OPTIONAL_BONUS
Optional: optimize the runtime for the UI for an additional 25 points.,OPTIONAL_BONUS
Extra Credit: implement a dark mode in the backend for an additional 13 points.,OPTIONAL_BONUS
Volunteer Task: add a unit test for the login flow for an additional 49 points.,OPTIONAL_BONUS
Optional: optimize the runtime for the UI for an additional 83 points.,OPTIONAL_BONUS
Additional Task: deploy to Vercel within the user dashboard for an additional 80 points.,OPTIONAL_BONUS
Optional: implement a dark mode on the landing page for an additional 75 points.,OPTIONAL_BONUS
Bonus: refactor the middleware for the login flow for an additional 67 points.,OPTIONAL_BONUS
Optional: create a README.md in the backend for an additional 98 points.,OPTIONAL_BONUS
Bonus: add a unit test for the UI for an additional 7 points.,OPTIONAL_BONUS
Optional: create a README.md in the backend for an additional 73 points.,OPTIONAL_BONUS
Optional: deploy to Vercel within the user dashboard for an additional 1 points.,OPTIONAL_BONUS
Bonus: optimize the runtime within the user dashboard for an additional 65 points.,OPTIONAL_BONUS
Extra Credit: refactor the middleware on the landing page for an additional 65 points.,OPTIONAL_BONUS
Additional Task: refactor the middleware for the UI for an additional 27 points.,OPTIONAL_BONUS
Extra Credit: refactor the middleware for the UI for an additional 64 points.,OPTIONAL_BONUS
Volunteer Task: add a unit test for the UI for an additional 94 points.,OPTIONAL_BONUS
Extra Credit: implement a dark mode within the user dashboard for an additional 32 points.,OPTIONAL_BONUS
Bonus: refactor the middleware on the landing page for an additional 34 points.,OPTIONAL_BONUS
Optional: implement a dark mode within the user dashboard for an additional 60 points.,OPTIONAL_BONUS
Bonus: refactor the middleware in the backend for an additional 53 points.,OPTIONAL_BONUS
Volunteer Task: optimize the runtime for the UI for an additional 84 points.,OPTIONAL_BONUS
Extra Credit: deploy to Vercel in the backend for an additional 91 points.,OPTIONAL_BONUS
Bonus: optimize the runtime for the UI for an additional 82 points.,OPTIONAL_BONUS
Bonus: deploy to Vercel within the user dashboard for an additional 66 points.,OPTIONAL_BONUS
Additional Task: deploy to Vercel for the login flow for an additional 58 points.,OPTIONAL_BONUS
Volunteer Task: deploy to Vercel in the backend for an additional 35 points.,OPTIONAL_BONUS
Extra Credit: create a README.md on the landing page for an additional 13 points.,OPTIONAL_BONUS
Additional Task: deploy to Vercel on the landing page for an additional 28 points.,OPTIONAL_BONUS
Additional Task: implement a dark mode for the UI for an additional 62 points.,OPTIONAL_BONUS
Bonus: implement a dark mode in the backend for an additional 45 points.,OPTIONAL_BONUS
Extra Credit: refactor the middleware for the UI for an additional 15 points.,OPTIONAL_BONUS
Additional Task: implement a dark mode for the UI for an additional 65 points.,OPTIONAL_BONUS
Optional: optimize the runtime in the backend for an additional 67 points.,OPTIONAL_BONUS
Extra Credit: deploy to Vercel on the landing page for an additional 36 points.,OPTIONAL_BONUS
Volunteer Task: create a README.md on the landing page for an additional 28 points.,OPTIONAL_BONUS
Bonus: deploy to Vercel for the UI for an additional 82 points.,OPTIONAL_BONUS
Optional: add a unit test for the UI for an additional 49 points.,OPTIONAL_BONUS
Extra Credit: add a unit test for the login flow for an additional 31 points.,OPTIONAL_BONUS
Volunteer Task: refactor the middleware within the user dashboard for an additional 57 points.,OPTIONAL_BONUS
Bonus: refactor the middleware on the landing page for an additional 20 points.,OPTIONAL_BONUS
Bonus: create a README.md on the landing page for an additional 17 points.,OPTIONAL_BONUS
Optional: optimize the runtime within the user dashboard for an additional 49 points.,OPTIONAL_BONUS
For extra points: implement a dark mode for the login flow for an additional 80 points.,OPTIONAL_BONUS
Volunteer Task: optimize the runtime within the user dashboard for an additional 19 points.,OPTIONAL_BONUS
Additional Task: optimize the runtime on the landing page for an additional 73 points.,OPTIONAL_BONUS
Volunteer Task: optimize the runtime on the landing page for an additional 42 points.,OPTIONAL_BONUS
For extra points: implement a dark mode in the backend for an additional 92 points.,OPTIONAL_BONUS
Extra Credit: deploy to Vercel for the UI for an additional 15 points.,OPTIONAL_BONUS
Extra Credit: optimize the runtime for the UI for an additional 97 points.,OPTIONAL_BONUS
Optional: create a README.md on the landing page for an additional 25 points.,OPTIONAL_BONUS
Optional: create a README.md on the landing page for an additional 38 points.,OPTIONAL_BONUS
Bonus: create a README.md in the backend for an additional 66 points.,OPTIONAL_BONUS
Extra Credit: add a unit test for the UI for an additional 67 points.,OPTIONAL_BONUS
Bonus: create a README.md for the UI for an additional 99 points.,OPTIONAL_BONUS
For extra points: deploy to Vercel for the UI for an additional 20 points.,OPTIONAL_BONUS
Optional: refactor the middleware for the UI for an additional 95 points.,OPTIONAL_BONUS
For extra points: deploy to Vercel in the backend for an additional 69 points.,OPTIONAL_BONUS
Volunteer Task: refactor the middleware for the UI for an additional 43 points.,OPTIONAL_BONUS
Volunteer Task: create a README.md for the login flow for an additional 50 points.,OPTIONAL_BONUS
Extra Credit: optimize the runtime on the landing page for an additional 46 points.,OPTIONAL_BONUS
Optional: implement a dark mode for the login flow for an additional 53 points.,OPTIONAL_BONUS
Bonus: implement a dark mode on the landing page for an additional 9 points.,OPTIONAL_BONUS
Volunteer Task: refactor the middleware in the backend for an additional 98 points.,OPTIONAL_BONUS
Bonus: add a unit test in the backend for an additional 48 points.,OPTIONAL_BONUS
Extra Credit: add a unit test for the login flow for an additional 3 points.,OPTIONAL_BONUS
Additional Task: deploy to Vercel for the UI for an additional 63 points.,OPTIONAL_BONUS
Bonus: optimize the runtime in the backend for an additional 42 points.,OPTIONAL_BONUS
Volunteer Task: deploy to Vercel for the UI for an additional 81 points.,OPTIONAL_BONUS
Bonus: refactor the middleware for the login flow for an additional 66 points.,OPTIONAL_BONUS
For extra points: optimize the runtime for the login flow for an additional 51 points.,OPTIONAL_BONUS
Optional: add a unit test for the UI for an additional 84 points.,OPTIONAL_BONUS
Optional: deploy to Vercel on the landing page for an additional 33 points.,OPTIONAL_BONUS
Bonus: add a unit test for the login flow for an additional 14 points.,OPTIONAL_BONUS
Volunteer Task: add a unit test on the landing page for an additional 89 points.,OPTIONAL_BONUS
Optional: optimize the runtime for the login flow for an additional 66 points.,OPTIONAL_BONUS
Volunteer Task: add a unit test for the UI for an additional 17 points.,OPTIONAL_BONUS
Extra Credit: implement a dark mode in the backend for an additional 14 points.,OPTIONAL_BONUS
Additional Task: optimize the runtime for the login flow for an additional 58 points.,OPTIONAL_BONUS
Additional Task: refactor the middleware for the UI for an additional 47 points.,OPTIONAL_BONUS
Volunteer Task: optimize the runtime on the landing page for an additional 10 points.,OPTIONAL_BONUS
Optional: create a README.md within the user dashboard for an additional 38 points.,OPTIONAL_BONUS
Extra Credit: add a unit test within the user dashboard for an additional 42 points.,OPTIONAL_BONUS
Optional: create a README.md for the login flow for an additional 46 points.,OPTIONAL_BONUS
Optional: optimize the runtime within the user dashboard for an additional 55 points.,OPTIONAL_BONUS
Volunteer Task: implement a dark mode within the user dashboard for an additional 83 points.,OPTIONAL_BONUS
Extra Credit: add a unit test in the backend for an additional 23 points.,OPTIONAL_BONUS
For extra points: deploy to Vercel in the backend for an additional 79 points.,OPTIONAL_BONUS
Bonus: create a README.md for the login flow for an additional 91 points.,OPTIONAL_BONUS
Volunteer Task: refactor the middleware for the login flow for an additional 12 points.,OPTIONAL_BONUS
Volunteer Task: add a unit test in the backend for an additional 19 points.,OPTIONAL_BONUS
Additional Task: add a unit test in the backend for an additional 64 points.,OPTIONAL_BONUS
Optional: implement a dark mode on the landing page for an additional 78 points.,OPTIONAL_BONUS
Volunteer Task: create a README.md in the backend for an additional 27 points.,OPTIONAL_BONUS
Extra Credit: implement a dark mode within the user dashboard for an additional 22 points.,OPTIONAL_BONUS
Volunteer Task: add a unit test within the user dashboard for an additional 40 points.,OPTIONAL_BONUS
Bonus: deploy to Vercel in the backend for an additional 14 points.,OPTIONAL_BONUS
Volunteer Task: optimize the runtime for the UI for an additional 24 points.,OPTIONAL_BONUS
Extra Credit: refactor the middleware within the user dashboard for an additional 74 points.,OPTIONAL_BONUS
Extra Credit: implement a dark mode for the UI for an additional 76 points.,OPTIONAL_BONUS
Extra Credit: implement a dark mode for the login flow for an additional 74 points.,OPTIONAL_BONUS
Bonus: implement a dark mode on the landing page for an additional 17 points.,OPTIONAL_BONUS
Volunteer Task: optimize the runtime in the backend for an additional 20 points.,OPTIONAL_BONUS
Optional: create a README.md within the user dashboard for an additional 20 points.,OPTIONAL_BONUS
Bonus: deploy to Vercel within the user dashboard for an additional 41 points.,OPTIONAL_BONUS
Volunteer Task: refactor the middleware for the login flow for an additional 47 points.,OPTIONAL_BONUS
Extra Credit: add a unit test on the landing page for an additional 40 points.,OPTIONAL_BONUS
Optional: implement a dark mode for the UI for an additional 20 points.,OPTIONAL_BONUS
Volunteer Task: deploy to Vercel on the landing page for an additional 16 points.,OPTIONAL_BONUS
Additional Task: refactor the middleware within the user dashboard for an additional 68 points.,OPTIONAL_BONUS
Additional Task: refactor the middleware for the login flow for an additional 67 points.,OPTIONAL_BONUS
Bonus: implement a dark mode on the landing page for an additional 81 points.,OPTIONAL_BONUS
Bonus: refactor the middleware for the login flow for an additional 21 points.,OPTIONAL_BONUS
Bonus: add a unit test in the backend for an additional 40 points.,OPTIONAL_BONUS
Extra Credit: refactor the middleware within the user dashboard for an additional 64 points.,OPTIONAL_BONUS
Volunteer Task: create a README.md in the backend for an additional 31 points.,OPTIONAL_BONUS
Bonus: implement a dark mode in the backend for an additional 25 points.,OPTIONAL_BONUS
Additional Task: refactor the middleware in the backend for an additional 68 points.,OPTIONAL_BONUS
Optional: refactor the middleware for the UI for an additional 50 points.,OPTIONAL_BONUS
Additional Task: create a README.md on the landing page for an additional 21 points.,OPTIONAL_BONUS
Bonus: add a unit test for the login flow for an additional 37 points.,OPTIONAL_BONUS
Optional: add a unit test within the user dashboard for an additional 95 points.,OPTIONAL_BONUS
Optional: add a unit test on the landing page for an additional 52 points.,OPTIONAL_BONUS
Volunteer Task: optimize the runtime for the UI for an additional 8 points.,OPTIONAL_BONUS
Bonus: refactor the middleware within the user dashboard for an additional 73 points.,OPTIONAL_BONUS
Bonus: create a README.md within the user dashboard for an additional 31 points.,OPTIONAL_BONUS
Extra Credit: deploy to Vercel for the UI for an additional 74 points.,OPTIONAL_BONUS
Bonus: deploy to Vercel for the UI for an additional 65 points.,OPTIONAL_BONUS
For extra points: deploy to Vercel for the UI for an additional 69 points.,OPTIONAL_BONUS
Volunteer Task: create a README.md in the backend for an additional 25 points.,OPTIONAL_BONUS
For extra points: optimize the runtime for the login flow for an additional 20 points.,OPTIONAL_BONUS
For extra points: implement a dark mode within the user dashboard for an additional 1 points.,OPTIONAL_BONUS
Bonus: create a README.md on the landing page for an additional 2 points.,OPTIONAL_BONUS
Extra Credit: refactor the middleware for the login flow for an additional 63 points.,OPTIONAL_BONUS
Volunteer Task: add a unit test for the UI for an additional 8 points.,OPTIONAL_BONUS
Volunteer Task: create a README.md for the UI for an additional 55 points.,OPTIONAL_BONUS
Extra Credit: deploy to Vercel for the login flow for an additional 46 points.,OPTIONAL_BONUS
Optional: optimize the runtime within the user dashboard for an additional 45 points.,OPTIONAL_BONUS
For extra points: implement a dark mode for the login flow for an additional 57 points.,OPTIONAL_BONUS
Bonus: create a README.md in the backend for an additional 18 points.,OPTIONAL_BONUS
For extra points: add a unit test for the login flow for an additional 47 points.,OPTIONAL_BONUS
Volunteer Task: create a README.md on the landing page for an additional 87 points.,OPTIONAL_BONUS
Bonus: refactor the middleware for the login flow for an additional 50 points.,OPTIONAL_BONUS
Bonus: optimize the runtime on the landing page for an additional 26 points.,OPTIONAL_BONUS
Additional Task: implement a dark mode within the user dashboard for an additional 74 points.,OPTIONAL_BONUS
Additional Task: refactor the middleware on the landing page for an additional 83 points.,OPTIONAL_BONUS
Additional Task: deploy to Vercel for the UI for an additional 71 points.,OPTIONAL_BONUS
Extra Credit: add a unit test for the UI for an additional 78 points.,OPTIONAL_BONUS
Bonus: deploy to Vercel for the login flow for an additional 5 points.,OPTIONAL_BONUS
Extra Credit: optimize the runtime for the UI for an additional 38 points.,OPTIONAL_BONUS
Additional Task: implement a dark mode within the user dashboard for an additional 27 points.,OPTIONAL_BONUS
Bonus: add a unit test for the login flow for an additional 62 points.,OPTIONAL_BONUS
Additional Task: add a unit test within the user dashboard for an additional 14 points.,OPTIONAL_BONUS
For extra points: optimize the runtime for the UI for an additional 30 points.,OPTIONAL_BONUS
Extra Credit: refactor the middleware for the UI for an additional 80 points.,OPTIONAL_BONUS
Volunteer Task: add a unit test for the login flow for an additional 56 points.,OPTIONAL_BONUS
Extra Credit: refactor the middleware for the UI for an additional 92 points.,OPTIONAL_BONUS
Volunteer Task: refactor the middleware within the user dashboard for an additional 27 points.,OPTIONAL_BONUS
Optional: refactor the middleware for the login flow for an additional 3 points.,OPTIONAL_BONUS
For extra points: refactor the middleware within the user dashboard for an additional 80 points.,OPTIONAL_BONUS
Volunteer Task: implement a dark mode for the UI for an additional 36 points.,OPTIONAL_BONUS
Optional: create a README.md on the landing page for an additional 23 points.,OPTIONAL_BONUS
For extra points: create a README.md on the landing page for an additional 29 points.,OPTIONAL_BONUS
Additional Task: optimize the runtime within the user dashboard for an additional 58 points.,OPTIONAL_BONUS
Optional: refactor the middleware within the user dashboard for an additional 81 points.,OPTIONAL_BONUS
For extra points: refactor the middleware in the backend for an additional 31 points.,OPTIONAL_BONUS
Optional: deploy to Vercel on the landing page for an additional 19 points.,OPTIONAL_BONUS
Additional Task: deploy to Vercel in the backend for an additional 8 points.,OPTIONAL_BONUS
Bonus: deploy to Vercel in the backend for an additional 98 points.,OPTIONAL_BONUS
Extra Credit: deploy to Vercel within the user dashboard for an additional 43 points.,OPTIONAL_BONUS
Volunteer Task: create a README.md within the user dashboard for an additional 37 points.,OPTIONAL_BONUS
For extra points: create a README.md for the login flow for an additional 8 points.,OPTIONAL_BONUS
Volunteer Task: create a README.md within the user dashboard for an additional 88 points.,OPTIONAL_BONUS
For extra points: deploy to Vercel on the landing page for an additional 79 points.,OPTIONAL_BONUS
Optional: create a README.md for the UI for an additional 73 points.,OPTIONAL_BONUS
Volunteer Task: optimize the runtime in the backend for an additional 13 points.,OPTIONAL_BONUS
For extra points: refactor the middleware within the user dashboard for an additional 31 points.,OPTIONAL_BONUS
Additional Task: refactor the middleware in the backend for an additional 20 points.,OPTIONAL_BONUS
Bonus: deploy to Vercel in the backend for an additional 58 points.,OPTIONAL_BONUS
Additional Task: deploy to Vercel for the UI for an additional 26 points.,OPTIONAL_BONUS
Additional Task: add a unit test within the user dashboard for an additional 74 points.,OPTIONAL_BONUS
Volunteer Task: create a README.md within the user dashboard for an additional 5 points.,OPTIONAL_BONUS
Optional: deploy to Vercel for the UI for an additional 97 points.,OPTIONAL_BONUS
Extra Credit: create a README.md for the login flow for an additional 57 points.,OPTIONAL_BONUS
Additional Task: create a README.md for the UI for an additional 88 points.,OPTIONAL_BONUS
For extra points: optimize the runtime within the user dashboard for an additional 29 points.,OPTIONAL_BONUS
For extra points: add a unit test for the login flow for an additional 37 points.,OPTIONAL_BONUS
Optional: add a unit test within the user dashboard for an additional 18 points.,OPTIONAL_BONUS
Additional Task: add a unit test for the login flow for an additional 53 points.,OPTIONAL_BONUS
Extra Credit: add a unit test in the backend for an additional 20 points.,OPTIONAL_BONUS
Extra Credit: add a unit test on the landing page for an additional 28 points.,OPTIONAL_BONUS
Optional: deploy to Vercel on the landing page for an additional 59 points.,OPTIONAL_BONUS
Volunteer Task: refactor the middleware for the UI for an additional 8 points.,OPTIONAL_BONUS
Volunteer Task: add a unit test for the UI for an additional 46 points.,OPTIONAL_BONUS
Optional: create a README.md in the backend for an additional 30 points.,OPTIONAL_BONUS
Additional Task: deploy to Vercel for the login flow for an additional 50 points.,OPTIONAL_BONUS
Additional Task: add a unit test in the backend for an additional 46 points.,OPTIONAL_BONUS
Optional: deploy to Vercel for the UI for an additional 32 points.,OPTIONAL_BONUS
Extra Credit: create a README.md for the login flow for an additional 100 points.,OPTIONAL_BONUS
For extra points: deploy to Vercel for the login flow for an additional 79 points.,OPTIONAL_BONUS
Optional: create a README.md on the landing page for an additional 49 points.,OPTIONAL_BONUS
Extra Credit: optimize the runtime within the user dashboard for an additional 26 points.,OPTIONAL_BONUS
Bonus: add a unit test within the user dashboard for an additional 12 points.,OPTIONAL_BONUS
Optional: refactor the middleware on the landing page for an additional 61 points.,OPTIONAL_BONUS
Optional: add a unit test on the landing page for an additional 18 points.,OPTIONAL_BONUS
Volunteer Task: deploy to Vercel within the user dashboard for an additional 39 points.,OPTIONAL_BONUS
Volunteer Task: deploy to Vercel on the landing page for an additional 18 points.,OPTIONAL_BONUS
Optional: implement a dark mode for the login flow for an additional 26 points.,OPTIONAL_BONUS
For extra points: add a unit test for the UI for an additional 58 points.,OPTIONAL_BONUS
For extra points: refactor the middleware in the backend for an additional 9 points.,OPTIONAL_BONUS
Extra Credit: implement a dark mode for the login flow for an additional 11 points.,OPTIONAL_BONUS
Volunteer Task: refactor the middleware for the UI for an additional 35 points.,OPTIONAL_BONUS
Extra Credit: add a unit test for the UI for an additional 95 points.,OPTIONAL_BONUS
For extra points: deploy to Vercel for the UI for an additional 31 points.,OPTIONAL_BONUS
Bonus: refactor the middleware on the landing page for an additional 81 points.,OPTIONAL_BONUS
For extra points: refactor the middleware within the user dashboard for an additional 69 points.,OPTIONAL_BONUS
Additional Task: create a README.md in the backend for an additional 81 points.,OPTIONAL_BONUS
Optional: add a unit test for the login flow for an additional 51 points.,OPTIONAL_BONUS
Bonus: implement a dark mode within the user dashboard for an additional 55 points.,OPTIONAL_BONUS
Extra Credit: create a README.md for the login flow for an additional 37 points.,OPTIONAL_BONUS
Additional Task: optimize the runtime within the user dashboard for an additional 13 points.,OPTIONAL_BONUS
Additional Task: refactor the middleware for the login flow for an additional 24 points.,OPTIONAL_BONUS
Optional: implement a dark mode within the user dashboard for an additional 81 points.,OPTIONAL_BONUS
Bonus: add a unit test on the landing page for an additional 11 points.,OPTIONAL_BONUS
For extra points: create a README.md for the UI for an additional 35 points.,OPTIONAL_BONUS
Extra Credit: create a README.md for the login flow for an additional 93 points.,OPTIONAL_BONUS
Additional Task: create a README.md for the login flow for an additional 45 points.,OPTIONAL_BONUS
For extra points: implement a dark mode on the landing page for an additional 89 points.,OPTIONAL_BONUS
Optional: implement a dark mode for the login flow for an additional 5 points.,OPTIONAL_BONUS
Volunteer Task: implement a dark mode in the backend for an additional 50 points.,OPTIONAL_BONUS
Bonus: deploy to Vercel in the backend for an additional 35 points.,OPTIONAL_BONUS
Volunteer Task: deploy to Vercel within the user dashboard for an additional 62 points.,OPTIONAL_BONUS
For extra points: deploy to Vercel for the UI for an additional 79 points.,OPTIONAL_BONUS
Bonus: optimize the runtime in the backend for an additional 3 points.,OPTIONAL_BONUS
Extra Credit: implement a dark mode for the UI for an additional 83 points.,OPTIONAL_BONUS
Extra Credit: create a README.md for the UI for an additional 100 points.,OPTIONAL_BONUS
For extra points: refactor the middleware on the landing page for an additional 18 points.,OPTIONAL_BONUS
Additional Task: add a unit test on the landing page for an additional 71 points.,OPTIONAL_BONUS
For extra points: refactor the middleware on the landing page for an additional 13 points.,OPTIONAL_BONUS
Extra Credit: deploy to Vercel for the UI for an additional 47 points.,OPTIONAL_BONUS
Extra Credit: add a unit test for the UI for an additional 19 points.,OPTIONAL_BONUS
Extra Credit: add a unit test for the login flow for an additional 5 points.,OPTIONAL_BONUS
Optional: deploy to Vercel for the UI for an additional 39 points.,OPTIONAL_BONUS
For extra points: deploy to Vercel for the login flow for an additional 99 points.,OPTIONAL_BONUS
Extra Credit: optimize the runtime on the landing page for an additional 95 points.,OPTIONAL_BONUS
Bonus: add a unit test on the landing page for an additional 42 points.,OPTIONAL_BONUS
Volunteer Task: add a unit test for the UI for an additional 34 points.,OPTIONAL_BONUS
Additional Task: refactor the middleware within the user dashboard for an additional 48 points.,OPTIONAL_BONUS
Optional: deploy to Vercel within the user dashboard for an additional 64 points.,OPTIONAL_BONUS
Additional Task: optimize the runtime in the backend for an additional 55 points.,OPTIONAL_BONUS
Extra Credit: add a unit test for the login flow for an additional 59 points.,OPTIONAL_BONUS
Volunteer Task: create a README.md within the user dashboard for an additional 66 points.,OPTIONAL_BONUS
For extra points: implement a dark mode for the UI for an additional 50 points.,OPTIONAL_BONUS
For extra points: refactor the middleware in the backend for an additional 32 points.,OPTIONAL_BONUS
Optional: deploy to Vercel for the UI for an additional 54 points.,OPTIONAL_BONUS
For extra points: optimize the runtime in the backend for an additional 37 points.,OPTIONAL_BONUS
Volunteer Task: add a unit test within the user dashboard for an additional 35 points.,OPTIONAL_BONUS
Additional Task: refactor the middleware in the backend for an additional 56 points.,OPTIONAL_BONUS
Volunteer Task: add a unit test for the login flow for an additional 40 points.,OPTIONAL_BONUS
Volunteer Task: add a unit test within the user dashboard for an additional 55 points.,OPTIONAL_BONUS
Extra Credit: refactor the middleware on the landing page for an additional 84 points.,OPTIONAL_BONUS
Volunteer Task: deploy to Vercel within the user dashboard for an additional 96 points.,OPTIONAL_BONUS
Volunteer Task: create a README.md on the landing page for an additional 57 points.,OPTIONAL_BONUS
Additional Task: create a README.md for the login flow for an additional 74 points.,OPTIONAL_BONUS
Additional Task: create a README.md for the UI for an additional 41 points.,OPTIONAL_BONUS
Extra Credit: create a README.md for the UI for an additional 48 points.,OPTIONAL_BONUS
Bonus: optimize the runtime for the UI for an additional 41 points.,OPTIONAL_BONUS
Additional Task: deploy to Vercel for the UI for an additional 57 points.,OPTIONAL_BONUS
Additional Task: add a unit test on the landing page for an additional 6 points.,OPTIONAL_BONUS
Bonus: refactor the middleware in the backend for an additional 28 points.,OPTIONAL_BONUS
Volunteer Task: create a README.md for the login flow for an additional 72 points.,OPTIONAL_BONUS
Bonus: refactor the middleware on the landing page for an additional 37 points.,OPTIONAL_BONUS
Optional: add a unit test for the UI for an additional 61 points.,OPTIONAL_BONUS
Volunteer Task: optimize the runtime within the user dashboard for an additional 13 points.,OPTIONAL_BONUS
Volunteer Task: refactor the middleware in the backend for an additional 78 points.,OPTIONAL_BONUS
Volunteer Task: add a unit test in the backend for an additional 47 points.,OPTIONAL_BONUS
Additional Task: optimize the runtime in the backend for an additional 61 points.,OPTIONAL_BONUS
Bonus: refactor the middleware within the user dashboard for an additional 53 points.,OPTIONAL_BONUS
For extra points: implement a dark mode for the UI for an additional 56 points.,OPTIONAL_BONUS
Additional Task: deploy to Vercel on the landing page for an additional 44 points.,OPTIONAL_BONUS
Additional Task: optimize the runtime in the backend for an additional 8 points.,OPTIONAL_BONUS
Additional Task: create a README.md for the login flow for an additional 33 points.,OPTIONAL_BONUS
For extra points: optimize the runtime on the landing page for an additional 26 points.,OPTIONAL_BONUS
Volunteer Task: refactor the middleware on the landing page for an additional 80 points.,OPTIONAL_BONUS
Bonus: implement a dark mode for the UI for an additional 97 points.,OPTIONAL_BONUS
Bonus: optimize the runtime for the login flow for an additional 16 points.,OPTIONAL_BONUS
Bonus: create a README.md on the landing page for an additional 75 points.,OPTIONAL_BONUS
Extra Credit: add a unit test in the backend for an additional 53 points.,OPTIONAL_BONUS
Optional: create a README.md within the user dashboard for an additional 45 points.,OPTIONAL_BONUS
Optional: implement a dark mode for the UI for an additional 71 points.,OPTIONAL_BONUS
Extra Credit: refactor the middleware for the UI for an additional 98 points.,OPTIONAL_BONUS
Additional Task: refactor the middleware on the landing page for an additional 20 points.,OPTIONAL_BONUS
Extra Credit: implement a dark mode for the UI for an additional 51 points.,OPTIONAL_BONUS
Bonus: add a unit test on the landing page for an additional 64 points.,OPTIONAL_BONUS
Extra Credit: refactor the middleware within the user dashboard for an additional 56 points.,OPTIONAL_BONUS
Bonus: deploy to Vercel in the backend for an additional 75 points.,OPTIONAL_BONUS
Extra Credit: refactor the middleware on the landing page for an additional 89 points.,OPTIONAL_BONUS
Volunteer Task: implement a dark mode in the backend for an additional 63 points.,OPTIONAL_BONUS
Optional: implement a dark mode on the landing page for an additional 85 points.,OPTIONAL_BONUS
Volunteer Task: deploy to Vercel in the backend for an additional 13 points.,OPTIONAL_BONUS
Bonus: add a unit test for the login flow for an additional 9 points.,OPTIONAL_BONUS
For extra points: deploy to Vercel for the login flow for an additional 45 points.,OPTIONAL_BONUS
Optional: add a unit test for the login flow for an additional 79 points.,OPTIONAL_BONUS
Additional Task: implement a dark mode for the login flow for an additional 71 points.,OPTIONAL_BONUS
Volunteer Task: optimize the runtime within the user dashboard for an additional 56 points.,OPTIONAL_BONUS
Optional: deploy to Vercel in the backend for an additional 41 points.,OPTIONAL_BONUS
Extra Credit: add a unit test in the backend for an additional 43 points.,OPTIONAL_BONUS
Volunteer Task: refactor the middleware on the landing page for an additional 2 points.,OPTIONAL_BONUS
Additional Task: optimize the runtime on the landing page for an additional 78 points.,OPTIONAL_BONUS
Optional: add a unit test in the backend for an additional 75 points.,OPTIONAL_BONUS
Optional: optimize the runtime on the landing page for an additional 39 points.,OPTIONAL_BONUS
The AUC-ROC curve analysis accounts for 5% of your semester grade.,WEIGHTED_PRIORITY
The Mean Squared Error analysis accounts for 15% of your semester grade.,WEIGHTED_PRIORITY
Assessment 28: Hyperparameter optimization of Logistic Regression using the Sarcasm Dataset based on AUC-ROC curve. Worth 20 points.,WEIGHTED_PRIORITY
Assessment 24: Cross-validating Random Forest using the Sarcasm Dataset based on Accuracy. Worth 150 points.,WEIGHTED_PRIORITY
Assessment 47: Fine-tuning LSTM using the IMDb sentiment bank based on Precision-Recall tradeoff. Worth 10 points.,WEIGHTED_PRIORITY
Assessment 32: Cross-validating Logistic Regression using custom WVSU student data based on Precision-Recall tradeoff. Worth 30 points.,WEIGHTED_PRIORITY
CRITICAL: (30 pts) Fine-tuning Vision Transformer using the Sarcasm Dataset.,WEIGHTED_PRIORITY
Assessment 7: Fine-tuning Random Forest using the MNIST corpus based on F1-score. Worth 30 points.,WEIGHTED_PRIORITY
Assessment 48: Architecting Random Forest using custom WVSU student data based on Precision-Recall tradeoff. Worth 100 points.,WEIGHTED_PRIORITY
(REQUIRED) (150 pts) Hyperparameter optimization of Random Forest using the Sarcasm Dataset.,WEIGHTED_PRIORITY
(REQUIRED) (75 pts) Architecting Logistic Regression using the IMDb sentiment bank.,WEIGHTED_PRIORITY
Assessment 29: Cross-validating Vision Transformer using the MNIST corpus based on Accuracy. Worth 10 points.,WEIGHTED_PRIORITY
GRADING CRITERIA: (30 pts) Hyperparameter optimization of DistilBERT using the IMDb sentiment bank.,WEIGHTED_PRIORITY
The Accuracy analysis accounts for 20% of your semester grade.,WEIGHTED_PRIORITY
The AUC-ROC curve analysis accounts for 15% of your semester grade.,WEIGHTED_PRIORITY
CRITICAL: (50 pts) Architecting Logistic Regression using the IMDb sentiment bank.,WEIGHTED_PRIORITY
Evaluation: (25 pts) Hyperparameter optimization of Random Forest using the MNIST corpus.,WEIGHTED_PRIORITY
MANDATORY: (15 pts) Fine-tuning YOLOv8 using the IMDb sentiment bank.,WEIGHTED_PRIORITY
The Mean Squared Error analysis accounts for 40% of your semester grade.,WEIGHTED_PRIORITY
The Accuracy analysis accounts for 10% of your semester grade.,WEIGHTED_PRIORITY
Assessment 44: Cross-validating YOLOv8 using the CIFAR-10 image set based on Mean Squared Error. Worth 150 points.,WEIGHTED_PRIORITY
Evaluation: (10 pts) Architecting Logistic Regression using the Sarcasm Dataset.,WEIGHTED_PRIORITY
The Accuracy analysis accounts for 5% of your semester grade.,WEIGHTED_PRIORITY
Assessment 38: Fine-tuning LSTM using custom WVSU student data based on Precision-Recall tradeoff. Worth 30 points.,WEIGHTED_PRIORITY
Assessment 45: Evaluating LSTM using the MNIST corpus based on AUC-ROC curve. Worth 75 points.,WEIGHTED_PRIORITY
MANDATORY: (75 pts) Architecting Logistic Regression using the CIFAR-10 image set.,WEIGHTED_PRIORITY
Assessment 25: Fine-tuning YOLOv8 using the Sarcasm Dataset based on AUC-ROC curve. Worth 100 points.,WEIGHTED_PRIORITY
The Mean Squared Error analysis accounts for 25% of your semester grade.,WEIGHTED_PRIORITY
Evaluation: (20 pts) Architecting Vision Transformer using the Sarcasm Dataset.,WEIGHTED_PRIORITY
Assessment 46: Architecting DistilBERT using custom WVSU student data based on Precision-Recall tradeoff. Worth 100 points.,WEIGHTED_PRIORITY
The F1-score analysis accounts for 30% of your semester grade.,WEIGHTED_PRIORITY
GRADING CRITERIA: (20 pts) Preprocessing Logistic Regression using the MNIST corpus.,WEIGHTED_PRIORITY
MAJOR TASK: (150 pts) Cross-validating LSTM using the MNIST corpus.,WEIGHTED_PRIORITY
The AUC-ROC curve analysis accounts for 25% of your semester grade.,WEIGHTED_PRIORITY
MANDATORY: (20 pts) Preprocessing YOLOv8 using the IMDb sentiment bank.,WEIGHTED_PRIORITY
The AUC-ROC curve analysis accounts for 20% of your semester grade.,WEIGHTED_PRIORITY
Evaluation: (40 pts) Fine-tuning LSTM using the MNIST corpus.,WEIGHTED_PRIORITY
MAJOR TASK: (30 pts) Hyperparameter optimization of Vision Transformer using the IMDb sentiment bank.,WEIGHTED_PRIORITY
GRADING CRITERIA: (150 pts) Cross-validating Logistic Regression using custom WVSU student data.,WEIGHTED_PRIORITY
Assessment 36: Cross-validating Random Forest using the CIFAR-10 image set based on F1-score. Worth 40 points.,WEIGHTED_PRIORITY
GRADING CRITERIA: (100 pts) Evaluating Logistic Regression using the IMDb sentiment bank.,WEIGHTED_PRIORITY
GRADING CRITERIA: (150 pts) Fine-tuning LSTM using the IMDb sentiment bank.,WEIGHTED_PRIORITY
MAJOR TASK: (20 pts) Fine-tuning Vision Transformer using the Sarcasm Dataset.,WEIGHTED_PRIORITY
(REQUIRED) (50 pts) Evaluating ResNet-50 using the MNIST corpus.,WEIGHTED_PRIORITY
MANDATORY: (100 pts) Preprocessing YOLOv8 using the IMDb sentiment bank.,WEIGHTED_PRIORITY
The Accuracy analysis accounts for 15% of your semester grade.,WEIGHTED_PRIORITY
Assessment 41: Hyperparameter optimization of Logistic Regression using custom WVSU student data based on Mean Squared Error. Worth 25 points.,WEIGHTED_PRIORITY
Assessment 22: Cross-validating ResNet-50 using the MNIST corpus based on AUC-ROC curve. Worth 50 points.,WEIGHTED_PRIORITY
Assessment 5: Hyperparameter optimization of LSTM using the MNIST corpus based on Precision-Recall tradeoff. Worth 50 points.,WEIGHTED_PRIORITY
Assessment 13: Fine-tuning LSTM using custom WVSU student data based on Accuracy. Worth 50 points.,WEIGHTED_PRIORITY
Assessment 29: Hyperparameter optimization of DistilBERT using the Sarcasm Dataset based on AUC-ROC curve. Worth 40 points.,WEIGHTED_PRIORITY
(REQUIRED) (150 pts) Fine-tuning LSTM using the IMDb sentiment bank.,WEIGHTED_PRIORITY
CRITICAL: (25 pts) Cross-validating LSTM using the MNIST corpus.,WEIGHTED_PRIORITY
MAJOR TASK: (15 pts) Architecting DistilBERT using the IMDb sentiment bank.,WEIGHTED_PRIORITY
Assessment 45: Hyperparameter optimization of YOLOv8 using the MNIST corpus based on F1-score. Worth 10 points.,WEIGHTED_PRIORITY
CRITICAL: (15 pts) Preprocessing DistilBERT using custom WVSU student data.,WEIGHTED_PRIORITY
Assessment 36: Fine-tuning Logistic Regression using the MNIST corpus based on Accuracy. Worth 15 points.,WEIGHTED_PRIORITY
MANDATORY: (50 pts) Preprocessing Vision Transformer using custom WVSU student data.,WEIGHTED_PRIORITY
MANDATORY: (10 pts) Hyperparameter optimization of ResNet-50 using the IMDb sentiment bank.,WEIGHTED_PRIORITY
The Precision-Recall tradeoff analysis accounts for 25% of your semester grade.,WEIGHTED_PRIORITY
Assessment 32: Preprocessing Logistic Regression using custom WVSU student data based on Mean Squared Error. Worth 50 points.,WEIGHTED_PRIORITY
Assessment 12: Preprocessing YOLOv8 using custom WVSU student data based on Mean Squared Error. Worth 20 points.,WEIGHTED_PRIORITY
GRADING CRITERIA: (20 pts) Cross-validating YOLOv8 using the IMDb sentiment bank.,WEIGHTED_PRIORITY
Assessment 36: Hyperparameter optimization of Logistic Regression using the MNIST corpus based on Mean Squared Error. Worth 150 points.,WEIGHTED_PRIORITY
Assessment 11: Evaluating ResNet-50 using the IMDb sentiment bank based on AUC-ROC curve. Worth 25 points.,WEIGHTED_PRIORITY
The Precision-Recall tradeoff analysis accounts for 30% of your semester grade.,WEIGHTED_PRIORITY
GRADING CRITERIA: (75 pts) Hyperparameter optimization of Logistic Regression using the IMDb sentiment bank.,WEIGHTED_PRIORITY
Assessment 6: Fine-tuning Logistic Regression using the IMDb sentiment bank based on Mean Squared Error. Worth 30 points.,WEIGHTED_PRIORITY
GRADING CRITERIA: (30 pts) Architecting Random Forest using the MNIST corpus.,WEIGHTED_PRIORITY
Assessment 18: Architecting Logistic Regression using the CIFAR-10 image set based on Accuracy. Worth 100 points.,WEIGHTED_PRIORITY
The AUC-ROC curve analysis accounts for 10% of your semester grade.,WEIGHTED_PRIORITY
The AUC-ROC curve analysis accounts for 30% of your semester grade.,WEIGHTED_PRIORITY
(REQUIRED) (15 pts) Hyperparameter optimization of DistilBERT using the Sarcasm Dataset.,WEIGHTED_PRIORITY
Assessment 29: Preprocessing Logistic Regression using the IMDb sentiment bank based on Accuracy. Worth 30 points.,WEIGHTED_PRIORITY
The Precision-Recall tradeoff analysis accounts for 15% of your semester grade.,WEIGHTED_PRIORITY
Assessment 21: Cross-validating ResNet-50 using the IMDb sentiment bank based on F1-score. Worth 10 points.,WEIGHTED_PRIORITY
The Precision-Recall tradeoff analysis accounts for 40% of your semester grade.,WEIGHTED_PRIORITY
The Mean Squared Error analysis accounts for 5% of your semester grade.,WEIGHTED_PRIORITY
Assessment 29: Fine-tuning Random Forest using the IMDb sentiment bank based on Precision-Recall tradeoff. Worth 40 points.,WEIGHTED_PRIORITY
Evaluation: (20 pts) Preprocessing Random Forest using custom WVSU student data.,WEIGHTED_PRIORITY
CRITICAL: (150 pts) Cross-validating Random Forest using the CIFAR-10 image set.,WEIGHTED_PRIORITY
CRITICAL: (25 pts) Fine-tuning YOLOv8 using the Sarcasm Dataset.,WEIGHTED_PRIORITY
The Precision-Recall tradeoff analysis accounts for 20% of your semester grade.,WEIGHTED_PRIORITY
Assessment 35: Evaluating DistilBERT using the CIFAR-10 image set based on AUC-ROC curve. Worth 75 points.,WEIGHTED_PRIORITY
Assessment 7: Cross-validating LSTM using the IMDb sentiment bank based on Mean Squared Error. Worth 150 points.,WEIGHTED_PRIORITY
Assessment 12: Hyperparameter optimization of DistilBERT using the MNIST corpus based on AUC-ROC curve. Worth 150 points.,WEIGHTED_PRIORITY
Assessment 31: Architecting LSTM using custom WVSU student data based on Precision-Recall tradeoff. Worth 50 points.,WEIGHTED_PRIORITY
Assessment 48: Preprocessing DistilBERT using the IMDb sentiment bank based on AUC-ROC curve. Worth 150 points.,WEIGHTED_PRIORITY
The F1-score analysis accounts for 5% of your semester grade.,WEIGHTED_PRIORITY
(REQUIRED) (40 pts) Hyperparameter optimization of Vision Transformer using the CIFAR-10 image set.,WEIGHTED_PRIORITY
MAJOR TASK: (75 pts) Evaluating YOLOv8 using the MNIST corpus.,WEIGHTED_PRIORITY
GRADING CRITERIA: (30 pts) Architecting ResNet-50 using the Sarcasm Dataset.,WEIGHTED_PRIORITY
Assessment 40: Fine-tuning YOLOv8 using the Sarcasm Dataset based on Mean Squared Error. Worth 30 points.,WEIGHTED_PRIORITY
GRADING CRITERIA: (25 pts) Preprocessing Random Forest using custom WVSU student data.,WEIGHTED_PRIORITY
Evaluation: (75 pts) Preprocessing YOLOv8 using custom WVSU student data.,WEIGHTED_PRIORITY
Assessment 18: Preprocessing Logistic Regression using the MNIST corpus based on Mean Squared Error. Worth 20 points.,WEIGHTED_PRIORITY
MAJOR TASK: (30 pts) Preprocessing YOLOv8 using custom WVSU student data.,WEIGHTED_PRIORITY
CRITICAL: (20 pts) Preprocessing ResNet-50 using custom WVSU student data.,WEIGHTED_PRIORITY
MANDATORY: (100 pts) Preprocessing Logistic Regression using the MNIST corpus.,WEIGHTED_PRIORITY
Assessment 22: Preprocessing Logistic Regression using the Sarcasm Dataset based on Precision-Recall tradeoff. Worth 10 points.,WEIGHTED_PRIORITY
The F1-score analysis accounts for 10% of your semester grade.,WEIGHTED_PRIORITY
Assessment 38: Hyperparameter optimization of Random Forest using the Sarcasm Dataset based on AUC-ROC curve. Worth 25 points.,WEIGHTED_PRIORITY
Assessment 22: Preprocessing Vision Transformer using the IMDb sentiment bank based on Mean Squared Error. Worth 20 points.,WEIGHTED_PRIORITY
The F1-score analysis accounts for 50% of your semester grade.,WEIGHTED_PRIORITY
Assessment 5: Evaluating Logistic Regression using the Sarcasm Dataset based on Precision-Recall tradeoff. Worth 30 points.,WEIGHTED_PRIORITY
Assessment 1: Hyperparameter optimization of Random Forest using the MNIST corpus based on F1-score. Worth 50 points.,WEIGHTED_PRIORITY
(REQUIRED) (10 pts) Cross-validating YOLOv8 using the CIFAR-10 image set.,WEIGHTED_PRIORITY
The F1-score analysis accounts for 20% of your semester grade.,WEIGHTED_PRIORITY
GRADING CRITERIA: (50 pts) Fine-tuning Vision Transformer using the CIFAR-10 image set.,WEIGHTED_PRIORITY
Assessment 16: Cross-validating YOLOv8 using the CIFAR-10 image set based on Precision-Recall tradeoff. Worth 150 points.,WEIGHTED_PRIORITY
Assessment 20: Fine-tuning YOLOv8 using custom WVSU student data based on AUC-ROC curve. Worth 10 points.,WEIGHTED_PRIORITY
Assessment 37: Evaluating Logistic Regression using the Sarcasm Dataset based on Mean Squared Error. Worth 40 points.,WEIGHTED_PRIORITY
Assessment 24: Preprocessing YOLOv8 using the Sarcasm Dataset based on F1-score. Worth 30 points.,WEIGHTED_PRIORITY
Assessment 39: Cross-validating YOLOv8 using the MNIST corpus based on F1-score. Worth 100 points.,WEIGHTED_PRIORITY
Assessment 43: Cross-validating ResNet-50 using the IMDb sentiment bank based on F1-score. Worth 20 points.,WEIGHTED_PRIORITY
MANDATORY: (100 pts) Hyperparameter optimization of YOLOv8 using the MNIST corpus.,WEIGHTED_PRIORITY
(REQUIRED) (25 pts) Architecting DistilBERT using the Sarcasm Dataset.,WEIGHTED_PRIORITY
Evaluation: (50 pts) Preprocessing Logistic Regression using the IMDb sentiment bank.,WEIGHTED_PRIORITY
The Mean Squared Error analysis accounts for 10% of your semester grade.,WEIGHTED_PRIORITY
Assessment 10: Cross-validating LSTM using the IMDb sentiment bank based on F1-score. Worth 10 points.,WEIGHTED_PRIORITY
Assessment 6: Cross-validating Vision Transformer using the CIFAR-10 image set based on Precision-Recall tradeoff. Worth 50 points.,WEIGHTED_PRIORITY
The F1-score analysis accounts for 15% of your semester grade.,WEIGHTED_PRIORITY
MANDATORY: (150 pts) Fine-tuning Vision Transformer using the Sarcasm Dataset.,WEIGHTED_PRIORITY
Assessment 22: Preprocessing YOLOv8 using the Sarcasm Dataset based on Mean Squared Error. Worth 40 points.,WEIGHTED_PRIORITY
Assessment 2: Hyperparameter optimization of ResNet-50 using the IMDb sentiment bank based on AUC-ROC curve. Worth 100 points.,WEIGHTED_PRIORITY
Assessment 47: Fine-tuning Logistic Regression using the Sarcasm Dataset based on Accuracy. Worth 20 points.,WEIGHTED_PRIORITY
The Precision-Recall tradeoff analysis accounts for 5% of your semester grade.,WEIGHTED_PRIORITY
MANDATORY: (100 pts) Evaluating YOLOv8 using the CIFAR-10 image set.,WEIGHTED_PRIORITY
MAJOR TASK: (150 pts) Fine-tuning Random Forest using the Sarcasm Dataset.,WEIGHTED_PRIORITY
Assessment 29: Fine-tuning ResNet-50 using the CIFAR-10 image set based on Accuracy. Worth 75 points.,WEIGHTED_PRIORITY
The AUC-ROC curve analysis accounts for 50% of your semester grade.,WEIGHTED_PRIORITY
Assessment 50: Cross-validating Logistic Regression using the MNIST corpus based on Precision-Recall tradeoff. Worth 20 points.,WEIGHTED_PRIORITY
Assessment 32: Cross-validating YOLOv8 using the Sarcasm Dataset based on Mean Squared Error. Worth 30 points.,WEIGHTED_PRIORITY
MANDATORY: (50 pts) Fine-tuning DistilBERT using the CIFAR-10 image set.,WEIGHTED_PRIORITY
CRITICAL: (10 pts) Evaluating Vision Transformer using the CIFAR-10 image set.,WEIGHTED_PRIORITY
GRADING CRITERIA: (20 pts) Preprocessing ResNet-50 using the CIFAR-10 image set.,WEIGHTED_PRIORITY
Assessment 24: Preprocessing LSTM using custom WVSU student data based on Accuracy. Worth 10 points.,WEIGHTED_PRIORITY
MANDATORY: (15 pts) Hyperparameter optimization of DistilBERT using custom WVSU student data.,WEIGHTED_PRIORITY
Assessment 6: Preprocessing Random Forest using the CIFAR-10 image set based on Mean Squared Error. Worth 50 points.,WEIGHTED_PRIORITY
Assessment 43: Evaluating Vision Transformer using the Sarcasm Dataset based on F1-score. Worth 75 points.,WEIGHTED_PRIORITY
MAJOR TASK: (30 pts) Cross-validating Random Forest using the MNIST corpus.,WEIGHTED_PRIORITY
Assessment 46: Cross-validating Random Forest using custom WVSU student data based on Accuracy. Worth 150 points.,WEIGHTED_PRIORITY
MANDATORY: (75 pts) Hyperparameter optimization of Random Forest using custom WVSU student data.,WEIGHTED_PRIORITY
Assessment 19: Preprocessing Logistic Regression using the MNIST corpus based on Precision-Recall tradeoff. Worth 50 points.,WEIGHTED_PRIORITY
GRADING CRITERIA: (15 pts) Architecting LSTM using the MNIST corpus.,WEIGHTED_PRIORITY
GRADING CRITERIA: (50 pts) Evaluating Random Forest using the Sarcasm Dataset.,WEIGHTED_PRIORITY
GRADING CRITERIA: (20 pts) Architecting Vision Transformer using the MNIST corpus.,WEIGHTED_PRIORITY
Assessment 39: Hyperparameter optimization of Vision Transformer using the MNIST corpus based on AUC-ROC curve. Worth 75 points.,WEIGHTED_PRIORITY
Assessment 23: Preprocessing ResNet-50 using the Sarcasm Dataset based on Precision-Recall tradeoff. Worth 25 points.,WEIGHTED_PRIORITY
Assessment 24: Hyperparameter optimization of DistilBERT using the CIFAR-10 image set based on F1-score. Worth 10 points.,WEIGHTED_PRIORITY
Assessment 9: Architecting DistilBERT using the CIFAR-10 image set based on AUC-ROC curve. Worth 15 points.,WEIGHTED_PRIORITY
The Mean Squared Error analysis accounts for 50% of your semester grade.,WEIGHTED_PRIORITY
Assessment 37: Cross-validating Logistic Regression using the MNIST corpus based on Accuracy. Worth 25 points.,WEIGHTED_PRIORITY
Assessment 10: Fine-tuning DistilBERT using the Sarcasm Dataset based on Accuracy. Worth 10 points.,WEIGHTED_PRIORITY
Assessment 1: Fine-tuning YOLOv8 using custom WVSU student data based on F1-score. Worth 30 points.,WEIGHTED_PRIORITY
Assessment 38: Architecting DistilBERT using the IMDb sentiment bank based on AUC-ROC curve. Worth 75 points.,WEIGHTED_PRIORITY
Assessment 20: Evaluating Vision Transformer using custom WVSU student data based on Accuracy. Worth 30 points.,WEIGHTED_PRIORITY
Assessment 36: Evaluating ResNet-50 using the IMDb sentiment bank based on F1-score. Worth 75 points.,WEIGHTED_PRIORITY
Assessment 32: Evaluating Vision Transformer using the CIFAR-10 image set based on F1-score. Worth 50 points.,WEIGHTED_PRIORITY
(REQUIRED) (40 pts) Preprocessing Logistic Regression using the CIFAR-10 image set.,WEIGHTED_PRIORITY
The Accuracy analysis accounts for 40% of your semester grade.,WEIGHTED_PRIORITY
Assessment 1: Preprocessing ResNet-50 using the MNIST corpus based on Mean Squared Error. Worth 10 points.,WEIGHTED_PRIORITY
The Mean Squared Error analysis accounts for 30% of your semester grade.,WEIGHTED_PRIORITY
Evaluation: (20 pts) Preprocessing YOLOv8 using custom WVSU student data.,WEIGHTED_PRIORITY
Assessment 23: Fine-tuning ResNet-50 using custom WVSU student data based on Accuracy. Worth 50 points.,WEIGHTED_PRIORITY
The F1-score analysis accounts for 25% of your semester grade.,WEIGHTED_PRIORITY
The F1-score analysis accounts for 40% of your semester grade.,WEIGHTED_PRIORITY
Assessment 29: Fine-tuning ResNet-50 using the IMDb sentiment bank based on Precision-Recall tradeoff. Worth 100 points.,WEIGHTED_PRIORITY
Assessment 38: Preprocessing Vision Transformer using the CIFAR-10 image set based on AUC-ROC curve. Worth 50 points.,WEIGHTED_PRIORITY
Assessment 43: Hyperparameter optimization of YOLOv8 using the Sarcasm Dataset based on Mean Squared Error. Worth 100 points.,WEIGHTED_PRIORITY
Assessment 19: Hyperparameter optimization of ResNet-50 using custom WVSU student data based on F1-score. Worth 100 points.,WEIGHTED_PRIORITY
The Precision-Recall tradeoff analysis accounts for 10% of your semester grade.,WEIGHTED_PRIORITY
Assessment 9: Preprocessing Vision Transformer using the CIFAR-10 image set based on Accuracy. Worth 40 points.,WEIGHTED_PRIORITY
Assessment 46: Fine-tuning LSTM using the MNIST corpus based on F1-score. Worth 25 points.,WEIGHTED_PRIORITY
(REQUIRED) (75 pts) Hyperparameter optimization of YOLOv8 using custom WVSU student data.,WEIGHTED_PRIORITY
MAJOR TASK: (10 pts) Cross-validating Logistic Regression using the MNIST corpus.,WEIGHTED_PRIORITY
Assessment 27: Evaluating LSTM using the CIFAR-10 image set based on AUC-ROC curve. Worth 10 points.,WEIGHTED_PRIORITY
GRADING CRITERIA: (30 pts) Hyperparameter optimization of ResNet-50 using the MNIST corpus.,WEIGHTED_PRIORITY
Assessment 20: Fine-tuning YOLOv8 using the MNIST corpus based on F1-score. Worth 10 points.,WEIGHTED_PRIORITY
Evaluation: (50 pts) Fine-tuning LSTM using the CIFAR-10 image set.,WEIGHTED_PRIORITY
Assessment 48: Fine-tuning Random Forest using the CIFAR-10 image set based on F1-score. Worth 20 points.,WEIGHTED_PRIORITY
Assessment 10: Architecting DistilBERT using the MNIST corpus based on Precision-Recall tradeoff. Worth 25 points.,WEIGHTED_PRIORITY
GRADING CRITERIA: (10 pts) Hyperparameter optimization of Vision Transformer using the Sarcasm Dataset.,WEIGHTED_PRIORITY
GRADING CRITERIA: (10 pts) Architecting LSTM using the CIFAR-10 image set.,WEIGHTED_PRIORITY
(REQUIRED) (50 pts) Architecting LSTM using the Sarcasm Dataset.,WEIGHTED_PRIORITY
MANDATORY: (30 pts) Fine-tuning YOLOv8 using the MNIST corpus.,WEIGHTED_PRIORITY
Assessment 26: Fine-tuning DistilBERT using custom WVSU student data based on Accuracy. Worth 15 points.,WEIGHTED_PRIORITY
Assessment 28: Fine-tuning Logistic Regression using custom WVSU student data based on AUC-ROC curve. Worth 15 points.,WEIGHTED_PRIORITY
Assessment 6: Architecting Random Forest using the MNIST corpus based on F1-score. Worth 25 points.,WEIGHTED_PRIORITY
Assessment 44: Architecting LSTM using the MNIST corpus based on Precision-Recall tradeoff. Worth 20 points.,WEIGHTED_PRIORITY
MAJOR TASK: (20 pts) Fine-tuning DistilBERT using custom WVSU student data.,WEIGHTED_PRIORITY
Assessment 2: Preprocessing YOLOv8 using the Sarcasm Dataset based on Mean Squared Error. Worth 40 points.,WEIGHTED_PRIORITY
Assessment 32: Preprocessing YOLOv8 using the CIFAR-10 image set based on F1-score. Worth 15 points.,WEIGHTED_PRIORITY
Assessment 19: Preprocessing ResNet-50 using the CIFAR-10 image set based on F1-score. Worth 150 points.,WEIGHTED_PRIORITY
Evaluation: (15 pts) Evaluating DistilBERT using the IMDb sentiment bank.,WEIGHTED_PRIORITY
Assessment 14: Hyperparameter optimization of YOLOv8 using custom WVSU student data based on Mean Squared Error. Worth 20 points.,WEIGHTED_PRIORITY
Assessment 30: Hyperparameter optimization of Random Forest using the IMDb sentiment bank based on Accuracy. Worth 20 points.,WEIGHTED_PRIORITY
MANDATORY: (50 pts) Hyperparameter optimization of Vision Transformer using the CIFAR-10 image set.,WEIGHTED_PRIORITY
Assessment 36: Architecting Vision Transformer using the MNIST corpus based on Accuracy. Worth 50 points.,WEIGHTED_PRIORITY
(REQUIRED) (15 pts) Cross-validating DistilBERT using the MNIST corpus.,WEIGHTED_PRIORITY
Assessment 34: Evaluating Random Forest using the MNIST corpus based on Mean Squared Error. Worth 50 points.,WEIGHTED_PRIORITY
MAJOR TASK: (10 pts) Evaluating Logistic Regression using the Sarcasm Dataset.,WEIGHTED_PRIORITY
Assessment 4: Architecting YOLOv8 using the IMDb sentiment bank based on Mean Squared Error. Worth 150 points.,WEIGHTED_PRIORITY
GRADING CRITERIA: (50 pts) Fine-tuning Logistic Regression using the MNIST corpus.,WEIGHTED_PRIORITY
MANDATORY: (25 pts) Evaluating LSTM using the Sarcasm Dataset.,WEIGHTED_PRIORITY
Assessment 23: Hyperparameter optimization of YOLOv8 using the Sarcasm Dataset based on F1-score. Worth 75 points.,WEIGHTED_PRIORITY
Evaluation: (100 pts) Architecting ResNet-50 using the IMDb sentiment bank.,WEIGHTED_PRIORITY
Assessment 27: Fine-tuning YOLOv8 using custom WVSU student data based on F1-score. Worth 75 points.,WEIGHTED_PRIORITY
Assessment 35: Cross-validating Vision Transformer using the IMDb sentiment bank based on AUC-ROC curve. Worth 100 points.,WEIGHTED_PRIORITY
Assessment 20: Cross-validating LSTM using the IMDb sentiment bank based on Mean Squared Error. Worth 20 points.,WEIGHTED_PRIORITY
Evaluation: (10 pts) Cross-validating Vision Transformer using custom WVSU student data.,WEIGHTED_PRIORITY
CRITICAL: (25 pts) Hyperparameter optimization of Vision Transformer using the CIFAR-10 image set.,WEIGHTED_PRIORITY
Evaluation: (100 pts) Fine-tuning DistilBERT using the MNIST corpus.,WEIGHTED_PRIORITY
The AUC-ROC curve analysis accounts for 40% of your semester grade.,WEIGHTED_PRIORITY
Assessment 16: Architecting Vision Transformer using custom WVSU student data based on F1-score. Worth 25 points.,WEIGHTED_PRIORITY
The Accuracy analysis accounts for 25% of your semester grade.,WEIGHTED_PRIORITY
Assessment 14: Preprocessing ResNet-50 using custom WVSU student data based on F1-score. Worth 50 points.,WEIGHTED_PRIORITY
Assessment 18: Evaluating YOLOv8 using the Sarcasm Dataset based on Accuracy. Worth 20 points.,WEIGHTED_PRIORITY
Assessment 19: Architecting Random Forest using the Sarcasm Dataset based on Precision-Recall tradeoff. Worth 150 points.,WEIGHTED_PRIORITY
MANDATORY: (30 pts) Hyperparameter optimization of LSTM using the MNIST corpus.,WEIGHTED_PRIORITY
MAJOR TASK: (40 pts) Cross-validating LSTM using the Sarcasm Dataset.,WEIGHTED_PRIORITY
MAJOR TASK: (50 pts) Evaluating YOLOv8 using the MNIST corpus.,WEIGHTED_PRIORITY
MAJOR TASK: (150 pts) Preprocessing ResNet-50 using the Sarcasm Dataset.,WEIGHTED_PRIORITY
(REQUIRED) (30 pts) Hyperparameter optimization of LSTM using the IMDb sentiment bank.,WEIGHTED_PRIORITY
CRITICAL: (10 pts) Cross-validating Random Forest using the CIFAR-10 image set.,WEIGHTED_PRIORITY
Assessment 18: Cross-validating DistilBERT using the CIFAR-10 image set based on Accuracy. Worth 20 points.,WEIGHTED_PRIORITY
Assessment 12: Evaluating Logistic Regression using the CIFAR-10 image set based on Precision-Recall tradeoff. Worth 100 points.,WEIGHTED_PRIORITY
Evaluation: (25 pts) Fine-tuning DistilBERT using custom WVSU student data.,WEIGHTED_PRIORITY
(REQUIRED) (40 pts) Evaluating ResNet-50 using the CIFAR-10 image set.,WEIGHTED_PRIORITY
MANDATORY: (25 pts) Fine-tuning YOLOv8 using the CIFAR-10 image set.,WEIGHTED_PRIORITY
CRITICAL: (40 pts) Hyperparameter optimization of ResNet-50 using custom WVSU student data.,WEIGHTED_PRIORITY
Assessment 26: Cross-validating ResNet-50 using the CIFAR-10 image set based on Mean Squared Error. Worth 15 points.,WEIGHTED_PRIORITY
Assessment 14: Fine-tuning Vision Transformer using the MNIST corpus based on Accuracy. Worth 75 points.,WEIGHTED_PRIORITY
Assessment 9: Hyperparameter optimization of LSTM using the MNIST corpus based on AUC-ROC curve. Worth 150 points.,WEIGHTED_PRIORITY
(REQUIRED) (15 pts) Cross-validating LSTM using the Sarcasm Dataset.,WEIGHTED_PRIORITY
Assessment 37: Cross-validating LSTM using the CIFAR-10 image set based on AUC-ROC curve. Worth 40 points.,WEIGHTED_PRIORITY
Assessment 33: Cross-validating LSTM using custom WVSU student data based on AUC-ROC curve. Worth 25 points.,WEIGHTED_PRIORITY
The Precision-Recall tradeoff analysis accounts for 50% of your semester grade.,WEIGHTED_PRIORITY
Assessment 50: Hyperparameter optimization of YOLOv8 using the CIFAR-10 image set based on F1-score. Worth 20 points.,WEIGHTED_PRIORITY
Evaluation: (40 pts) Evaluating Random Forest using the MNIST corpus.,WEIGHTED_PRIORITY
Assessment 26: Evaluating Logistic Regression using the MNIST corpus based on AUC-ROC curve. Worth 20 points.,WEIGHTED_PRIORITY
MANDATORY: (75 pts) Cross-validating LSTM using the CIFAR-10 image set.,WEIGHTED_PRIORITY
CRITICAL: (10 pts) Preprocessing LSTM using the CIFAR-10 image set.,WEIGHTED_PRIORITY
CRITICAL: (75 pts) Fine-tuning Random Forest using custom WVSU student data.,WEIGHTED_PRIORITY
Assessment 21: Architecting Random Forest using the Sarcasm Dataset based on Accuracy. Worth 30 points.,WEIGHTED_PRIORITY
Evaluation: (40 pts) Architecting YOLOv8 using the CIFAR-10 image set.,WEIGHTED_PRIORITY
Evaluation: (100 pts) Cross-validating YOLOv8 using custom WVSU student data.,WEIGHTED_PRIORITY
(REQUIRED) (150 pts) Architecting Logistic Regression using custom WVSU student data.,WEIGHTED_PRIORITY
Assessment 15: Architecting LSTM using the IMDb sentiment bank based on AUC-ROC curve. Worth 75 points.,WEIGHTED_PRIORITY
(REQUIRED) (150 pts) Hyperparameter optimization of Vision Transformer using the IMDb sentiment bank.,WEIGHTED_PRIORITY
Assessment 7: Cross-validating Random Forest using the MNIST corpus based on AUC-ROC curve. Worth 150 points.,WEIGHTED_PRIORITY
MAJOR TASK: (20 pts) Architecting Logistic Regression using the Sarcasm Dataset.,WEIGHTED_PRIORITY
Assessment 6: Evaluating DistilBERT using the IMDb sentiment bank based on Precision-Recall tradeoff. Worth 10 points.,WEIGHTED_PRIORITY
Assessment 49: Fine-tuning Random Forest using the IMDb sentiment bank based on Mean Squared Error. Worth 100 points.,WEIGHTED_PRIORITY
Assessment 46: Cross-validating LSTM using the MNIST corpus based on Mean Squared Error. Worth 25 points.,WEIGHTED_PRIORITY
(REQUIRED) (10 pts) Fine-tuning ResNet-50 using the Sarcasm Dataset.,WEIGHTED_PRIORITY
Evaluation: (15 pts) Preprocessing LSTM using the IMDb sentiment bank.,WEIGHTED_PRIORITY
Assessment 7: Cross-validating Vision Transformer using custom WVSU student data based on Mean Squared Error. Worth 30 points.,WEIGHTED_PRIORITY
Assessment 43: Evaluating ResNet-50 using the MNIST corpus based on Accuracy. Worth 100 points.,WEIGHTED_PRIORITY
Assessment 24: Architecting ResNet-50 using custom WVSU student data based on AUC-ROC curve. Worth 50 points.,WEIGHTED_PRIORITY
Assessment 18: Cross-validating Vision Transformer using the Sarcasm Dataset based on F1-score. Worth 30 points.,WEIGHTED_PRIORITY
(REQUIRED) (20 pts) Architecting Logistic Regression using custom WVSU student data.,WEIGHTED_PRIORITY
(REQUIRED) (25 pts) Architecting LSTM using the IMDb sentiment bank.,WEIGHTED_PRIORITY
Assessment 41: Hyperparameter optimization of ResNet-50 using the MNIST corpus based on AUC-ROC curve. Worth 20 points.,WEIGHTED_PRIORITY
GRADING CRITERIA: (100 pts) Hyperparameter optimization of Logistic Regression using the MNIST corpus.,WEIGHTED_PRIORITY
Assessment 29: Hyperparameter optimization of ResNet-50 using the Sarcasm Dataset based on F1-score. Worth 100 points.,WEIGHTED_PRIORITY
CRITICAL: (150 pts) Hyperparameter optimization of YOLOv8 using the Sarcasm Dataset.,WEIGHTED_PRIORITY
GRADING CRITERIA: (75 pts) Preprocessing YOLOv8 using the Sarcasm Dataset.,WEIGHTED_PRIORITY
Assessment 25: Cross-validating Vision Transformer using custom WVSU student data based on Accuracy. Worth 75 points.,WEIGHTED_PRIORITY
Assessment 31: Cross-validating Vision Transformer using the MNIST corpus based on AUC-ROC curve. Worth 25 points.,WEIGHTED_PRIORITY
CRITICAL: (30 pts) Preprocessing LSTM using the MNIST corpus.,WEIGHTED_PRIORITY
Assessment 13: Fine-tuning LSTM using the IMDb sentiment bank based on Precision-Recall tradeoff. Worth 40 points.,WEIGHTED_PRIORITY
CRITICAL: (15 pts) Fine-tuning Vision Transformer using the CIFAR-10 image set.,WEIGHTED_PRIORITY
Assessment 4: Cross-validating Logistic Regression using the MNIST corpus based on F1-score. Worth 15 points.,WEIGHTED_PRIORITY
Assessment 28: Fine-tuning Logistic Regression using the IMDb sentiment bank based on Precision-Recall tradeoff. Worth 40 points.,WEIGHTED_PRIORITY
Assessment 20: Cross-validating Vision Transformer using the CIFAR-10 image set based on Accuracy. Worth 100 points.,WEIGHTED_PRIORITY
Evaluation: (40 pts) Architecting Logistic Regression using custom WVSU student data.,WEIGHTED_PRIORITY
MAJOR TASK: (75 pts) Hyperparameter optimization of LSTM using the Sarcasm Dataset.,WEIGHTED_PRIORITY
Assessment 39: Hyperparameter optimization of ResNet-50 using the Sarcasm Dataset based on Mean Squared Error. Worth 75 points.,WEIGHTED_PRIORITY
(REQUIRED) (25 pts) Hyperparameter optimization of YOLOv8 using the MNIST corpus.,WEIGHTED_PRIORITY
MAJOR TASK: (50 pts) Cross-validating Logistic Regression using custom WVSU student data.,WEIGHTED_PRIORITY
Assessment 5: Fine-tuning DistilBERT using the Sarcasm Dataset based on Accuracy. Worth 100 points.,WEIGHTED_PRIORITY
GRADING CRITERIA: (75 pts) Evaluating LSTM using the MNIST corpus.,WEIGHTED_PRIORITY
(REQUIRED) (25 pts) Evaluating Logistic Regression using the IMDb sentiment bank.,WEIGHTED_PRIORITY
Assessment 46: Hyperparameter optimization of Random Forest using the MNIST corpus based on Accuracy. Worth 40 points.,WEIGHTED_PRIORITY
Assessment 9: Evaluating ResNet-50 using custom WVSU student data based on Accuracy. Worth 100 points.,WEIGHTED_PRIORITY
Assessment 19: Preprocessing Vision Transformer using the MNIST corpus based on Accuracy. Worth 40 points.,WEIGHTED_PRIORITY
Assessment 18: Preprocessing YOLOv8 using the Sarcasm Dataset based on Mean Squared Error. Worth 25 points.,WEIGHTED_PRIORITY
The Accuracy analysis accounts for 30% of your semester grade.,WEIGHTED_PRIORITY
MAJOR TASK: (10 pts) Evaluating LSTM using the MNIST corpus.,WEIGHTED_PRIORITY
(REQUIRED) (50 pts) Evaluating Random Forest using custom WVSU student data.,WEIGHTED_PRIORITY
Assessment 7: Fine-tuning Vision Transformer using the IMDb sentiment bank based on F1-score. Worth 75 points.,WEIGHTED_PRIORITY
Assessment 16: Fine-tuning Logistic Regression using the CIFAR-10 image set based on Precision-Recall tradeoff. Worth 30 points.,WEIGHTED_PRIORITY
Assessment 9: Fine-tuning ResNet-50 using the IMDb sentiment bank based on AUC-ROC curve. Worth 150 points.,WEIGHTED_PRIORITY
The Accuracy analysis accounts for 50% of your semester grade.,WEIGHTED_PRIORITY
(REQUIRED) (15 pts) Architecting LSTM using custom WVSU student data.,WEIGHTED_PRIORITY
Evaluation: (40 pts) Architecting Vision Transformer using the IMDb sentiment bank.,WEIGHTED_PRIORITY
MANDATORY: (30 pts) Architecting YOLOv8 using the MNIST corpus.,WEIGHTED_PRIORITY
CRITICAL: (40 pts) Cross-validating ResNet-50 using the CIFAR-10 image set.,WEIGHTED_PRIORITY
Evaluation: (50 pts) Evaluating DistilBERT using the CIFAR-10 image set.,WEIGHTED_PRIORITY
MAJOR TASK: (20 pts) Hyperparameter optimization of ResNet-50 using custom WVSU student data.,WEIGHTED_PRIORITY
Assessment 1: Hyperparameter optimization of Logistic Regression using custom WVSU student data based on Mean Squared Error. Worth 150 points.,WEIGHTED_PRIORITY
(REQUIRED) (10 pts) Preprocessing Vision Transformer using the IMDb sentiment bank.,WEIGHTED_PRIORITY
Assessment 31: Fine-tuning DistilBERT using the MNIST corpus based on F1-score. Worth 30 points.,WEIGHTED_PRIORITY
MANDATORY: (150 pts) Architecting DistilBERT using the CIFAR-10 image set.,WEIGHTED_PRIORITY
The Mean Squared Error analysis accounts for 20% of your semester grade.,WEIGHTED_PRIORITY
CRITICAL: (50 pts) Evaluating ResNet-50 using custom WVSU student data.,WEIGHTED_PRIORITY
Evaluation: (25 pts) Preprocessing DistilBERT using custom WVSU student data.,WEIGHTED_PRIORITY
Assessment 43: Hyperparameter optimization of YOLOv8 using custom WVSU student data based on Mean Squared Error. Worth 50 points.,WEIGHTED_PRIORITY
MANDATORY: (40 pts) Fine-tuning DistilBERT using the Sarcasm Dataset.,WEIGHTED_PRIORITY
Assessment 48: Evaluating Vision Transformer using custom WVSU student data based on F1-score. Worth 40 points.,WEIGHTED_PRIORITY
CRITICAL: (30 pts) Evaluating ResNet-50 using the IMDb sentiment bank.,WEIGHTED_PRIORITY
Assessment 10: Cross-validating Vision Transformer using custom WVSU student data based on F1-score. Worth 150 points.,WEIGHTED_PRIORITY
Assessment 42: Fine-tuning Random Forest using custom WVSU student data based on Mean Squared Error. Worth 40 points.,WEIGHTED_PRIORITY
Assessment 39: Evaluating DistilBERT using custom WVSU student data based on AUC-ROC curve. Worth 75 points.,WEIGHTED_PRIORITY
Assessment 31: Hyperparameter optimization of Random Forest using custom WVSU student data based on Precision-Recall tradeoff. Worth 15 points.,WEIGHTED_PRIORITY
Assessment 47: Evaluating Logistic Regression using the CIFAR-10 image set based on Precision-Recall tradeoff. Worth 15 points.,WEIGHTED_PRIORITY
Assessment 4: Architecting LSTM using custom WVSU student data based on F1-score. Worth 10 points.,WEIGHTED_PRIORITY
(REQUIRED) (100 pts) Cross-validating Random Forest using custom WVSU student data.,WEIGHTED_PRIORITY
MANDATORY: (50 pts) Fine-tuning Vision Transformer using the CIFAR-10 image set.,WEIGHTED_PRIORITY
Evaluation: (20 pts) Hyperparameter optimization of YOLOv8 using the CIFAR-10 image set.,WEIGHTED_PRIORITY
MANDATORY: (150 pts) Architecting Random Forest using the Sarcasm Dataset.,WEIGHTED_PRIORITY
Assessment 31: Evaluating Vision Transformer using the MNIST corpus based on Mean Squared Error. Worth 15 points.,WEIGHTED_PRIORITY
MAJOR TASK: (15 pts) Preprocessing Logistic Regression using the CIFAR-10 image set.,WEIGHTED_PRIORITY
Assessment 16: Evaluating Vision Transformer using custom WVSU student data based on Accuracy. Worth 20 points.,WEIGHTED_PRIORITY
Assessment 24: Evaluating Logistic Regression using the MNIST corpus based on Mean Squared Error. Worth 20 points.,WEIGHTED_PRIORITY
Evaluation: (50 pts) Preprocessing Random Forest using the Sarcasm Dataset.,WEIGHTED_PRIORITY
CRITICAL: (40 pts) Cross-validating DistilBERT using the IMDb sentiment bank.,WEIGHTED_PRIORITY
Assessment 12: Cross-validating DistilBERT using the CIFAR-10 image set based on F1-score. Worth 30 points.,WEIGHTED_PRIORITY
Assessment 28: Architecting Random Forest using custom WVSU student data based on Accuracy. Worth 20 points.,WEIGHTED_PRIORITY
GRADING CRITERIA: (50 pts) Fine-tuning DistilBERT using the MNIST corpus.,WEIGHTED_PRIORITY
Assessment 48: Evaluating Logistic Regression using the Sarcasm Dataset based on Accuracy. Worth 40 points.,WEIGHTED_PRIORITY
Assessment 26: Hyperparameter optimization of ResNet-50 using the IMDb sentiment bank based on Precision-Recall tradeoff. Worth 20 points.,WEIGHTED_PRIORITY
Assessment 8: Hyperparameter optimization of Vision Transformer using the IMDb sentiment bank based on F1-score. Worth 100 points.,WEIGHTED_PRIORITY
Assessment 30: Fine-tuning YOLOv8 using the MNIST corpus based on AUC-ROC curve. Worth 40 points.,WEIGHTED_PRIORITY
Assessment 44: Evaluating Logistic Regression using the CIFAR-10 image set based on Precision-Recall tradeoff. Worth 25 points.,WEIGHTED_PRIORITY
MAJOR TASK: (25 pts) Hyperparameter optimization of Logistic Regression using custom WVSU student data.,WEIGHTED_PRIORITY
Assessment 40: Hyperparameter optimization of Random Forest using the CIFAR-10 image set based on AUC-ROC curve. Worth 15 points.,WEIGHTED_PRIORITY
MANDATORY: (25 pts) Architecting DistilBERT using custom WVSU student data.,WEIGHTED_PRIORITY
GRADING CRITERIA: (150 pts) Architecting ResNet-50 using the CIFAR-10 image set.,WEIGHTED_PRIORITY
Assessment 22: Fine-tuning LSTM using the Sarcasm Dataset based on Accuracy. Worth 100 points.,WEIGHTED_PRIORITY
Evaluation: (25 pts) Preprocessing Logistic Regression using the MNIST corpus.,WEIGHTED_PRIORITY
MAJOR TASK: (150 pts) Preprocessing Random Forest using the MNIST corpus.,WEIGHTED_PRIORITY
GRADING CRITERIA: (40 pts) Evaluating DistilBERT using the IMDb sentiment bank.,WEIGHTED_PRIORITY
(REQUIRED) (150 pts) Preprocessing YOLOv8 using the Sarcasm Dataset.,WEIGHTED_PRIORITY
Assessment 19: Architecting Logistic Regression using custom WVSU student data based on Accuracy. Worth 30 points.,WEIGHTED_PRIORITY
(REQUIRED) (30 pts) Fine-tuning Random Forest using the MNIST corpus.,WEIGHTED_PRIORITY
(REQUIRED) (30 pts) Fine-tuning LSTM using custom WVSU student data.,WEIGHTED_PRIORITY
Assessment 35: Evaluating DistilBERT using custom WVSU student data based on AUC-ROC curve. Worth 15 points.,WEIGHTED_PRIORITY
Assessment 37: Architecting Logistic Regression using the MNIST corpus based on Precision-Recall tradeoff. Worth 50 points.,WEIGHTED_PRIORITY
CRITICAL: (15 pts) Preprocessing Logistic Regression using the CIFAR-10 image set.,WEIGHTED_PRIORITY
Assessment 41: Evaluating DistilBERT using the MNIST corpus based on Precision-Recall tradeoff. Worth 40 points.,WEIGHTED_PRIORITY
CRITICAL: (150 pts) Evaluating YOLOv8 using custom WVSU student data.,WEIGHTED_PRIORITY
(REQUIRED) (20 pts) Preprocessing ResNet-50 using the Sarcasm Dataset.,WEIGHTED_PRIORITY
CRITICAL: (40 pts) Hyperparameter optimization of YOLOv8 using custom WVSU student data.,WEIGHTED_PRIORITY
MAJOR TASK: (25 pts) Evaluating YOLOv8 using the MNIST corpus.,WEIGHTED_PRIORITY
Evaluation: (40 pts) Fine-tuning Vision Transformer using the MNIST corpus.,WEIGHTED_PRIORITY
MANDATORY: (40 pts) Architecting DistilBERT using the MNIST corpus.,WEIGHTED_PRIORITY
GRADING CRITERIA: (40 pts) Cross-validating Logistic Regression using the IMDb sentiment bank.,WEIGHTED_PRIORITY
Assessment 17: Architecting DistilBERT using the IMDb sentiment bank based on Mean Squared Error. Worth 75 points.,WEIGHTED_PRIORITY
MANDATORY: (20 pts) Evaluating YOLOv8 using custom WVSU student data.,WEIGHTED_PRIORITY
(REQUIRED) (30 pts) Cross-validating YOLOv8 using the IMDb sentiment bank.,WEIGHTED_PRIORITY
(REQUIRED) (30 pts) Cross-validating YOLOv8 using the MNIST corpus.,WEIGHTED_PRIORITY
Evaluation: (30 pts) Fine-tuning DistilBERT using the Sarcasm Dataset.,WEIGHTED_PRIORITY
GRADING CRITERIA: (75 pts) Fine-tuning YOLOv8 using custom WVSU student data.,WEIGHTED_PRIORITY
Assessment 44: Cross-validating ResNet-50 using custom WVSU student data based on Mean Squared Error. Worth 100 points.,WEIGHTED_PRIORITY
Assessment 26: Evaluating DistilBERT using the CIFAR-10 image set based on Precision-Recall tradeoff. Worth 10 points.,WEIGHTED_PRIORITY
Assessment 19: Evaluating YOLOv8 using the MNIST corpus based on Precision-Recall tradeoff. Worth 150 points.,WEIGHTED_PRIORITY
Assessment 9: Preprocessing Vision Transformer using the IMDb sentiment bank based on AUC-ROC curve. Worth 30 points.,WEIGHTED_PRIORITY
Assessment 10: Cross-validating Vision Transformer using the MNIST corpus based on Accuracy. Worth 15 points.,WEIGHTED_PRIORITY
Evaluation: (75 pts) Architecting Random Forest using custom WVSU student data.,WEIGHTED_PRIORITY
CRITICAL: (50 pts) Hyperparameter optimization of Logistic Regression using custom WVSU student data.,WEIGHTED_PRIORITY
Assessment 9: Cross-validating YOLOv8 using the CIFAR-10 image set based on Precision-Recall tradeoff. Worth 20 points.,WEIGHTED_PRIORITY
Assessment 45: Fine-tuning YOLOv8 using the Sarcasm Dataset based on Mean Squared Error. Worth 75 points.,WEIGHTED_PRIORITY
MANDATORY: (40 pts) Fine-tuning Random Forest using the IMDb sentiment bank.,WEIGHTED_PRIORITY
MANDATORY: (150 pts) Cross-validating YOLOv8 using custom WVSU student data.,WEIGHTED_PRIORITY
Assessment 16: Fine-tuning Logistic Regression using the IMDb sentiment bank based on Accuracy. Worth 15 points.,WEIGHTED_PRIORITY
MAJOR TASK: (10 pts) Fine-tuning YOLOv8 using the Sarcasm Dataset.,WEIGHTED_PRIORITY
Assessment 46: Architecting Random Forest using the CIFAR-10 image set based on Precision-Recall tradeoff. Worth 40 points.,WEIGHTED_PRIORITY
CRITICAL: (30 pts) Evaluating YOLOv8 using custom WVSU student data.,WEIGHTED_PRIORITY
MAJOR TASK: (10 pts) Evaluating Random Forest using custom WVSU student data.,WEIGHTED_PRIORITY
Assessment 12: Evaluating DistilBERT using custom WVSU student data based on Precision-Recall tradeoff. Worth 25 points.,WEIGHTED_PRIORITY
Assessment 46: Cross-validating DistilBERT using custom WVSU student data based on Precision-Recall tradeoff. Worth 30 points.,WEIGHTED_PRIORITY
MANDATORY: (150 pts) Cross-validating DistilBERT using the CIFAR-10 image set.,WEIGHTED_PRIORITY
(REQUIRED) (20 pts) Fine-tuning Logistic Regression using the CIFAR-10 image set.,WEIGHTED_PRIORITY
Assessment 10: Hyperparameter optimization of LSTM using custom WVSU student data based on Accuracy. Worth 40 points.,WEIGHTED_PRIORITY
GRADING CRITERIA: (15 pts) Cross-validating Vision Transformer using the Sarcasm Dataset.,WEIGHTED_PRIORITY
Assessment 3: Hyperparameter optimization of ResNet-50 using the CIFAR-10 image set based on Mean Squared Error. Worth 10 points.,WEIGHTED_PRIORITY
Assessment 22: Hyperparameter optimization of Logistic Regression using custom WVSU student data based on AUC-ROC curve. Worth 100 points.,WEIGHTED_PRIORITY
MAJOR TASK: (150 pts) Preprocessing YOLOv8 using the MNIST corpus.,WEIGHTED_PRIORITY
Assessment 16: Cross-validating Random Forest using the IMDb sentiment bank based on Mean Squared Error. Worth 75 points.,WEIGHTED_PRIORITY
CRITICAL: (100 pts) Architecting Logistic Regression using the MNIST corpus.,WEIGHTED_PRIORITY
GRADING CRITERIA: (15 pts) Hyperparameter optimization of Vision Transformer using custom WVSU student data.,WEIGHTED_PRIORITY
MAJOR TASK: (40 pts) Evaluating ResNet-50 using the Sarcasm Dataset.,WEIGHTED_PRIORITY
Assessment 27: Fine-tuning Random Forest using custom WVSU student data based on Mean Squared Error. Worth 75 points.,WEIGHTED_PRIORITY
Assessment 19: Cross-validating ResNet-50 using custom WVSU student data based on F1-score. Worth 150 points.,WEIGHTED_PRIORITY
MAJOR TASK: (75 pts) Hyperparameter optimization of YOLOv8 using the IMDb sentiment bank.,WEIGHTED_PRIORITY
Assessment 50: Cross-validating Logistic Regression using the MNIST corpus based on Precision-Recall tradeoff. Worth 150 points.,WEIGHTED_PRIORITY
Assessment 32: Architecting ResNet-50 using the MNIST corpus based on Mean Squared Error. Worth 150 points.,WEIGHTED_PRIORITY
GRADING CRITERIA: (10 pts) Hyperparameter optimization of LSTM using the CIFAR-10 image set.,WEIGHTED_PRIORITY
Assessment 37: Hyperparameter optimization of LSTM using the IMDb sentiment bank based on Mean Squared Error. Worth 20 points.,WEIGHTED_PRIORITY
Assessment 47: Architecting Vision Transformer using the MNIST corpus based on AUC-ROC curve. Worth 30 points.,WEIGHTED_PRIORITY
Assessment 16: Architecting Vision Transformer using custom WVSU student data based on Accuracy. Worth 40 points.,WEIGHTED_PRIORITY
Assessment 17: Fine-tuning YOLOv8 using the MNIST corpus based on AUC-ROC curve. Worth 20 points.,WEIGHTED_PRIORITY
Assessment 20: Hyperparameter optimization of Random Forest using the MNIST corpus based on AUC-ROC curve. Worth 100 points.,WEIGHTED_PRIORITY
Assessment 40: Evaluating LSTM using custom WVSU student data based on Mean Squared Error. Worth 20 points.,WEIGHTED_PRIORITY
Evaluation: (20 pts) Preprocessing LSTM using the Sarcasm Dataset.,WEIGHTED_PRIORITY
GRADING CRITERIA: (20 pts) Fine-tuning YOLOv8 using custom WVSU student data.,WEIGHTED_PRIORITY
MAJOR TASK: (15 pts) Fine-tuning Random Forest using the IMDb sentiment bank.,WEIGHTED_PRIORITY
Evaluation: (150 pts) Fine-tuning ResNet-50 using the CIFAR-10 image set.,WEIGHTED_PRIORITY
Evaluation: (20 pts) Evaluating YOLOv8 using the Sarcasm Dataset.,WEIGHTED_PRIORITY
Assessment 44: Evaluating YOLOv8 using the CIFAR-10 image set based on AUC-ROC curve. Worth 50 points.,WEIGHTED_PRIORITY
Assessment 50: Hyperparameter optimization of DistilBERT using the Sarcasm Dataset based on F1-score. Worth 100 points.,WEIGHTED_PRIORITY
Assessment 24: Architecting LSTM using the Sarcasm Dataset based on Accuracy. Worth 50 points.,WEIGHTED_PRIORITY
CRITICAL: (100 pts) Architecting ResNet-50 using the MNIST corpus.,WEIGHTED_PRIORITY
Evaluation: (150 pts) Evaluating Random Forest using the Sarcasm Dataset.,WEIGHTED_PRIORITY
MANDATORY: (100 pts) Architecting YOLOv8 using custom WVSU student data.,WEIGHTED_PRIORITY
CRITICAL: (10 pts) Evaluating YOLOv8 using custom WVSU student data.,WEIGHTED_PRIORITY
Assessment 29: Evaluating Vision Transformer using the MNIST corpus based on AUC-ROC curve. Worth 150 points.,WEIGHTED_PRIORITY
Assessment 15: Architecting Vision Transformer using custom WVSU student data based on Accuracy. Worth 50 points.,WEIGHTED_PRIORITY
MANDATORY: (25 pts) Architecting LSTM using the MNIST corpus.,WEIGHTED_PRIORITY
Assessment 50: Preprocessing LSTM using the Sarcasm Dataset based on Precision-Recall tradeoff. Worth 15 points.,WEIGHTED_PRIORITY
MAJOR TASK: (20 pts) Fine-tuning YOLOv8 using the IMDb sentiment bank.,WEIGHTED_PRIORITY
MANDATORY: (10 pts) Cross-validating Random Forest using the IMDb sentiment bank.,WEIGHTED_PRIORITY
Assessment 41: Hyperparameter optimization of ResNet-50 using the Sarcasm Dataset based on Accuracy. Worth 150 points.,WEIGHTED_PRIORITY
(REQUIRED) (150 pts) Evaluating Logistic Regression using the IMDb sentiment bank.,WEIGHTED_PRIORITY
Assessment 44: Evaluating Logistic Regression using the IMDb sentiment bank based on Accuracy. Worth 150 points.,WEIGHTED_PRIORITY
Assessment 23: Fine-tuning Random Forest using the MNIST corpus based on F1-score. Worth 75 points.,WEIGHTED_PRIORITY
Assessment 40: Fine-tuning ResNet-50 using the Sarcasm Dataset based on F1-score. Worth 100 points.,WEIGHTED_PRIORITY
CRITICAL: (40 pts) Fine-tuning ResNet-50 using the IMDb sentiment bank.,WEIGHTED_PRIORITY
Assessment 50: Preprocessing Logistic Regression using the MNIST corpus based on AUC-ROC curve. Worth 30 points.,WEIGHTED_PRIORITY
(REQUIRED) (75 pts) Architecting LSTM using custom WVSU student data.,WEIGHTED_PRIORITY
CRITICAL: (30 pts) Evaluating YOLOv8 using the IMDb sentiment bank.,WEIGHTED_PRIORITY
MANDATORY: (100 pts) Architecting Vision Transformer using custom WVSU student data.,WEIGHTED_PRIORITY
Assessment 46: Preprocessing ResNet-50 using the CIFAR-10 image set based on AUC-ROC curve. Worth 20 points.,WEIGHTED_PRIORITY
Assessment 20: Fine-tuning LSTM using custom WVSU student data based on Accuracy. Worth 10 points.,WEIGHTED_PRIORITY
MANDATORY: (30 pts) Evaluating YOLOv8 using the Sarcasm Dataset.,WEIGHTED_PRIORITY
MANDATORY: (75 pts) Fine-tuning Vision Transformer using custom WVSU student data.,WEIGHTED_PRIORITY
MANDATORY: (40 pts) Architecting Random Forest using the Sarcasm Dataset.,WEIGHTED_PRIORITY
Evaluation: (150 pts) Architecting Vision Transformer using the CIFAR-10 image set.,WEIGHTED_PRIORITY
Assessment 6: Preprocessing DistilBERT using the IMDb sentiment bank based on Mean Squared Error. Worth 100 points.,WEIGHTED_PRIORITY
Assessment 8: Evaluating LSTM using custom WVSU student data based on Accuracy. Worth 10 points.,WEIGHTED_PRIORITY
Evaluation: (150 pts) Cross-validating DistilBERT using the CIFAR-10 image set.,WEIGHTED_PRIORITY
Assessment 27: Cross-validating YOLOv8 using custom WVSU student data based on Accuracy. Worth 15 points.,WEIGHTED_PRIORITY
(REQUIRED) (100 pts) Architecting Random Forest using the CIFAR-10 image set.,WEIGHTED_PRIORITY
(REQUIRED) (30 pts) Preprocessing ResNet-50 using custom WVSU student data.,WEIGHTED_PRIORITY
Assessment 5: Cross-validating ResNet-50 using the Sarcasm Dataset based on F1-score. Worth 40 points.,WEIGHTED_PRIORITY
MAJOR TASK: (150 pts) Evaluating YOLOv8 using the CIFAR-10 image set.,WEIGHTED_PRIORITY
Assessment 40: Architecting LSTM using custom WVSU student data based on Mean Squared Error. Worth 40 points.,WEIGHTED_PRIORITY
MAJOR TASK: (30 pts) Evaluating Random Forest using the MNIST corpus.,WEIGHTED_PRIORITY
GRADING CRITERIA: (40 pts) Architecting LSTM using the Sarcasm Dataset.,WEIGHTED_PRIORITY
Assessment 43: Cross-validating Random Forest using the MNIST corpus based on Accuracy. Worth 15 points.,WEIGHTED_PRIORITY
Assessment 24: Hyperparameter optimization of LSTM using the CIFAR-10 image set based on F1-score. Worth 100 points.,WEIGHTED_PRIORITY
GRADING CRITERIA: (10 pts) Preprocessing DistilBERT using the CIFAR-10 image set.,WEIGHTED_PRIORITY
MANDATORY: (30 pts) Evaluating YOLOv8 using the IMDb sentiment bank.,WEIGHTED_PRIORITY
Assessment 47: Evaluating YOLOv8 using the CIFAR-10 image set based on Mean Squared Error. Worth 100 points.,WEIGHTED_PRIORITY
Evaluation: (25 pts) Fine-tuning Logistic Regression using the Sarcasm Dataset.,WEIGHTED_PRIORITY
MAJOR TASK: (50 pts) Preprocessing LSTM using the Sarcasm Dataset.,WEIGHTED_PRIORITY
MAJOR TASK: (30 pts) Evaluating Logistic Regression using the Sarcasm Dataset.,WEIGHTED_PRIORITY
Assessment 33: Cross-validating Logistic Regression using the Sarcasm Dataset based on Mean Squared Error. Worth 10 points.,WEIGHTED_PRIORITY
Assessment 15: Evaluating Random Forest using the MNIST corpus based on Precision-Recall tradeoff. Worth 50 points.,WEIGHTED_PRIORITY
Assessment 45: Hyperparameter optimization of LSTM using custom WVSU student data based on Precision-Recall tradeoff. Worth 20 points.,WEIGHTED_PRIORITY
Assessment 20: Cross-validating ResNet-50 using the IMDb sentiment bank based on Mean Squared Error. Worth 20 points.,WEIGHTED_PRIORITY
GRADING CRITERIA: (50 pts) Hyperparameter optimization of Logistic Regression using custom WVSU student data.,WEIGHTED_PRIORITY
CRITICAL: (15 pts) Evaluating Logistic Regression using custom WVSU student data.,WEIGHTED_PRIORITY
Assessment 40: Evaluating LSTM using the Sarcasm Dataset based on AUC-ROC curve. Worth 20 points.,WEIGHTED_PRIORITY
Assessment 6: Architecting ResNet-50 using the MNIST corpus based on AUC-ROC curve. Worth 150 points.,WEIGHTED_PRIORITY
GRADING CRITERIA: (10 pts) Fine-tuning ResNet-50 using the CIFAR-10 image set.,WEIGHTED_PRIORITY
Assessment 13: Evaluating LSTM using custom WVSU student data based on Accuracy. Worth 150 points.,WEIGHTED_PRIORITY
Assessment 33: Fine-tuning LSTM using the CIFAR-10 image set based on AUC-ROC curve. Worth 75 points.,WEIGHTED_PRIORITY
GRADING CRITERIA: (15 pts) Architecting Vision Transformer using the CIFAR-10 image set.,WEIGHTED_PRIORITY
Assessment 30: Fine-tuning Logistic Regression using custom WVSU student data based on Accuracy. Worth 40 points.,WEIGHTED_PRIORITY
Assessment 21: Fine-tuning Logistic Regression using the CIFAR-10 image set based on Precision-Recall tradeoff. Worth 150 points.,WEIGHTED_PRIORITY
MAJOR TASK: (150 pts) Cross-validating Logistic Regression using the Sarcasm Dataset.,WEIGHTED_PRIORITY
GRADING CRITERIA: (50 pts) Fine-tuning Random Forest using the IMDb sentiment bank.,WEIGHTED_PRIORITY
(REQUIRED) (30 pts) Evaluating Random Forest using the IMDb sentiment bank.,WEIGHTED_PRIORITY
CRITICAL: (150 pts) Preprocessing Random Forest using the Sarcasm Dataset.,WEIGHTED_PRIORITY
Assessment 33: Hyperparameter optimization of ResNet-50 using custom WVSU student data based on AUC-ROC curve. Worth 75 points.,WEIGHTED_PRIORITY
Assessment 41: Preprocessing LSTM using the IMDb sentiment bank based on F1-score. Worth 20 points.,WEIGHTED_PRIORITY
GRADING CRITERIA: (150 pts) Architecting Vision Transformer using custom WVSU student data.,WEIGHTED_PRIORITY
Assessment 15: Fine-tuning Random Forest using the Sarcasm Dataset based on F1-score. Worth 75 points.,WEIGHTED_PRIORITY
Assessment 10: Fine-tuning DistilBERT using the IMDb sentiment bank based on Precision-Recall tradeoff. Worth 100 points.,WEIGHTED_PRIORITY
Evaluation: (10 pts) Preprocessing Logistic Regression using custom WVSU student data.,WEIGHTED_PRIORITY
CRITICAL: (20 pts) Preprocessing YOLOv8 using the IMDb sentiment bank.,WEIGHTED_PRIORITY
Assessment 49: Cross-validating Logistic Regression using custom WVSU student data based on F1-score. Worth 150 points.,WEIGHTED_PRIORITY
Assessment 4: Hyperparameter optimization of Random Forest using custom WVSU student data based on Accuracy. Worth 20 points.,WEIGHTED_PRIORITY
Assessment 30: Preprocessing YOLOv8 using the MNIST corpus based on Precision-Recall tradeoff. Worth 30 points.,WEIGHTED_PRIORITY
Evaluation: (30 pts) Preprocessing Vision Transformer using the Sarcasm Dataset.,WEIGHTED_PRIORITY
MANDATORY: (10 pts) Hyperparameter optimization of LSTM using custom WVSU student data.,WEIGHTED_PRIORITY
MAJOR TASK: (30 pts) Fine-tuning LSTM using the Sarcasm Dataset.,WEIGHTED_PRIORITY
Assessment 50: Evaluating DistilBERT using custom WVSU student data based on AUC-ROC curve. Worth 30 points.,WEIGHTED_PRIORITY
Assessment 42: Preprocessing Logistic Regression using custom WVSU student data based on Mean Squared Error. Worth 100 points.,WEIGHTED_PRIORITY
Assessment 49: Fine-tuning YOLOv8 using the CIFAR-10 image set based on F1-score. Worth 40 points.,WEIGHTED_PRIORITY
Assessment 37: Preprocessing Vision Transformer using custom WVSU student data based on Precision-Recall tradeoff. Worth 75 points.,WEIGHTED_PRIORITY
Assessment 45: Hyperparameter optimization of ResNet-50 using the MNIST corpus based on AUC-ROC curve. Worth 25 points.,WEIGHTED_PRIORITY
Assessment 42: Fine-tuning DistilBERT using custom WVSU student data based on Mean Squared Error. Worth 30 points.,WEIGHTED_PRIORITY
Evaluation: (150 pts) Cross-validating DistilBERT using the IMDb sentiment bank.,WEIGHTED_PRIORITY
MANDATORY: (100 pts) Evaluating YOLOv8 using the MNIST corpus.,WEIGHTED_PRIORITY
Assessment 19: Preprocessing Vision Transformer using the MNIST corpus based on Accuracy. Worth 10 points.,WEIGHTED_PRIORITY
Assessment 35: Preprocessing Vision Transformer using the Sarcasm Dataset based on AUC-ROC curve. Worth 75 points.,WEIGHTED_PRIORITY
Assessment 41: Evaluating ResNet-50 using the MNIST corpus based on F1-score. Worth 30 points.,WEIGHTED_PRIORITY
GRADING CRITERIA: (100 pts) Evaluating ResNet-50 using the CIFAR-10 image set.,WEIGHTED_PRIORITY
Assessment 36: Preprocessing Vision Transformer using the MNIST corpus based on Accuracy. Worth 30 points.,WEIGHTED_PRIORITY
Assessment 24: Hyperparameter optimization of DistilBERT using the Sarcasm Dataset based on F1-score. Worth 75 points.,WEIGHTED_PRIORITY
Assessment 22: Fine-tuning Logistic Regression using the Sarcasm Dataset based on AUC-ROC curve. Worth 30 points.,WEIGHTED_PRIORITY
(REQUIRED) (100 pts) Architecting ResNet-50 using custom WVSU student data.,WEIGHTED_PRIORITY
(REQUIRED) (100 pts) Architecting ResNet-50 using the MNIST corpus.,WEIGHTED_PRIORITY
Assessment 36: Fine-tuning ResNet-50 using the CIFAR-10 image set based on AUC-ROC curve. Worth 150 points.,WEIGHTED_PRIORITY
Assessment 46: Preprocessing Logistic Regression using the MNIST corpus based on AUC-ROC curve. Worth 100 points.,WEIGHTED_PRIORITY
Assessment 39: Fine-tuning DistilBERT using the MNIST corpus based on F1-score. Worth 30 points.,WEIGHTED_PRIORITY
Assessment 3: Preprocessing Vision Transformer using the Sarcasm Dataset based on Accuracy. Worth 50 points.,WEIGHTED_PRIORITY
MANDATORY: (10 pts) Architecting Logistic Regression using custom WVSU student data.,WEIGHTED_PRIORITY
Assessment 10: Hyperparameter optimization of DistilBERT using the CIFAR-10 image set based on Mean Squared Error. Worth 30 points.,WEIGHTED_PRIORITY
(REQUIRED) (40 pts) Architecting Vision Transformer using the CIFAR-10 image set.,WEIGHTED_PRIORITY
Assessment 14: Fine-tuning DistilBERT using the Sarcasm Dataset based on F1-score. Worth 15 points.,WEIGHTED_PRIORITY
Assessment 32: Cross-validating Vision Transformer using the MNIST corpus based on Mean Squared Error. Worth 25 points.,WEIGHTED_PRIORITY
Assessment 45: Architecting Random Forest using the CIFAR-10 image set based on AUC-ROC curve. Worth 25 points.,WEIGHTED_PRIORITY
CRITICAL: (25 pts) Preprocessing YOLOv8 using the CIFAR-10 image set.,WEIGHTED_PRIORITY
MAJOR TASK: (100 pts) Evaluating ResNet-50 using the CIFAR-10 image set.,WEIGHTED_PRIORITY
Assessment 19: Cross-validating Random Forest using the IMDb sentiment bank based on AUC-ROC curve. Worth 15 points.,WEIGHTED_PRIORITY
MANDATORY: (30 pts) Evaluating YOLOv8 using the MNIST corpus.,WEIGHTED_PRIORITY
GRADING CRITERIA: (150 pts) Hyperparameter optimization of ResNet-50 using the MNIST corpus.,WEIGHTED_PRIORITY
CRITICAL: (10 pts) Fine-tuning ResNet-50 using the Sarcasm Dataset.,WEIGHTED_PRIORITY
Assessment 39: Architecting DistilBERT using the MNIST corpus based on F1-score. Worth 10 points.,WEIGHTED_PRIORITY
MAJOR TASK: (30 pts) Fine-tuning Random Forest using the CIFAR-10 image set.,WEIGHTED_PRIORITY
Assessment 35: Evaluating Random Forest using the IMDb sentiment bank based on F1-score. Worth 20 points.,WEIGHTED_PRIORITY
(REQUIRED) (10 pts) Architecting Random Forest using the MNIST corpus.,WEIGHTED_PRIORITY
MAJOR TASK: (40 pts) Fine-tuning LSTM using custom WVSU student data.,WEIGHTED_PRIORITY
Assessment 30: Architecting Random Forest using the CIFAR-10 image set based on Accuracy. Worth 75 points.,WEIGHTED_PRIORITY
Assessment 31: Hyperparameter optimization of DistilBERT using the IMDb sentiment bank based on Accuracy. Worth 40 points.,WEIGHTED_PRIORITY
MAJOR TASK: (30 pts) Evaluating Logistic Regression using the CIFAR-10 image set.,WEIGHTED_PRIORITY
Assessment 26: Evaluating YOLOv8 using the Sarcasm Dataset based on Accuracy. Worth 40 points.,WEIGHTED_PRIORITY
Assessment 33: Fine-tuning LSTM using the IMDb sentiment bank based on Precision-Recall tradeoff. Worth 50 points.,WEIGHTED_PRIORITY
GRADING CRITERIA: (15 pts) Evaluating YOLOv8 using the CIFAR-10 image set.,WEIGHTED_PRIORITY
Assessment 41: Preprocessing DistilBERT using the MNIST corpus based on Precision-Recall tradeoff. Worth 100 points.,WEIGHTED_PRIORITY
MAJOR TASK: (50 pts) Hyperparameter optimization of DistilBERT using the MNIST corpus.,WEIGHTED_PRIORITY
MAJOR TASK: (40 pts) Cross-validating Vision Transformer using the CIFAR-10 image set.,WEIGHTED_PRIORITY
Assessment 7: Cross-validating Random Forest using the IMDb sentiment bank based on Accuracy. Worth 75 points.,WEIGHTED_PRIORITY
MANDATORY: (50 pts) Architecting LSTM using the CIFAR-10 image set.,WEIGHTED_PRIORITY
Assessment 9: Fine-tuning Vision Transformer using the IMDb sentiment bank based on AUC-ROC curve. Worth 150 points.,WEIGHTED_PRIORITY
Evaluation: (20 pts) Evaluating DistilBERT using custom WVSU student data.,WEIGHTED_PRIORITY
Assessment 30: Preprocessing DistilBERT using the CIFAR-10 image set based on Precision-Recall tradeoff. Worth 20 points.,WEIGHTED_PRIORITY
GRADING CRITERIA: (25 pts) Architecting DistilBERT using the Sarcasm Dataset.,WEIGHTED_PRIORITY
Assessment 34: Cross-validating ResNet-50 using the MNIST corpus based on Mean Squared Error. Worth 100 points.,WEIGHTED_PRIORITY
MAJOR TASK: (20 pts) Fine-tuning Random Forest using the CIFAR-10 image set.,WEIGHTED_PRIORITY
Assessment 40: Fine-tuning DistilBERT using the MNIST corpus based on F1-score. Worth 25 points.,WEIGHTED_PRIORITY
Assessment 16: Preprocessing Vision Transformer using the CIFAR-10 image set based on Precision-Recall tradeoff. Worth 10 points.,WEIGHTED_PRIORITY
Evaluation: (15 pts) Fine-tuning LSTM using the Sarcasm Dataset.,WEIGHTED_PRIORITY
Assessment 33: Architecting Vision Transformer using custom WVSU student data based on Accuracy. Worth 20 points.,WEIGHTED_PRIORITY
Assessment 37: Cross-validating YOLOv8 using custom WVSU student data based on Accuracy. Worth 150 points.,WEIGHTED_PRIORITY
(REQUIRED) (30 pts) Preprocessing DistilBERT using custom WVSU student data.,WEIGHTED_PRIORITY
GRADING CRITERIA: (20 pts) Cross-validating ResNet-50 using custom WVSU student data.,WEIGHTED_PRIORITY
Assessment 16: Fine-tuning Logistic Regression using the MNIST corpus based on AUC-ROC curve. Worth 10 points.,WEIGHTED_PRIORITY
GRADING CRITERIA: (30 pts) Cross-validating DistilBERT using the MNIST corpus.,WEIGHTED_PRIORITY
Assessment 43: Fine-tuning YOLOv8 using the MNIST corpus based on AUC-ROC curve. Worth 25 points.,WEIGHTED_PRIORITY
Assessment 17: Preprocessing ResNet-50 using the MNIST corpus based on F1-score. Worth 40 points.,WEIGHTED_PRIORITY
Assessment 39: Cross-validating ResNet-50 using the Sarcasm Dataset based on Precision-Recall tradeoff. Worth 20 points.,WEIGHTED_PRIORITY
(REQUIRED) (15 pts) Preprocessing DistilBERT using the IMDb sentiment bank.,WEIGHTED_PRIORITY
CRITICAL: (100 pts) Preprocessing Vision Transformer using custom WVSU student data.,WEIGHTED_PRIORITY
Evaluation: (75 pts) Evaluating YOLOv8 using the MNIST corpus.,WEIGHTED_PRIORITY
Assessment 33: Fine-tuning Logistic Regression using custom WVSU student data based on AUC-ROC curve. Worth 20 points.,WEIGHTED_PRIORITY
MANDATORY: (100 pts) Evaluating Random Forest using the IMDb sentiment bank.,WEIGHTED_PRIORITY
(REQUIRED) (10 pts) Fine-tuning LSTM using custom WVSU student data.,WEIGHTED_PRIORITY
Assessment 42: Cross-validating LSTM using the IMDb sentiment bank based on AUC-ROC curve. Worth 25 points.,WEIGHTED_PRIORITY
Assessment 43: Architecting YOLOv8 using the IMDb sentiment bank based on Accuracy. Worth 150 points.,WEIGHTED_PRIORITY
Assessment 20: Architecting LSTM using the IMDb sentiment bank based on Accuracy. Worth 10 points.,WEIGHTED_PRIORITY
MANDATORY: (50 pts) Evaluating Random Forest using the Sarcasm Dataset.,WEIGHTED_PRIORITY
Assessment 25: Fine-tuning DistilBERT using the CIFAR-10 image set based on Accuracy. Worth 30 points.,WEIGHTED_PRIORITY
Assessment 17: Evaluating Random Forest using the IMDb sentiment bank based on Precision-Recall tradeoff. Worth 30 points.,WEIGHTED_PRIORITY
(REQUIRED) (10 pts) Hyperparameter optimization of Vision Transformer using custom WVSU student data.,WEIGHTED_PRIORITY
GRADING CRITERIA: (150 pts) Preprocessing Random Forest using the Sarcasm Dataset.,WEIGHTED_PRIORITY
Assessment 25: Cross-validating ResNet-50 using custom WVSU student data based on Mean Squared Error. Worth 15 points.,WEIGHTED_PRIORITY
CRITICAL: (15 pts) Architecting YOLOv8 using the Sarcasm Dataset.,WEIGHTED_PRIORITY
Assessment 38: Preprocessing LSTM using the Sarcasm Dataset based on Precision-Recall tradeoff. Worth 75 points.,WEIGHTED_PRIORITY
Assessment 4: Evaluating YOLOv8 using custom WVSU student data based on AUC-ROC curve. Worth 20 points.,WEIGHTED_PRIORITY
MAJOR TASK: (20 pts) Hyperparameter optimization of Random Forest using the IMDb sentiment bank.,WEIGHTED_PRIORITY
(REQUIRED) (10 pts) Architecting ResNet-50 using the CIFAR-10 image set.,WEIGHTED_PRIORITY
Assessment 10: Fine-tuning DistilBERT using the IMDb sentiment bank based on AUC-ROC curve. Worth 40 points.,WEIGHTED_PRIORITY
Assessment 36: Preprocessing LSTM using custom WVSU student data based on AUC-ROC curve. Worth 30 points.,WEIGHTED_PRIORITY
Assessment 2: Hyperparameter optimization of DistilBERT using the CIFAR-10 image set based on Precision-Recall tradeoff. Worth 25 points.,WEIGHTED_PRIORITY
(REQUIRED) (10 pts) Cross-validating DistilBERT using the CIFAR-10 image set.,WEIGHTED_PRIORITY
Assessment 10: Evaluating Random Forest using the MNIST corpus based on Precision-Recall tradeoff. Worth 25 points.,WEIGHTED_PRIORITY
MAJOR TASK: (40 pts) Evaluating ResNet-50 using custom WVSU student data.,WEIGHTED_PRIORITY
Assessment 30: Evaluating Logistic Regression using the IMDb sentiment bank based on Precision-Recall tradeoff. Worth 15 points.,WEIGHTED_PRIORITY
MANDATORY: (10 pts) Evaluating Random Forest using the MNIST corpus.,WEIGHTED_PRIORITY
Assessment 10: Fine-tuning ResNet-50 using the IMDb sentiment bank based on Precision-Recall tradeoff. Worth 10 points.,WEIGHTED_PRIORITY
Assessment 25: Preprocessing Vision Transformer using the Sarcasm Dataset based on Precision-Recall tradeoff. Worth 75 points.,WEIGHTED_PRIORITY
Assessment 33: Fine-tuning YOLOv8 using the IMDb sentiment bank based on F1-score. Worth 50 points.,WEIGHTED_PRIORITY
MAJOR TASK: (150 pts) Evaluating YOLOv8 using the Sarcasm Dataset.,WEIGHTED_PRIORITY
CRITICAL: (15 pts) Hyperparameter optimization of LSTM using custom WVSU student data.,WEIGHTED_PRIORITY
Evaluation: (20 pts) Architecting DistilBERT using the CIFAR-10 image set.,WEIGHTED_PRIORITY
MAJOR TASK: (150 pts) Fine-tuning LSTM using the IMDb sentiment bank.,WEIGHTED_PRIORITY
Assessment 17: Architecting Vision Transformer using the Sarcasm Dataset based on Precision-Recall tradeoff. Worth 75 points.,WEIGHTED_PRIORITY
Assessment 43: Evaluating LSTM using the CIFAR-10 image set based on Accuracy. Worth 20 points.,WEIGHTED_PRIORITY
(REQUIRED) (100 pts) Architecting LSTM using the CIFAR-10 image set.,WEIGHTED_PRIORITY
MANDATORY: (150 pts) Preprocessing LSTM using the IMDb sentiment bank.,WEIGHTED_PRIORITY
GRADING CRITERIA: (100 pts) Preprocessing YOLOv8 using the MNIST corpus.,WEIGHTED_PRIORITY
Assessment 41: Cross-validating YOLOv8 using the IMDb sentiment bank based on Precision-Recall tradeoff. Worth 30 points.,WEIGHTED_PRIORITY
GRADING CRITERIA: (100 pts) Fine-tuning YOLOv8 using the IMDb sentiment bank.,WEIGHTED_PRIORITY
CRITICAL: (25 pts) Evaluating DistilBERT using the Sarcasm Dataset.,WEIGHTED_PRIORITY
Assessment 38: Evaluating Vision Transformer using the MNIST corpus based on AUC-ROC curve. Worth 25 points.,WEIGHTED_PRIORITY
Assessment 28: Fine-tuning LSTM using the Sarcasm Dataset based on F1-score. Worth 25 points.,WEIGHTED_PRIORITY
Assessment 23: Hyperparameter optimization of YOLOv8 using custom WVSU student data based on F1-score. Worth 25 points.,WEIGHTED_PRIORITY
Assessment 32: Evaluating DistilBERT using the Sarcasm Dataset based on AUC-ROC curve. Worth 75 points.,WEIGHTED_PRIORITY
(REQUIRED) (15 pts) Preprocessing LSTM using custom WVSU student data.,WEIGHTED_PRIORITY
Assessment 8: Evaluating ResNet-50 using the CIFAR-10 image set based on Precision-Recall tradeoff. Worth 150 points.,WEIGHTED_PRIORITY
Assessment 11: Preprocessing Vision Transformer using the CIFAR-10 image set based on Mean Squared Error. Worth 75 points.,WEIGHTED_PRIORITY
Assessment 38: Cross-validating LSTM using the IMDb sentiment bank based on Accuracy. Worth 25 points.,WEIGHTED_PRIORITY
Assessment 7: Evaluating ResNet-50 using the CIFAR-10 image set based on Precision-Recall tradeoff. Worth 10 points.,WEIGHTED_PRIORITY
Assessment 48: Preprocessing Random Forest using the Sarcasm Dataset based on Precision-Recall tradeoff. Worth 20 points.,WEIGHTED_PRIORITY
Assessment 31: Architecting Logistic Regression using the IMDb sentiment bank based on Accuracy. Worth 25 points.,WEIGHTED_PRIORITY
Assessment 9: Architecting YOLOv8 using custom WVSU student data based on AUC-ROC curve. Worth 75 points.,WEIGHTED_PRIORITY
MANDATORY: (50 pts) Cross-validating DistilBERT using the IMDb sentiment bank.,WEIGHTED_PRIORITY
Assessment 32: Fine-tuning Random Forest using custom WVSU student data based on F1-score. Worth 100 points.,WEIGHTED_PRIORITY
Evaluation: (150 pts) Cross-validating ResNet-50 using custom WVSU student data.,WEIGHTED_PRIORITY
MANDATORY: (40 pts) Architecting Random Forest using custom WVSU student data.,WEIGHTED_PRIORITY
MANDATORY: (20 pts) Fine-tuning Vision Transformer using the IMDb sentiment bank.,WEIGHTED_PRIORITY
Assessment 28: Architecting LSTM using custom WVSU student data based on F1-score. Worth 20 points.,WEIGHTED_PRIORITY
MANDATORY: (15 pts) Preprocessing YOLOv8 using the CIFAR-10 image set.,WEIGHTED_PRIORITY
MANDATORY: (10 pts) Fine-tuning Random Forest using the Sarcasm Dataset.,WEIGHTED_PRIORITY
(REQUIRED) (50 pts) Architecting Logistic Regression using the Sarcasm Dataset.,WEIGHTED_PRIORITY
Evaluation: (10 pts) Cross-validating Random Forest using custom WVSU student data.,WEIGHTED_PRIORITY
Assessment 8: Cross-validating DistilBERT using the MNIST corpus based on Mean Squared Error. Worth 75 points.,WEIGHTED_PRIORITY
(REQUIRED) (100 pts) Cross-validating YOLOv8 using the MNIST corpus.,WEIGHTED_PRIORITY
Assessment 48: Cross-validating Logistic Regression using custom WVSU student data based on F1-score. Worth 20 points.,WEIGHTED_PRIORITY
MANDATORY: (20 pts) Cross-validating Logistic Regression using the CIFAR-10 image set.,WEIGHTED_PRIORITY
CRITICAL: (100 pts) Preprocessing Random Forest using the CIFAR-10 image set.,WEIGHTED_PRIORITY
Assessment 27: Cross-validating LSTM using the CIFAR-10 image set based on AUC-ROC curve. Worth 10 points.,WEIGHTED_PRIORITY
Assessment 32: Fine-tuning LSTM using the MNIST corpus based on Accuracy. Worth 150 points.,WEIGHTED_PRIORITY
MANDATORY: (150 pts) Hyperparameter optimization of LSTM using custom WVSU student data.,WEIGHTED_PRIORITY
MANDATORY: (25 pts) Preprocessing DistilBERT using custom WVSU student data.,WEIGHTED_PRIORITY
GRADING CRITERIA: (25 pts) Architecting DistilBERT using the MNIST corpus.,WEIGHTED_PRIORITY
Assessment 36: Cross-validating LSTM using the IMDb sentiment bank based on Accuracy. Worth 15 points.,WEIGHTED_PRIORITY
Assessment 16: Architecting YOLOv8 using the Sarcasm Dataset based on Accuracy. Worth 150 points.,WEIGHTED_PRIORITY
Assessment 11: Cross-validating DistilBERT using the MNIST corpus based on Precision-Recall tradeoff. Worth 30 points.,WEIGHTED_PRIORITY
GRADING CRITERIA: (15 pts) Evaluating DistilBERT using custom WVSU student data.,WEIGHTED_PRIORITY
(REQUIRED) (150 pts) Fine-tuning DistilBERT using the Sarcasm Dataset.,WEIGHTED_PRIORITY
Assessment 6: Preprocessing Random Forest using the MNIST corpus based on AUC-ROC curve. Worth 20 points.,WEIGHTED_PRIORITY
GRADING CRITERIA: (10 pts) Evaluating Random Forest using the Sarcasm Dataset.,WEIGHTED_PRIORITY
(REQUIRED) (15 pts) Cross-validating DistilBERT using the CIFAR-10 image set.,WEIGHTED_PRIORITY
MANDATORY: (40 pts) Evaluating Logistic Regression using the IMDb sentiment bank.,WEIGHTED_PRIORITY
MANDATORY: (100 pts) Architecting Logistic Regression using the IMDb sentiment bank.,WEIGHTED_PRIORITY
CRITICAL: (15 pts) Architecting Logistic Regression using the CIFAR-10 image set.,WEIGHTED_PRIORITY
CRITICAL: (150 pts) Hyperparameter optimization of Random Forest using the CIFAR-10 image set.,WEIGHTED_PRIORITY
GRADING CRITERIA: (40 pts) Fine-tuning Vision Transformer using the IMDb sentiment bank.,WEIGHTED_PRIORITY
GRADING CRITERIA: (30 pts) Evaluating LSTM using the CIFAR-10 image set.,WEIGHTED_PRIORITY
MANDATORY: (15 pts) Preprocessing DistilBERT using custom WVSU student data.,WEIGHTED_PRIORITY
Assessment 23: Evaluating Vision Transformer using the CIFAR-10 image set based on Accuracy. Worth 25 points.,WEIGHTED_PRIORITY
CRITICAL: (100 pts) Architecting Random Forest using the IMDb sentiment bank.,WEIGHTED_PRIORITY
Assessment 24: Hyperparameter optimization of LSTM using the Sarcasm Dataset based on Mean Squared Error. Worth 10 points.,WEIGHTED_PRIORITY
CRITICAL: (25 pts) Cross-validating Random Forest using the MNIST corpus.,WEIGHTED_PRIORITY
Evaluation: (20 pts) Evaluating Logistic Regression using the MNIST corpus.,WEIGHTED_PRIORITY
CRITICAL: (20 pts) Preprocessing Logistic Regression using the Sarcasm Dataset.,WEIGHTED_PRIORITY
Assessment 32: Cross-validating Vision Transformer using the Sarcasm Dataset based on F1-score. Worth 150 points.,WEIGHTED_PRIORITY
CRITICAL: (15 pts) Fine-tuning DistilBERT using the CIFAR-10 image set.,WEIGHTED_PRIORITY
Assessment 9: Evaluating LSTM using the CIFAR-10 image set based on AUC-ROC curve. Worth 10 points.,WEIGHTED_PRIORITY
MAJOR TASK: (100 pts) Cross-validating Logistic Regression using custom WVSU student data.,WEIGHTED_PRIORITY
Evaluation: (50 pts) Fine-tuning Random Forest using the CIFAR-10 image set.,WEIGHTED_PRIORITY
Assessment 18: Preprocessing ResNet-50 using custom WVSU student data based on AUC-ROC curve. Worth 30 points.,WEIGHTED_PRIORITY
Assessment 31: Cross-validating YOLOv8 using the Sarcasm Dataset based on Mean Squared Error. Worth 75 points.,WEIGHTED_PRIORITY
Assessment 4: Evaluating DistilBERT using custom WVSU student data based on Accuracy. Worth 75 points.,WEIGHTED_PRIORITY
Assessment 45: Architecting Random Forest using the Sarcasm Dataset based on Accuracy. Worth 75 points.,WEIGHTED_PRIORITY
MAJOR TASK: (40 pts) Fine-tuning YOLOv8 using custom WVSU student data.,WEIGHTED_PRIORITY
Assessment 7: Evaluating LSTM using the IMDb sentiment bank based on Mean Squared Error. Worth 30 points.,WEIGHTED_PRIORITY
Assessment 1: Cross-validating Vision Transformer using the CIFAR-10 image set based on Precision-Recall tradeoff. Worth 100 points.,WEIGHTED_PRIORITY
Assessment 49: Evaluating ResNet-50 using custom WVSU student data based on F1-score. Worth 150 points.,WEIGHTED_PRIORITY
CRITICAL: (40 pts) Cross-validating DistilBERT using the MNIST corpus.,WEIGHTED_PRIORITY
Evaluation: (25 pts) Cross-validating Logistic Regression using the Sarcasm Dataset.,WEIGHTED_PRIORITY
Assessment 40: Evaluating LSTM using custom WVSU student data based on AUC-ROC curve. Worth 100 points.,WEIGHTED_PRIORITY
Assessment 6: Hyperparameter optimization of Vision Transformer using the IMDb sentiment bank based on Accuracy. Worth 40 points.,WEIGHTED_PRIORITY
Assessment 32: Evaluating Vision Transformer using custom WVSU student data based on Accuracy. Worth 15 points.,WEIGHTED_PRIORITY
Assessment 22: Hyperparameter optimization of ResNet-50 using the IMDb sentiment bank based on Mean Squared Error. Worth 100 points.,WEIGHTED_PRIORITY
CRITICAL: (75 pts) Hyperparameter optimization of LSTM using custom WVSU student data.,WEIGHTED_PRIORITY
Evaluation: (15 pts) Architecting DistilBERT using the CIFAR-10 image set.,WEIGHTED_PRIORITY
MANDATORY: (20 pts) Preprocessing Random Forest using custom WVSU student data.,WEIGHTED_PRIORITY
MANDATORY: (50 pts) Architecting ResNet-50 using the CIFAR-10 image set.,WEIGHTED_PRIORITY
MANDATORY: (50 pts) Hyperparameter optimization of Logistic Regression using the IMDb sentiment bank.,WEIGHTED_PRIORITY
Assessment 24: Evaluating Logistic Regression using the CIFAR-10 image set based on F1-score. Worth 20 points.,WEIGHTED_PRIORITY
Assessment 35: Architecting LSTM using the IMDb sentiment bank based on F1-score. Worth 75 points.,WEIGHTED_PRIORITY
Assessment 22: Architecting DistilBERT using the CIFAR-10 image set based on Mean Squared Error. Worth 10 points.,WEIGHTED_PRIORITY
Assessment 17: Architecting ResNet-50 using the Sarcasm Dataset based on AUC-ROC curve. Worth 50 points.,WEIGHTED_PRIORITY
Assessment 20: Architecting Logistic Regression using the CIFAR-10 image set based on F1-score. Worth 15 points.,WEIGHTED_PRIORITY
Evaluation: (20 pts) Fine-tuning YOLOv8 using the IMDb sentiment bank.,WEIGHTED_PRIORITY
Assessment 31: Cross-validating YOLOv8 using the CIFAR-10 image set based on Mean Squared Error. Worth 25 points.,WEIGHTED_PRIORITY
Assessment 12: Architecting DistilBERT using the Sarcasm Dataset based on Mean Squared Error. Worth 40 points.,WEIGHTED_PRIORITY
Assessment 29: Fine-tuning Random Forest using the IMDb sentiment bank based on Precision-Recall tradeoff. Worth 15 points.,WEIGHTED_PRIORITY
Assessment 6: Preprocessing Random Forest using custom WVSU student data based on Precision-Recall tradeoff. Worth 100 points.,WEIGHTED_PRIORITY
Assessment 34: Hyperparameter optimization of LSTM using the MNIST corpus based on Accuracy. Worth 150 points.,WEIGHTED_PRIORITY
Assessment 25: Cross-validating Vision Transformer using the MNIST corpus based on Precision-Recall tradeoff. Worth 150 points.,WEIGHTED_PRIORITY
Assessment 31: Architecting Random Forest using custom WVSU student data based on Mean Squared Error. Worth 30 points.,WEIGHTED_PRIORITY
GRADING CRITERIA: (10 pts) Evaluating DistilBERT using the MNIST corpus.,WEIGHTED_PRIORITY
Assessment 31: Preprocessing ResNet-50 using the MNIST corpus based on F1-score. Worth 15 points.,WEIGHTED_PRIORITY
Assessment 13: Architecting ResNet-50 using the MNIST corpus based on F1-score. Worth 150 points.,WEIGHTED_PRIORITY
Assessment 25: Evaluating Vision Transformer using the Sarcasm Dataset based on AUC-ROC curve. Worth 25 points.,WEIGHTED_PRIORITY
MANDATORY: (30 pts) Evaluating ResNet-50 using the MNIST corpus.,WEIGHTED_PRIORITY
GRADING CRITERIA: (15 pts) Preprocessing Logistic Regression using the MNIST corpus.,WEIGHTED_PRIORITY
MAJOR TASK: (25 pts) Cross-validating Random Forest using custom WVSU student data.,WEIGHTED_PRIORITY
Assessment 14: Architecting YOLOv8 using the IMDb sentiment bank based on Mean Squared Error. Worth 100 points.,WEIGHTED_PRIORITY
Assessment 13: Fine-tuning Vision Transformer using custom WVSU student data based on Accuracy. Worth 20 points.,WEIGHTED_PRIORITY
(REQUIRED) (10 pts) Architecting ResNet-50 using custom WVSU student data.,WEIGHTED_PRIORITY
Assessment 18: Hyperparameter optimization of ResNet-50 using custom WVSU student data based on Accuracy. Worth 40 points.,WEIGHTED_PRIORITY
Evaluation: (150 pts) Architecting ResNet-50 using the Sarcasm Dataset.,WEIGHTED_PRIORITY
MAJOR TASK: (30 pts) Evaluating Logistic Regression using the IMDb sentiment bank.,WEIGHTED_PRIORITY
(REQUIRED) (100 pts) Hyperparameter optimization of LSTM using the MNIST corpus.,WEIGHTED_PRIORITY
Assessment 20: Evaluating YOLOv8 using custom WVSU student data based on Mean Squared Error. Worth 20 points.,WEIGHTED_PRIORITY
(REQUIRED) (100 pts) Cross-validating Vision Transformer using the MNIST corpus.,WEIGHTED_PRIORITY
MANDATORY: (15 pts) Fine-tuning Logistic Regression using the MNIST corpus.,WEIGHTED_PRIORITY
MAJOR TASK: (15 pts) Cross-validating Random Forest using the CIFAR-10 image set.,WEIGHTED_PRIORITY
MAJOR TASK: (30 pts) Preprocessing DistilBERT using the CIFAR-10 image set.,WEIGHTED_PRIORITY
GRADING CRITERIA: (100 pts) Cross-validating Random Forest using the IMDb sentiment bank.,WEIGHTED_PRIORITY
MANDATORY: (30 pts) Preprocessing LSTM using custom WVSU student data.,WEIGHTED_PRIORITY
(REQUIRED) (15 pts) Architecting ResNet-50 using the MNIST corpus.,WEIGHTED_PRIORITY
Assessment 36: Cross-validating Random Forest using custom WVSU student data based on F1-score. Worth 50 points.,WEIGHTED_PRIORITY
Assessment 12: Preprocessing Logistic Regression using the IMDb sentiment bank based on F1-score. Worth 10 points.,WEIGHTED_PRIORITY
GRADING CRITERIA: (100 pts) Cross-validating DistilBERT using the CIFAR-10 image set.,WEIGHTED_PRIORITY
Assessment 35: Preprocessing ResNet-50 using the IMDb sentiment bank based on F1-score. Worth 10 points.,WEIGHTED_PRIORITY
Evaluation: (30 pts) Fine-tuning Random Forest using custom WVSU student data.,WEIGHTED_PRIORITY
Assessment 3: Hyperparameter optimization of Random Forest using custom WVSU student data based on Mean Squared Error. Worth 25 points.,WEIGHTED_PRIORITY
Assessment 30: Architecting DistilBERT using the MNIST corpus based on Precision-Recall tradeoff. Worth 25 points.,WEIGHTED_PRIORITY
GRADING CRITERIA: (10 pts) Preprocessing Logistic Regression using the MNIST corpus.,WEIGHTED_PRIORITY
Assessment 2: Architecting LSTM using custom WVSU student data based on F1-score. Worth 25 points.,WEIGHTED_PRIORITY
Assessment 31: Cross-validating Vision Transformer using the MNIST corpus based on Mean Squared Error. Worth 50 points.,WEIGHTED_PRIORITY
Assessment 20: Architecting Logistic Regression using the MNIST corpus based on F1-score. Worth 20 points.,WEIGHTED_PRIORITY
Assessment 35: Preprocessing LSTM using the CIFAR-10 image set based on Accuracy. Worth 10 points.,WEIGHTED_PRIORITY
Assessment 14: Cross-validating Logistic Regression using custom WVSU student data based on Accuracy. Worth 40 points.,WEIGHTED_PRIORITY
Assessment 41: Preprocessing ResNet-50 using the MNIST corpus based on F1-score. Worth 15 points.,WEIGHTED_PRIORITY
Assessment 4: Evaluating Vision Transformer using the MNIST corpus based on Precision-Recall tradeoff. Worth 25 points.,WEIGHTED_PRIORITY
MANDATORY: (40 pts) Fine-tuning Random Forest using the Sarcasm Dataset.,WEIGHTED_PRIORITY
MANDATORY: (30 pts) Preprocessing Logistic Regression using the Sarcasm Dataset.,WEIGHTED_PRIORITY
(REQUIRED) (20 pts) Evaluating Vision Transformer using the CIFAR-10 image set.,WEIGHTED_PRIORITY
Assessment 5: Hyperparameter optimization of ResNet-50 using the IMDb sentiment bank based on Accuracy. Worth 75 points.,WEIGHTED_PRIORITY
Assessment 41: Hyperparameter optimization of ResNet-50 using the Sarcasm Dataset based on AUC-ROC curve. Worth 20 points.,WEIGHTED_PRIORITY
CRITICAL: (100 pts) Evaluating DistilBERT using the Sarcasm Dataset.,WEIGHTED_PRIORITY
MAJOR TASK: (25 pts) Fine-tuning YOLOv8 using the CIFAR-10 image set.,WEIGHTED_PRIORITY
MANDATORY: (20 pts) Architecting LSTM using the IMDb sentiment bank.,WEIGHTED_PRIORITY
CRITICAL: (100 pts) Hyperparameter optimization of Logistic Regression using the Sarcasm Dataset.,WEIGHTED_PRIORITY
(REQUIRED) (40 pts) Cross-validating Vision Transformer using the MNIST corpus.,WEIGHTED_PRIORITY
CRITICAL: (100 pts) Evaluating DistilBERT using the MNIST corpus.,WEIGHTED_PRIORITY
MANDATORY: (100 pts) Hyperparameter optimization of YOLOv8 using the IMDb sentiment bank.,WEIGHTED_PRIORITY
Assessment 40: Preprocessing LSTM using custom WVSU student data based on Mean Squared Error. Worth 20 points.,WEIGHTED_PRIORITY
Assessment 6: Architecting ResNet-50 using custom WVSU student data based on Mean Squared Error. Worth 40 points.,WEIGHTED_PRIORITY
(REQUIRED) (30 pts) Fine-tuning Vision Transformer using custom WVSU student data.,WEIGHTED_PRIORITY
Assessment 1: Architecting ResNet-50 using the Sarcasm Dataset based on F1-score. Worth 150 points.,WEIGHTED_PRIORITY
Assessment 29: Preprocessing YOLOv8 using the CIFAR-10 image set based on F1-score. Worth 100 points.,WEIGHTED_PRIORITY
Assessment 43: Fine-tuning Logistic Regression using custom WVSU student data based on Precision-Recall tradeoff. Worth 10 points.,WEIGHTED_PRIORITY
CRITICAL: (30 pts) Hyperparameter optimization of YOLOv8 using the CIFAR-10 image set.,WEIGHTED_PRIORITY
Assessment 48: Hyperparameter optimization of Logistic Regression using the Sarcasm Dataset based on AUC-ROC curve. Worth 150 points.,WEIGHTED_PRIORITY
GRADING CRITERIA: (40 pts) Cross-validating Random Forest using the MNIST corpus.,WEIGHTED_PRIORITY
Assessment 23: Hyperparameter optimization of DistilBERT using the MNIST corpus based on Accuracy. Worth 25 points.,WEIGHTED_PRIORITY
Assessment 25: Cross-validating DistilBERT using the Sarcasm Dataset based on Accuracy. Worth 100 points.,WEIGHTED_PRIORITY
Assessment 13: Preprocessing LSTM using the IMDb sentiment bank based on Mean Squared Error. Worth 75 points.,WEIGHTED_PRIORITY
Assessment 12: Fine-tuning DistilBERT using the Sarcasm Dataset based on Accuracy. Worth 75 points.,WEIGHTED_PRIORITY
Assessment 50: Preprocessing Logistic Regression using the Sarcasm Dataset based on F1-score. Worth 30 points.,WEIGHTED_PRIORITY
(REQUIRED) (40 pts) Preprocessing Vision Transformer using custom WVSU student data.,WEIGHTED_PRIORITY
Assessment 7: Architecting LSTM using the CIFAR-10 image set based on Accuracy. Worth 40 points.,WEIGHTED_PRIORITY
Assessment 29: Fine-tuning LSTM using the Sarcasm Dataset based on Precision-Recall tradeoff. Worth 10 points.,WEIGHTED_PRIORITY
Assessment 6: Hyperparameter optimization of ResNet-50 using the MNIST corpus based on Mean Squared Error. Worth 20 points.,WEIGHTED_PRIORITY
CRITICAL: (20 pts) Evaluating Random Forest using the CIFAR-10 image set.,WEIGHTED_PRIORITY
GRADING CRITERIA: (15 pts) Evaluating ResNet-50 using custom WVSU student data.,WEIGHTED_PRIORITY
Assessment 46: Preprocessing ResNet-50 using the CIFAR-10 image set based on Precision-Recall tradeoff. Worth 40 points.,WEIGHTED_PRIORITY
Assessment 28: Preprocessing Vision Transformer using custom WVSU student data based on Precision-Recall tradeoff. Worth 50 points.,WEIGHTED_PRIORITY
GRADING CRITERIA: (25 pts) Fine-tuning DistilBERT using the MNIST corpus.,WEIGHTED_PRIORITY
Assessment 40: Fine-tuning Vision Transformer using the CIFAR-10 image set based on F1-score. Worth 25 points.,WEIGHTED_PRIORITY
GRADING CRITERIA: (10 pts) Cross-validating ResNet-50 using the IMDb sentiment bank.,WEIGHTED_PRIORITY
Assessment 13: Cross-validating DistilBERT using the MNIST corpus based on F1-score. Worth 150 points.,WEIGHTED_PRIORITY
MAJOR TASK: (50 pts) Fine-tuning LSTM using the Sarcasm Dataset.,WEIGHTED_PRIORITY
Assessment 18: Evaluating YOLOv8 using the Sarcasm Dataset based on Precision-Recall tradeoff. Worth 75 points.,WEIGHTED_PRIORITY
GRADING CRITERIA: (25 pts) Cross-validating YOLOv8 using the IMDb sentiment bank.,WEIGHTED_PRIORITY
CRITICAL: (150 pts) Evaluating LSTM using the IMDb sentiment bank.,WEIGHTED_PRIORITY
MANDATORY: (30 pts) Architecting ResNet-50 using the Sarcasm Dataset.,WEIGHTED_PRIORITY
Evaluation: (40 pts) Fine-tuning LSTM using custom WVSU student data.,WEIGHTED_PRIORITY
Assessment 12: Preprocessing Vision Transformer using the IMDb sentiment bank based on AUC-ROC curve. Worth 50 points.,WEIGHTED_PRIORITY
MAJOR TASK: (25 pts) Architecting LSTM using the Sarcasm Dataset.,WEIGHTED_PRIORITY
CRITICAL: (30 pts) Preprocessing LSTM using the IMDb sentiment bank.,WEIGHTED_PRIORITY
Assessment 19: Evaluating Random Forest using the MNIST corpus based on F1-score. Worth 15 points.,WEIGHTED_PRIORITY
Evaluation: (150 pts) Cross-validating Logistic Regression using the MNIST corpus.,WEIGHTED_PRIORITY
GRADING CRITERIA: (40 pts) Architecting ResNet-50 using custom WVSU student data.,WEIGHTED_PRIORITY
Evaluation: (40 pts) Hyperparameter optimization of LSTM using the IMDb sentiment bank.,WEIGHTED_PRIORITY
Assessment 46: Fine-tuning LSTM using the IMDb sentiment bank based on Mean Squared Error. Worth 30 points.,WEIGHTED_PRIORITY
Assessment 2: Architecting YOLOv8 using custom WVSU student data based on Mean Squared Error. Worth 20 points.,WEIGHTED_PRIORITY
Assessment 12: Fine-tuning Logistic Regression using the MNIST corpus based on F1-score. Worth 20 points.,WEIGHTED_PRIORITY
(REQUIRED) (30 pts) Cross-validating Logistic Regression using the Sarcasm Dataset.,WEIGHTED_PRIORITY
Assessment 16: Hyperparameter optimization of DistilBERT using the CIFAR-10 image set based on Mean Squared Error. Worth 150 points.,WEIGHTED_PRIORITY
Assessment 19: Hyperparameter optimization of LSTM using the IMDb sentiment bank based on AUC-ROC curve. Worth 150 points.,WEIGHTED_PRIORITY
Evaluation: (10 pts) Evaluating Logistic Regression using the CIFAR-10 image set.,WEIGHTED_PRIORITY
MANDATORY: (40 pts) Cross-validating YOLOv8 using the IMDb sentiment bank.,WEIGHTED_PRIORITY
(REQUIRED) (150 pts) Preprocessing Random Forest using the MNIST corpus.,WEIGHTED_PRIORITY
(REQUIRED) (150 pts) Evaluating ResNet-50 using the MNIST corpus.,WEIGHTED_PRIORITY
Evaluation: (40 pts) Architecting DistilBERT using the CIFAR-10 image set.,WEIGHTED_PRIORITY
Assessment 8: Cross-validating ResNet-50 using the IMDb sentiment bank based on Accuracy. Worth 30 points.,WEIGHTED_PRIORITY
Evaluation: (150 pts) Architecting Vision Transformer using the Sarcasm Dataset.,WEIGHTED_PRIORITY
MAJOR TASK: (100 pts) Evaluating YOLOv8 using the MNIST corpus.,WEIGHTED_PRIORITY
GRADING CRITERIA: (15 pts) Hyperparameter optimization of LSTM using the MNIST corpus.,WEIGHTED_PRIORITY
Assessment 10: Evaluating YOLOv8 using the IMDb sentiment bank based on AUC-ROC curve. Worth 20 points.,WEIGHTED_PRIORITY
Assessment 47: Evaluating ResNet-50 using the CIFAR-10 image set based on Accuracy. Worth 30 points.,WEIGHTED_PRIORITY
CRITICAL: (10 pts) Fine-tuning LSTM using custom WVSU student data.,WEIGHTED_PRIORITY
GRADING CRITERIA: (30 pts) Hyperparameter optimization of Logistic Regression using custom WVSU student data.,WEIGHTED_PRIORITY
Assessment 1: Architecting Random Forest using custom WVSU student data based on Accuracy. Worth 150 points.,WEIGHTED_PRIORITY
CRITICAL: (15 pts) Hyperparameter optimization of YOLOv8 using custom WVSU student data.,WEIGHTED_PRIORITY
Assessment 10: Preprocessing ResNet-50 using the MNIST corpus based on AUC-ROC curve. Worth 40 points.,WEIGHTED_PRIORITY
CRITICAL: (75 pts) Hyperparameter optimization of ResNet-50 using custom WVSU student data.,WEIGHTED_PRIORITY
Evaluation: (30 pts) Architecting DistilBERT using the IMDb sentiment bank.,WEIGHTED_PRIORITY
Assessment 50: Preprocessing YOLOv8 using the CIFAR-10 image set based on Mean Squared Error. Worth 100 points.,WEIGHTED_PRIORITY
GRADING CRITERIA: (25 pts) Evaluating LSTM using custom WVSU student data.,WEIGHTED_PRIORITY
GRADING CRITERIA: (30 pts) Cross-validating LSTM using the CIFAR-10 image set.,WEIGHTED_PRIORITY
Evaluation: (30 pts) Cross-validating LSTM using the Sarcasm Dataset.,WEIGHTED_PRIORITY
Evaluation: (20 pts) Hyperparameter optimization of ResNet-50 using the MNIST corpus.,WEIGHTED_PRIORITY
GRADING CRITERIA: (20 pts) Cross-validating DistilBERT using the MNIST corpus.,WEIGHTED_PRIORITY
Assessment 5: Cross-validating DistilBERT using the IMDb sentiment bank based on AUC-ROC curve. Worth 75 points.,WEIGHTED_PRIORITY
Assessment 47: Fine-tuning Logistic Regression using the IMDb sentiment bank based on AUC-ROC curve. Worth 25 points.,WEIGHTED_PRIORITY
(REQUIRED) (150 pts) Architecting Logistic Regression using the IMDb sentiment bank.,WEIGHTED_PRIORITY
CRITICAL: (15 pts) Cross-validating ResNet-50 using the IMDb sentiment bank.,WEIGHTED_PRIORITY
MAJOR TASK: (150 pts) Hyperparameter optimization of Random Forest using the IMDb sentiment bank.,WEIGHTED_PRIORITY
Assessment 2: Architecting Vision Transformer using the Sarcasm Dataset based on Mean Squared Error. Worth 100 points.,WEIGHTED_PRIORITY
Assessment 32: Hyperparameter optimization of DistilBERT using the CIFAR-10 image set based on Accuracy. Worth 50 points.,WEIGHTED_PRIORITY
Assessment 40: Hyperparameter optimization of Vision Transformer using the IMDb sentiment bank based on F1-score. Worth 20 points.,WEIGHTED_PRIORITY
Assessment 11: Cross-validating Vision Transformer using the IMDb sentiment bank based on F1-score. Worth 100 points.,WEIGHTED_PRIORITY
MANDATORY: (50 pts) Architecting DistilBERT using the MNIST corpus.,WEIGHTED_PRIORITY
MANDATORY: (20 pts) Cross-validating DistilBERT using the CIFAR-10 image set.,WEIGHTED_PRIORITY
(REQUIRED) (10 pts) Fine-tuning LSTM using the IMDb sentiment bank.,WEIGHTED_PRIORITY
CRITICAL: (75 pts) Fine-tuning Random Forest using the CIFAR-10 image set.,WEIGHTED_PRIORITY
MANDATORY: (150 pts) Preprocessing Logistic Regression using the CIFAR-10 image set.,WEIGHTED_PRIORITY
Assessment 5: Preprocessing Vision Transformer using the IMDb sentiment bank based on AUC-ROC curve. Worth 75 points.,WEIGHTED_PRIORITY
Assessment 34: Evaluating YOLOv8 using the IMDb sentiment bank based on Precision-Recall tradeoff. Worth 40 points.,WEIGHTED_PRIORITY
CRITICAL: (50 pts) Architecting DistilBERT using the CIFAR-10 image set.,WEIGHTED_PRIORITY
Assessment 22: Preprocessing Logistic Regression using the IMDb sentiment bank based on Accuracy. Worth 150 points.,WEIGHTED_PRIORITY
MAJOR TASK: (15 pts) Fine-tuning DistilBERT using the MNIST corpus.,WEIGHTED_PRIORITY
GRADING CRITERIA: (25 pts) Evaluating LSTM using the IMDb sentiment bank.,WEIGHTED_PRIORITY
CRITICAL: (30 pts) Hyperparameter optimization of Random Forest using the CIFAR-10 image set.,WEIGHTED_PRIORITY
MAJOR TASK: (10 pts) Cross-validating Vision Transformer using custom WVSU student data.,WEIGHTED_PRIORITY
Evaluation: (25 pts) Preprocessing LSTM using the Sarcasm Dataset.,WEIGHTED_PRIORITY
Assessment 22: Cross-validating Random Forest using the IMDb sentiment bank based on Precision-Recall tradeoff. Worth 150 points.,WEIGHTED_PRIORITY
Assessment 33: Preprocessing Random Forest using the IMDb sentiment bank based on Mean Squared Error. Worth 10 points.,WEIGHTED_PRIORITY
(REQUIRED) (150 pts) Cross-validating YOLOv8 using the IMDb sentiment bank.,WEIGHTED_PRIORITY
GRADING CRITERIA: (150 pts) Preprocessing Random Forest using the IMDb sentiment bank.,WEIGHTED_PRIORITY
Assessment 44: Cross-validating YOLOv8 using the Sarcasm Dataset based on F1-score. Worth 30 points.,WEIGHTED_PRIORITY
Assessment 36: Fine-tuning YOLOv8 using the CIFAR-10 image set based on Precision-Recall tradeoff. Worth 100 points.,WEIGHTED_PRIORITY
Assessment 32: Cross-validating Random Forest using custom WVSU student data based on AUC-ROC curve. Worth 15 points.,WEIGHTED_PRIORITY
Assessment 35: Hyperparameter optimization of DistilBERT using custom WVSU student data based on AUC-ROC curve. Worth 75 points.,WEIGHTED_PRIORITY
Evaluation: (40 pts) Fine-tuning YOLOv8 using the CIFAR-10 image set.,WEIGHTED_PRIORITY
CRITICAL: (30 pts) Cross-validating DistilBERT using custom WVSU student data.,WEIGHTED_PRIORITY
Assessment 40: Architecting YOLOv8 using the CIFAR-10 image set based on F1-score. Worth 20 points.,WEIGHTED_PRIORITY
MAJOR TASK: (10 pts) Cross-validating YOLOv8 using the IMDb sentiment bank.,WEIGHTED_PRIORITY
Evaluation: (50 pts) Preprocessing LSTM using custom WVSU student data.,WEIGHTED_PRIORITY
Assessment 1: Evaluating Random Forest using the MNIST corpus based on Accuracy. Worth 20 points.,WEIGHTED_PRIORITY
CRITICAL: (50 pts) Preprocessing Vision Transformer using the MNIST corpus.,WEIGHTED_PRIORITY
Assessment 50: Cross-validating Vision Transformer using custom WVSU student data based on Precision-Recall tradeoff. Worth 25 points.,WEIGHTED_PRIORITY
Assessment 9: Hyperparameter optimization of DistilBERT using custom WVSU student data based on AUC-ROC curve. Worth 20 points.,WEIGHTED_PRIORITY
MANDATORY: (150 pts) Hyperparameter optimization of Vision Transformer using the CIFAR-10 image set.,WEIGHTED_PRIORITY
MANDATORY: (150 pts) Evaluating DistilBERT using the Sarcasm Dataset.,WEIGHTED_PRIORITY
(REQUIRED) (50 pts) Fine-tuning DistilBERT using the Sarcasm Dataset.,WEIGHTED_PRIORITY
MANDATORY: (25 pts) Preprocessing Random Forest using the CIFAR-10 image set.,WEIGHTED_PRIORITY
Assessment 21: Cross-validating Logistic Regression using the CIFAR-10 image set based on Precision-Recall tradeoff. Worth 100 points.,WEIGHTED_PRIORITY
GRADING CRITERIA: (75 pts) Cross-validating LSTM using the IMDb sentiment bank.,WEIGHTED_PRIORITY
MANDATORY: (75 pts) Preprocessing Random Forest using the CIFAR-10 image set.,WEIGHTED_PRIORITY
Assessment 5: Cross-validating DistilBERT using the CIFAR-10 image set based on AUC-ROC curve. Worth 15 points.,WEIGHTED_PRIORITY
Assessment 10: Architecting ResNet-50 using the Sarcasm Dataset based on Mean Squared Error. Worth 100 points.,WEIGHTED_PRIORITY
Assessment 39: Hyperparameter optimization of DistilBERT using the Sarcasm Dataset based on Accuracy. Worth 150 points.,WEIGHTED_PRIORITY
CRITICAL: (25 pts) Fine-tuning Logistic Regression using the Sarcasm Dataset.,WEIGHTED_PRIORITY
GRADING CRITERIA: (100 pts) Architecting DistilBERT using the MNIST corpus.,WEIGHTED_PRIORITY
CRITICAL: (50 pts) Preprocessing DistilBERT using the Sarcasm Dataset.,WEIGHTED_PRIORITY
Assessment 50: Hyperparameter optimization of Vision Transformer using the CIFAR-10 image set based on Mean Squared Error. Worth 10 points.,WEIGHTED_PRIORITY
CRITICAL: (20 pts) Architecting Logistic Regression using the IMDb sentiment bank.,WEIGHTED_PRIORITY
Assessment 13: Cross-validating YOLOv8 using custom WVSU student data based on Mean Squared Error. Worth 30 points.,WEIGHTED_PRIORITY
Assessment 16: Fine-tuning LSTM using the CIFAR-10 image set based on F1-score. Worth 150 points.,WEIGHTED_PRIORITY
Assessment 32: Evaluating YOLOv8 using the IMDb sentiment bank based on AUC-ROC curve. Worth 150 points.,WEIGHTED_PRIORITY
CRITICAL: (15 pts) Preprocessing DistilBERT using the Sarcasm Dataset.,WEIGHTED_PRIORITY
CRITICAL: (50 pts) Hyperparameter optimization of ResNet-50 using custom WVSU student data.,WEIGHTED_PRIORITY
(REQUIRED) (40 pts) Preprocessing Random Forest using the MNIST corpus.,WEIGHTED_PRIORITY
MAJOR TASK: (100 pts) Architecting YOLOv8 using the CIFAR-10 image set.,WEIGHTED_PRIORITY
MAJOR TASK: (75 pts) Evaluating ResNet-50 using custom WVSU student data.,WEIGHTED_PRIORITY
CRITICAL: (50 pts) Cross-validating Vision Transformer using the Sarcasm Dataset.,WEIGHTED_PRIORITY
Assessment 37: Preprocessing ResNet-50 using the IMDb sentiment bank based on AUC-ROC curve. Worth 15 points.,WEIGHTED_PRIORITY
Assessment 27: Hyperparameter optimization of Vision Transformer using the Sarcasm Dataset based on Accuracy. Worth 30 points.,WEIGHTED_PRIORITY
CRITICAL: (30 pts) Fine-tuning LSTM using the CIFAR-10 image set.,WEIGHTED_PRIORITY
Assessment 7: Cross-validating ResNet-50 using the MNIST corpus based on Accuracy. Worth 100 points.,WEIGHTED_PRIORITY
GRADING CRITERIA: (40 pts) Cross-validating Vision Transformer using custom WVSU student data.,WEIGHTED_PRIORITY
Evaluation: (75 pts) Cross-validating Random Forest using the MNIST corpus.,WEIGHTED_PRIORITY
MANDATORY: (30 pts) Architecting YOLOv8 using the CIFAR-10 image set.,WEIGHTED_PRIORITY
Assessment 8: Fine-tuning Vision Transformer using the CIFAR-10 image set based on Accuracy. Worth 75 points.,WEIGHTED_PRIORITY
Evaluation: (30 pts) Preprocessing Logistic Regression using the IMDb sentiment bank.,WEIGHTED_PRIORITY
GRADING CRITERIA: (30 pts) Fine-tuning YOLOv8 using the CIFAR-10 image set.,WEIGHTED_PRIORITY
Assessment 42: Cross-validating Logistic Regression using custom WVSU student data based on Precision-Recall tradeoff. Worth 100 points.,WEIGHTED_PRIORITY
MANDATORY: (75 pts) Architecting Random Forest using the Sarcasm Dataset.,WEIGHTED_PRIORITY
Assessment 22: Hyperparameter optimization of ResNet-50 using the Sarcasm Dataset based on Precision-Recall tradeoff. Worth 75 points.,WEIGHTED_PRIORITY
MANDATORY: (30 pts) Architecting DistilBERT using custom WVSU student data.,WEIGHTED_PRIORITY
Assessment 34: Evaluating YOLOv8 using the Sarcasm Dataset based on Precision-Recall tradeoff. Worth 150 points.,WEIGHTED_PRIORITY
MAJOR TASK: (75 pts) Fine-tuning Random Forest using the Sarcasm Dataset.,WEIGHTED_PRIORITY
(REQUIRED) (50 pts) Preprocessing Vision Transformer using the MNIST corpus.,WEIGHTED_PRIORITY
Evaluation: (20 pts) Architecting Vision Transformer using the IMDb sentiment bank.,WEIGHTED_PRIORITY
MAJOR TASK: (40 pts) Architecting ResNet-50 using the CIFAR-10 image set.,WEIGHTED_PRIORITY
Assessment 14: Evaluating Vision Transformer using the MNIST corpus based on Precision-Recall tradeoff. Worth 50 points.,WEIGHTED_PRIORITY
Assessment 38: Cross-validating YOLOv8 using the MNIST corpus based on Accuracy. Worth 100 points.,WEIGHTED_PRIORITY
Assessment 37: Fine-tuning LSTM using the CIFAR-10 image set based on AUC-ROC curve. Worth 15 points.,WEIGHTED_PRIORITY
Evaluation: (150 pts) Cross-validating ResNet-50 using the IMDb sentiment bank.,WEIGHTED_PRIORITY
MANDATORY: (40 pts) Preprocessing LSTM using the IMDb sentiment bank.,WEIGHTED_PRIORITY
Assessment 24: Preprocessing LSTM using the IMDb sentiment bank based on Precision-Recall tradeoff. Worth 50 points.,WEIGHTED_PRIORITY
Assessment 32: Evaluating ResNet-50 using the MNIST corpus based on Precision-Recall tradeoff. Worth 100 points.,WEIGHTED_PRIORITY
CRITICAL: (50 pts) Architecting Logistic Regression using custom WVSU student data.,WEIGHTED_PRIORITY
MAJOR TASK: (75 pts) Fine-tuning Vision Transformer using the Sarcasm Dataset.,WEIGHTED_PRIORITY
MANDATORY: (30 pts) Evaluating DistilBERT using the IMDb sentiment bank.,WEIGHTED_PRIORITY
Assessment 12: Fine-tuning ResNet-50 using the Sarcasm Dataset based on Mean Squared Error. Worth 30 points.,WEIGHTED_PRIORITY
Assessment 42: Hyperparameter optimization of YOLOv8 using the Sarcasm Dataset based on AUC-ROC curve. Worth 150 points.,WEIGHTED_PRIORITY
Assessment 18: Evaluating DistilBERT using custom WVSU student data based on F1-score. Worth 50 points.,WEIGHTED_PRIORITY
Assessment 30: Evaluating LSTM using the CIFAR-10 image set based on Accuracy. Worth 40 points.,WEIGHTED_PRIORITY
(REQUIRED) (25 pts) Hyperparameter optimization of LSTM using custom WVSU student data.,WEIGHTED_PRIORITY
Assessment 49: Hyperparameter optimization of DistilBERT using the MNIST corpus based on Mean Squared Error. Worth 15 points.,WEIGHTED_PRIORITY
Assessment 48: Preprocessing Vision Transformer using the IMDb sentiment bank based on AUC-ROC curve. Worth 25 points.,WEIGHTED_PRIORITY
Assessment 11: Fine-tuning Logistic Regression using the IMDb sentiment bank based on F1-score. Worth 75 points.,WEIGHTED_PRIORITY
MANDATORY: (40 pts) Cross-validating ResNet-50 using the MNIST corpus.,WEIGHTED_PRIORITY
GRADING CRITERIA: (40 pts) Preprocessing LSTM using the MNIST corpus.,WEIGHTED_PRIORITY
Assessment 13: Preprocessing YOLOv8 using custom WVSU student data based on Accuracy. Worth 75 points.,WEIGHTED_PRIORITY
(REQUIRED) (75 pts) Preprocessing Logistic Regression using the Sarcasm Dataset.,WEIGHTED_PRIORITY
Assessment 25: Hyperparameter optimization of Random Forest using custom WVSU student data based on F1-score. Worth 25 points.,WEIGHTED_PRIORITY
Assessment 32: Cross-validating LSTM using the CIFAR-10 image set based on Precision-Recall tradeoff. Worth 100 points.,WEIGHTED_PRIORITY
Assessment 10: Fine-tuning Logistic Regression using custom WVSU student data based on Mean Squared Error. Worth 50 points.,WEIGHTED_PRIORITY
MAJOR TASK: (10 pts) Hyperparameter optimization of YOLOv8 using the Sarcasm Dataset.,WEIGHTED_PRIORITY
Assessment 3: Cross-validating ResNet-50 using the MNIST corpus based on Accuracy. Worth 10 points.,WEIGHTED_PRIORITY
GRADING CRITERIA: (10 pts) Hyperparameter optimization of Vision Transformer using the MNIST corpus.,WEIGHTED_PRIORITY
CRITICAL: (10 pts) Hyperparameter optimization of LSTM using the MNIST corpus.,WEIGHTED_PRIORITY
Evaluation: (25 pts) Hyperparameter optimization of ResNet-50 using custom WVSU student data.,WEIGHTED_PRIORITY
CRITICAL: (40 pts) Cross-validating Logistic Regression using the CIFAR-10 image set.,WEIGHTED_PRIORITY
Assessment 27: Hyperparameter optimization of Logistic Regression using the IMDb sentiment bank based on Mean Squared Error. Worth 50 points.,WEIGHTED_PRIORITY
MAJOR TASK: (75 pts) Cross-validating Logistic Regression using the CIFAR-10 image set.,WEIGHTED_PRIORITY
Assessment 17: Architecting Random Forest using the Sarcasm Dataset based on Mean Squared Error. Worth 100 points.,WEIGHTED_PRIORITY
Assessment 26: Architecting Logistic Regression using the Sarcasm Dataset based on Precision-Recall tradeoff. Worth 75 points.,WEIGHTED_PRIORITY
MAJOR TASK: (25 pts) Fine-tuning ResNet-50 using the Sarcasm Dataset.,WEIGHTED_PRIORITY
Assessment 20: Hyperparameter optimization of Vision Transformer using the MNIST corpus based on Accuracy. Worth 30 points.,WEIGHTED_PRIORITY
(REQUIRED) (10 pts) Cross-validating Random Forest using the CIFAR-10 image set.,WEIGHTED_PRIORITY
Evaluation: (20 pts) Preprocessing ResNet-50 using the CIFAR-10 image set.,WEIGHTED_PRIORITY
MANDATORY: (40 pts) Cross-validating ResNet-50 using the IMDb sentiment bank.,WEIGHTED_PRIORITY
Assessment 15: Fine-tuning Vision Transformer using the MNIST corpus based on Accuracy. Worth 10 points.,WEIGHTED_PRIORITY
Assessment 16: Architecting Vision Transformer using custom WVSU student data based on AUC-ROC curve. Worth 25 points.,WEIGHTED_PRIORITY
MANDATORY: (15 pts) Architecting YOLOv8 using the IMDb sentiment bank.,WEIGHTED_PRIORITY
Assessment 34: Cross-validating DistilBERT using custom WVSU student data based on AUC-ROC curve. Worth 25 points.,WEIGHTED_PRIORITY
GRADING CRITERIA: (100 pts) Architecting LSTM using the MNIST corpus.,WEIGHTED_PRIORITY
CRITICAL: (100 pts) Architecting Vision Transformer using custom WVSU student data.,WEIGHTED_PRIORITY
Assessment 40: Cross-validating DistilBERT using the CIFAR-10 image set based on Accuracy. Worth 15 points.,WEIGHTED_PRIORITY
GRADING CRITERIA: (50 pts) Evaluating DistilBERT using the CIFAR-10 image set.,WEIGHTED_PRIORITY
Assessment 32: Cross-validating DistilBERT using the IMDb sentiment bank based on Accuracy. Worth 20 points.,WEIGHTED_PRIORITY
Assessment 8: Preprocessing Random Forest using custom WVSU student data based on AUC-ROC curve. Worth 20 points.,WEIGHTED_PRIORITY
Assessment 27: Preprocessing Random Forest using the MNIST corpus based on AUC-ROC curve. Worth 30 points.,WEIGHTED_PRIORITY
Assessment 40: Fine-tuning Random Forest using the IMDb sentiment bank based on F1-score. Worth 10 points.,WEIGHTED_PRIORITY
Assessment 40: Evaluating Vision Transformer using the Sarcasm Dataset based on Precision-Recall tradeoff. Worth 75 points.,WEIGHTED_PRIORITY
Assessment 34: Preprocessing ResNet-50 using the IMDb sentiment bank based on Mean Squared Error. Worth 100 points.,WEIGHTED_PRIORITY
(REQUIRED) (10 pts) Fine-tuning Random Forest using the MNIST corpus.,WEIGHTED_PRIORITY
Assessment 44: Fine-tuning ResNet-50 using the MNIST corpus based on Accuracy. Worth 50 points.,WEIGHTED_PRIORITY
CRITICAL: (75 pts) Cross-validating Random Forest using the CIFAR-10 image set.,WEIGHTED_PRIORITY
Assessment 49: Hyperparameter optimization of Vision Transformer using the CIFAR-10 image set based on Accuracy. Worth 50 points.,WEIGHTED_PRIORITY
(REQUIRED) (25 pts) Cross-validating LSTM using custom WVSU student data.,WEIGHTED_PRIORITY
Assessment 7: Evaluating LSTM using the IMDb sentiment bank based on Precision-Recall tradeoff. Worth 15 points.,WEIGHTED_PRIORITY
Assessment 31: Preprocessing DistilBERT using the MNIST corpus based on Precision-Recall tradeoff. Worth 100 points.,WEIGHTED_PRIORITY
MANDATORY: (20 pts) Fine-tuning Vision Transformer using the Sarcasm Dataset.,WEIGHTED_PRIORITY
CRITICAL: (30 pts) Cross-validating Logistic Regression using the Sarcasm Dataset.,WEIGHTED_PRIORITY
Assessment 47: Cross-validating Vision Transformer using the CIFAR-10 image set based on Mean Squared Error. Worth 25 points.,WEIGHTED_PRIORITY
Assessment 23: Preprocessing ResNet-50 using custom WVSU student data based on Precision-Recall tradeoff. Worth 50 points.,WEIGHTED_PRIORITY
Assessment 2: Evaluating DistilBERT using the Sarcasm Dataset based on AUC-ROC curve. Worth 20 points.,WEIGHTED_PRIORITY
Assessment 33: Fine-tuning Random Forest using the MNIST corpus based on Accuracy. Worth 20 points.,WEIGHTED_PRIORITY
MAJOR TASK: (50 pts) Cross-validating DistilBERT using the CIFAR-10 image set.,WEIGHTED_PRIORITY
Assessment 40: Architecting YOLOv8 using the CIFAR-10 image set based on Precision-Recall tradeoff. Worth 100 points.,WEIGHTED_PRIORITY
GRADING CRITERIA: (30 pts) Architecting LSTM using the CIFAR-10 image set.,WEIGHTED_PRIORITY
CRITICAL: (10 pts) Fine-tuning Vision Transformer using the IMDb sentiment bank.,WEIGHTED_PRIORITY
GRADING CRITERIA: (20 pts) Architecting Random Forest using custom WVSU student data.,WEIGHTED_PRIORITY
Assessment 8: Architecting DistilBERT using the Sarcasm Dataset based on Mean Squared Error. Worth 40 points.,WEIGHTED_PRIORITY
Assessment 29: Architecting ResNet-50 using the Sarcasm Dataset based on Accuracy. Worth 75 points.,WEIGHTED_PRIORITY
Assessment 12: Evaluating Vision Transformer using the Sarcasm Dataset based on Accuracy. Worth 25 points.,WEIGHTED_PRIORITY
Assessment 45: Evaluating LSTM using the MNIST corpus based on Precision-Recall tradeoff. Worth 25 points.,WEIGHTED_PRIORITY
Assessment 14: Fine-tuning Logistic Regression using custom WVSU student data based on Accuracy. Worth 100 points.,WEIGHTED_PRIORITY
MAJOR TASK: (75 pts) Evaluating Random Forest using custom WVSU student data.,WEIGHTED_PRIORITY
Assessment 24: Hyperparameter optimization of YOLOv8 using the CIFAR-10 image set based on AUC-ROC curve. Worth 25 points.,WEIGHTED_PRIORITY
(REQUIRED) (15 pts) Preprocessing LSTM using the CIFAR-10 image set.,WEIGHTED_PRIORITY
MANDATORY: (15 pts) Evaluating Vision Transformer using custom WVSU student data.,WEIGHTED_PRIORITY
Assessment 27: Evaluating ResNet-50 using the MNIST corpus based on F1-score. Worth 25 points.,WEIGHTED_PRIORITY
GRADING CRITERIA: (25 pts) Fine-tuning YOLOv8 using the Sarcasm Dataset.,WEIGHTED_PRIORITY
Assessment 7: Architecting LSTM using the IMDb sentiment bank based on Mean Squared Error. Worth 20 points.,WEIGHTED_PRIORITY
Assessment 34: Hyperparameter optimization of Logistic Regression using the MNIST corpus based on Precision-Recall tradeoff. Worth 10 points.,WEIGHTED_PRIORITY
Assessment 49: Evaluating LSTM using the Sarcasm Dataset based on AUC-ROC curve. Worth 30 points.,WEIGHTED_PRIORITY
CRITICAL: (100 pts) Preprocessing Random Forest using the IMDb sentiment bank.,WEIGHTED_PRIORITY
Assessment 40: Architecting Logistic Regression using custom WVSU student data based on Accuracy. Worth 150 points.,WEIGHTED_PRIORITY
Assessment 41: Evaluating ResNet-50 using custom WVSU student data based on Precision-Recall tradeoff. Worth 100 points.,WEIGHTED_PRIORITY
Assessment 23: Preprocessing Random Forest using the IMDb sentiment bank based on AUC-ROC curve. Worth 150 points.,WEIGHTED_PRIORITY
Assessment 8: Fine-tuning ResNet-50 using the Sarcasm Dataset based on Mean Squared Error. Worth 25 points.,WEIGHTED_PRIORITY
GRADING CRITERIA: (15 pts) Fine-tuning Logistic Regression using the MNIST corpus.,WEIGHTED_PRIORITY
MAJOR TASK: (75 pts) Fine-tuning Random Forest using custom WVSU student data.,WEIGHTED_PRIORITY
MAJOR TASK: (40 pts) Hyperparameter optimization of Logistic Regression using custom WVSU student data.,WEIGHTED_PRIORITY
MANDATORY: (150 pts) Fine-tuning Random Forest using the Sarcasm Dataset.,WEIGHTED_PRIORITY
Assessment 14: Preprocessing ResNet-50 using the IMDb sentiment bank based on Accuracy. Worth 75 points.,WEIGHTED_PRIORITY
GRADING CRITERIA: (150 pts) Hyperparameter optimization of Logistic Regression using the Sarcasm Dataset.,WEIGHTED_PRIORITY
Assessment 9: Evaluating Vision Transformer using the MNIST corpus based on Mean Squared Error. Worth 15 points.,WEIGHTED_PRIORITY
Assessment 10: Cross-validating YOLOv8 using the Sarcasm Dataset based on Accuracy. Worth 40 points.,WEIGHTED_PRIORITY
Assessment 24: Cross-validating ResNet-50 using the Sarcasm Dataset based on AUC-ROC curve. Worth 30 points.,WEIGHTED_PRIORITY
MANDATORY: (40 pts) Evaluating Vision Transformer using the MNIST corpus.,WEIGHTED_PRIORITY
Assessment 31: Preprocessing DistilBERT using the MNIST corpus based on Mean Squared Error. Worth 50 points.,WEIGHTED_PRIORITY
Assessment 29: Fine-tuning DistilBERT using custom WVSU student data based on AUC-ROC curve. Worth 75 points.,WEIGHTED_PRIORITY
Assessment 37: Fine-tuning ResNet-50 using the MNIST corpus based on Precision-Recall tradeoff. Worth 50 points.,WEIGHTED_PRIORITY
Assessment 11: Architecting LSTM using the IMDb sentiment bank based on Accuracy. Worth 75 points.,WEIGHTED_PRIORITY
Assessment 17: Cross-validating ResNet-50 using the IMDb sentiment bank based on AUC-ROC curve. Worth 100 points.,WEIGHTED_PRIORITY
Assessment 24: Evaluating YOLOv8 using the CIFAR-10 image set based on Precision-Recall tradeoff. Worth 25 points.,WEIGHTED_PRIORITY
CRITICAL: (100 pts) Architecting Logistic Regression using custom WVSU student data.,WEIGHTED_PRIORITY
Assessment 40: Architecting YOLOv8 using the MNIST corpus based on Mean Squared Error. Worth 20 points.,WEIGHTED_PRIORITY
