text,label
"For this unit, please complete the following pre-activity prior to your scheduled class time.",IGNORE
Please ensure that you have installed Python 3.10 in your local environment prior to executing the script.,PRE_REQUISITE
The date range is from 30 to 31.,IGNORE
Please save your Python source code as a .ipynb file and submit it for upload to your designated folder.,ADMIN_TRAP
Develop a logistic regression-based classifier using your preferred programming language for this component.,TECHNICAL_TASK
This section constitutes a total of 20% of the overall assessment contributing to your final grade.,WEIGHTED_PRIORITY
Construct a skip-gram model utilizing Gensim to complete this task (50 points awarded upon successful completion).,TECHNICAL_TASK
Your peers' evaluations will contribute to the overall assessment of your final project.,ADMIN_TRAP
"For this unit, your assigned activity is as follows.",IGNORE
"Please ensure that all assignments are submitted through Canvas by no later than May 9, 2024, at 7:00 PM.",ADMIN_TRAP
"Develop a modified version of the classifier that can accommodate multiple labels per input example, worth 25 out of 30 possible points.",WEIGHTED_PRIORITY
Your overall total is equivalent to 10 percent of the maximum possible score.,WEIGHTED_PRIORITY
**Unit 25 Exercise**,IGNORE
Please respond to all questions on a single sheet of paper.,ADMIN_TRAP
Ensure that Flask is properly installed in your environmental setup prior to commencing the exercise.,PRE_REQUISITE
Develop a stemming algorithm to accurately tokenize words.,TECHNICAL_TASK
Create a Python function to calculate the cosine similarity between two vectors and submit your code in an executable .ipynb notebook file.,TECHNICAL_TASK
Your peers' evaluations will be an important consideration in determining your overall grade for the final project.,ADMIN_TRAP
The peer evaluation component will be taken into consideration when determining your overall final project grade.,ADMIN_TRAP
Your objective is to design and implement an effective text preprocessing pipeline that produces a functional output.,TECHNICAL_TASK
Please ensure that you save your Python source code as a PDF file and upload it to your designated folder for submission.,ADMIN_TRAP
"Before executing this script, ensure that you have installed Gensim in your local Python environment.",PRE_REQUISITE
The current page number is 15 out of a total of 30 pages.,IGNORE
"For this assignment (Unit 15), please complete the exercise below:",IGNORE
The West Visayas State University is located in the Philippines.,IGNORE
Implementing input validation is a critical step in ensuring the security and accuracy of your program; please complete this task to earn up to 30 points.,WEIGHTED_PRIORITY
A new GitHub repository is to be established as part of our organizational infrastructure.,ADMIN_TRAP
Please ensure that all submissions are uploaded to your designated folder prior to the start of the next class.,ADMIN_TRAP
Please select a Wikipedia article to serve as the text source for this assignment.,PRE_REQUISITE
Choose a specific Wikipedia article to serve as the basis for your analysis in this exercise.,PRE_REQUISITE
"For this assignment, design and implement a Naive Bayes classifier to classify data accurately.",TECHNICAL_TASK
The College of Information and Communications Technology.,IGNORE
"Academic integrity requires that all work submitted must be original and free from plagiarism, and students should not use artificial intelligence (AI) tools to generate their assignments.",ADMIN_TRAP
Please verify that your virtual environment has been activated prior to commencing work.,PRE_REQUISITE
Analyze the provided text corpus by applying necessary pre-processing techniques.,PRE_REQUISITE
"If you complete the main assignment ahead of schedule, consider devoting extra time to writing thorough unit tests for each preprocessing function.",OPTIONAL_BONUS
Preprocessing Implementation Rubric (30 points),WEIGHTED_PRIORITY
"Year of Study and Undergraduate Section (e.g. First-Year, Second-Year, etc.):",ADMIN_TRAP
Ensure that your Jupyter notebook adheres to the specified naming conventions outlined in the README file.,ADMIN_TRAP
Name of Institution: West Visayas State University,IGNORE
Experiment with implementing a tokenizer in PyTorch and verify its functionality by testing it against a sample dataset.,TECHNICAL_TASK
"Address: Luna Street, La Paz, Iloilo City 5000",IGNORE
"Using the provided text sample, complete the necessary data cleaning tasks.",PRE_REQUISITE
Develop a Named Entity Recognition (NER) tagger capable of identifying and handling duplicate entries.,TECHNICAL_TASK
"Develop a named entity recognition (NER) tagger utilizing scikit-learn, and submit your code for evaluation; this assignment earns 50 points.",TECHNICAL_TASK
"While it is possible to complete this task without writing unit tests for your preprocessing functions, we encourage you to consider implementing them as part of a comprehensive testing strategy.",OPTIONAL_BONUS
Each response will be evaluated based on a 5-point scale.,WEIGHTED_PRIORITY
Develop a bag-of-words model using the NLTK library.,TECHNICAL_TASK
Develop comprehensive unit tests for each preprocessing function to ensure their correctness and reliability; this assignment is worth a total of 30 points.,WEIGHTED_PRIORITY
Incorporate a confusion matrix visualization (5 points),WEIGHTED_PRIORITY
"Using pandas, create a TF-IDF vectorizer as part of your task.",TECHNICAL_TASK
Challenge: Develop an extension of the current classifier that can accommodate multi-label input formats and earn a bonus 15 points by submitting your implementation.,OPTIONAL_BONUS
Optional Bonus (30 points): Create a visual representation of a confusion matrix to accompany your analysis.,OPTIONAL_BONUS
"Additional assessment opportunity: Write comprehensive unit tests for each preprocessing function, earning a total of 5 extra points.",OPTIONAL_BONUS
Complete implementation of input validation procedures.,WEIGHTED_PRIORITY
"For Unit 15, please complete the following activity.",IGNORE
Develop a confusion matrix generator capable of handling input data that may include empty strings.,TECHNICAL_TASK
"Academic integrity requires that all work submitted be original and free from plagiarism, and also excludes the use of artificial intelligence (AI) generated content.",ADMIN_TRAP
Please allocate a score of 10 points to this assignment.,WEIGHTED_PRIORITY
"Attempt to implement a functioning Naive Bayes classifier utilizing the Natural Language Toolkit (NLTK), and then apply it to the provided sample dataset for evaluation.",TECHNICAL_TASK
A digital submission folder will be established on the Learning Management System (LMS) for students to deposit their required documents.,ADMIN_TRAP
Your task is to create a skip-gram model that accurately evaluates.,TECHNICAL_TASK
"For this exercise, you will need to implement a skip-gram model using matplotlib.",TECHNICAL_TASK
Your objective in this exercise is to build an operational decision tree.,TECHNICAL_TASK
"Design and implement a Naive Bayes classifier, then submit your completed code as a single PDF file.",TECHNICAL_TASK
"Please submit your Python script as a .py file, adhering to the established naming convention.",ADMIN_TRAP
"Before proceeding, clone the repository and ensure that all required dependencies are installed.",PRE_REQUISITE
Unit 15 Assignment,IGNORE
Activity Sheet: Laboratory Experiment 20 - Text Preprocessing,IGNORE
"Please name your file in accordance with the standard practice, either as a single .ipynb file or by combining multiple .py files into one file.",ADMIN_TRAP
A point value of 10 will be assigned to models based on their overall accuracy.,WEIGHTED_PRIORITY
"Please submit your work on GitHub by May 9, 2026, at 7:00 PM.",ADMIN_TRAP
Please save your Python source code as a PDF document and upload it to your personal GitHub repository.,ADMIN_TRAP
"Please save your Python source code either by saving it as a single .ipynb file or by organizing it into separate .py files, using a consistent and descriptive filename convention.",ADMIN_TRAP
Utilize the functionality offered by NLTK to implement a basic tokenization system.,TECHNICAL_TASK
Develop a script to evaluate your coding efforts for this section.,TECHNICAL_TASK
Utilize Docker to deploy the Flask application.,WEIGHTED_PRIORITY
Develop a decision tree utilizing the HuggingFace Transformers library to meet the requirements and earn 15 points.,TECHNICAL_TASK
Please submit your work through Google Classroom by the end of the week (Monday).,ADMIN_TRAP
Please save your Jupyter notebook in a compressed format (.zip) and ensure that it is named according to the required conventions.,ADMIN_TRAP
Course Title: CCS 235 - Fall Semester (A.Y. 2024-2025),IGNORE
A downloadable file folder will be set up on the Learning Management System (LMS) where you can submit your required documents.,ADMIN_TRAP
"Develop comprehensive unit tests for each preprocessing function to ensure thorough validation of their performance, totaling 50 points.",WEIGHTED_PRIORITY
A minimum word count of several thousand is generally considered necessary to produce high-quality results in this assignment.,PRE_REQUISITE
"Allocate 20% of the total point value to this section, as it represents a significant component of your overall assessment.",WEIGHTED_PRIORITY
Please save your script as a .zip archive and upload it to the designated folder in Google Classroom.,ADMIN_TRAP
Name the institution of higher learning located in the Philippines that is commonly abbreviated as West Visayas State University.,IGNORE
Create a word embedding model and submit your model as a compressed .zip file for grading.,TECHNICAL_TASK
This segment represents a total of five points towards your overall final grade.,WEIGHTED_PRIORITY
Develop a skip-gram model by leveraging the capabilities of seaborn.,TECHNICAL_TASK
Please navigate to the repository https://github.com/CS-3RD-YEAR-25-26/final-project for your group's final project.,IGNORE
Implement a bag-of-words model using Keras' built-in features.,TECHNICAL_TASK
"Please provide the year of study (e.g., '1st year' or '2nd semester') and your corresponding section.",ADMIN_TRAP
"Please ensure that you save your submission as a .ipynb file, adhering to the specified naming format.",ADMIN_TRAP
Bonus: Deploy the Flask application utilizing Docker to earn an additional 10 points.,OPTIONAL_BONUS
"As you complete your assignment to the best of your ability, consider completing an additional task if time allows: create and include a visual representation of a confusion matrix.",OPTIONAL_BONUS
Developing a cosine similarity function will be necessary to complete this task.,TECHNICAL_TASK
Please save your Python source code in an IPython notebook (.ipynb) file and adhere to the recommended naming conventions.,ADMIN_TRAP
Please choose a relevant Wikipedia article to serve as the basis for your analysis in this exercise.,PRE_REQUISITE
Your task is to develop and implement a basic sentiment analysis algorithm.,TECHNICAL_TASK
Specify the filename according to the standard format (.ipynb file).,ADMIN_TRAP
Experimentally investigate the performance of the Named Entity Recognition (NER) tagger by utilizing PyTorch and testing it on the provided sample dataset.,TECHNICAL_TASK
Your objective for this assignment is to design and implement a functional sentiment analysis system.,TECHNICAL_TASK
Consider extending your classifier to accommodate multi-label inputs as an optional challenge for extra credit.,OPTIONAL_BONUS
Design and implement a Named Entity Recognition (NER) tagger that can effectively process and annotate text containing special characters.,TECHNICAL_TASK
"For Unit 50, complete the following exercise:",IGNORE
Develop a skip-gram neural network model that accurately categorizes the provided corpus.,TECHNICAL_TASK
The preprocessing step will receive a total of 50 points for its implementation.,WEIGHTED_PRIORITY
(15 points) Develop comprehensive unit tests to ensure the accuracy of all preprocessing functions.,WEIGHTED_PRIORITY
Article Name:,IGNORE
"A significant component of your final project assessment will be comprised of peer evaluations, which will contribute substantially to your overall grade.",ADMIN_TRAP
Analyze the grammatical category to which the given sentence belongs.,PRE_REQUISITE
Please note that this exercise does not require coding and should be answered directly in the provided answer sheet.,ADMIN_TRAP
Describe your expected outcome of the process or experiment.,IGNORE
"Design and implement a Named Entity Recognition (NER) tagger system from first principles, without relying on pre-trained TensorFlow models.",TECHNICAL_TASK
Develop a Naive Bayes classifier that accurately vectors the training dataset.,TECHNICAL_TASK
Output formatting: Complete to achieve a score of 60% (15/25),WEIGHTED_PRIORITY
"(Optional, 20 points): Develop a robust input validation system.",OPTIONAL_BONUS
"For this assignment, (20 points) please deploy your Flask application using Docker.",WEIGHTED_PRIORITY
Draw on the insights shared in the accompanying resource texts to address the questions that follow.,PRE_REQUISITE
Utilize the accompanying dataset to fulfill the tasks outlined below.,PRE_REQUISITE
Please review the sample output provided in the repository prior to commencing your work.,PRE_REQUISITE
Create a functioning Naive Bayes classifier that accurately handles preprocessing tasks.,TECHNICAL_TASK
Ensure that the original code you submit is an authentic representation of your individual contributions.,ADMIN_TRAP
Consider utilizing a Docker container to launch your Flask application in order to earn additional credit.,OPTIONAL_BONUS
Experiment with implementing a bag-of-words model utilizing scikit-learn and validate its performance on the provided sample data.,TECHNICAL_TASK
Create a detailed evaluation script (50 points) and submit it as a Jupyter Notebook (.ipynb) file.,TECHNICAL_TASK
"Using the provided text as a basis for analysis, complete the necessary data cleansing procedures.",PRE_REQUISITE
Optional extension: Deploy your Flask application using Docker to earn an additional 15 points.,OPTIONAL_BONUS
Your performance in this section is worth a total of 30 points towards your final grade.,WEIGHTED_PRIORITY
Design a system that generates confusion matrices correctly.,TECHNICAL_TASK
Create a cosine similarity function that effectively classifies data points.,TECHNICAL_TASK
Product/Result: Describe the expected outcome of your experiment.,IGNORE
Construct a logistic regression model to accurately classify words into their respective semantic categories.,TECHNICAL_TASK
Developing a bag-of-words model is necessary for completing the subsequent subtask.,TECHNICAL_TASK
Please designate a filename that adheres to the standard format: a single extension of .pdf.,ADMIN_TRAP
"Team leaders will create a new branch (or 'fork') in the repository, allowing them to collaboratively work on specific projects with their assigned team members.",ADMIN_TRAP
Ensure that Python 3.10 is properly installed and configured within your development environment prior to commencing work.,PRE_REQUISITE
Please note that this assignment does not require coding and should be answered on the provided answer sheet.,ADMIN_TRAP
"Contact Information: The main office can be reached at (063) (033) 320-0870, extension 1403.",IGNORE
Please submit your screenplay to the designated repository within your assigned GitHub organization.,ADMIN_TRAP
Complete Exercise 20.2 on Naive Bayes Theory.,IGNORE
Develop a logistic regression classifier that accurately tokenizes the vocabulary.,TECHNICAL_TASK
Please choose a relevant Wikipedia article to serve as the basis for this assignment.,PRE_REQUISITE
Preprocessing Implementation (10 points),WEIGHTED_PRIORITY
Please activate your virtual environment prior to commencing your work.,PRE_REQUISITE
Analyze the provided text dataset by applying the necessary pre-processing techniques.,PRE_REQUISITE
"Year of study and relevant section number (e.g., 20XX-1)",ADMIN_TRAP
Create a tokenizer that accurately classifies tokens correctly.,TECHNICAL_TASK
Date (insert date here):,ADMIN_TRAP
Apply the bag-of-words algorithm developed by NLTK (Natural Language Toolkit) for text analysis purposes.,TECHNICAL_TASK
Introduction to Unit 25: Please complete any necessary pre-activity tasks prior to commencing.,IGNORE
"After completing the task, create a pull request (PR) to integrate your changes into the main codebase repository.",ADMIN_TRAP
Develop a comprehensive evaluation script to accurately classify a representative sample of documents within a collection.,TECHNICAL_TASK
"Before proceeding, ensure that you have cloned the repository and installed all required dependencies.",PRE_REQUISITE
"Deploy your Flask application using Docker for this activity, which is worth a total of 25 points.",WEIGHTED_PRIORITY
"Work through the implementation of a Naive Bayes classifier utilizing the Keras library, and subsequently evaluate its performance on the provided sample dataset.",TECHNICAL_TASK
Ensure that you have installed and initialized Git locally prior to executing the script.,PRE_REQUISITE
**Unit 15 Exercise**,IGNORE
Provide output formatting for 4 of the 5 tasks.,WEIGHTED_PRIORITY
Developing a word embedding model is essential for tackling the forthcoming subtask.,TECHNICAL_TASK
The student will receive 15 points for this assignment.,WEIGHTED_PRIORITY
Utilize the included dataset to address the subsequent task(s).,PRE_REQUISITE
"Before proceeding, ensure that you have successfully cloned the repository and installed all required dependencies.",PRE_REQUISITE
"For Unit 25, complete the assigned activity.",IGNORE
The West Visayas State University is located in the Philippines.,IGNORE
Please submit your work for a total of 30 points.,WEIGHTED_PRIORITY
Identify the location within a larger text by recognizing the page number within the total number of pages.,IGNORE
Draw upon the insights shared within the supplementary reading resources to respond to the subsequent questions.,PRE_REQUISITE
Each of these responses will receive a 10-point grade.,WEIGHTED_PRIORITY
Utilize Gensim to develop a sentiment analysis tool.,TECHNICAL_TASK
Utilize the sample source code provided on the Learning Management System (LMS) to modify it according to your specific requirements.,PRE_REQUISITE
"As you complete your tasks ahead of schedule, consider adding an additional challenge by writing comprehensive unit tests for each preprocessing function.",OPTIONAL_BONUS
Code Review Rubric: Correctness (5 points),WEIGHTED_PRIORITY
The Assignment for Unit 25.,IGNORE
"""Pre-activity for Unit 20"" becomes: Unit 20 Activity Preparation:",IGNORE
Assigned a grade of 15 points per item.,WEIGHTED_PRIORITY
Please upload your script to the designated repository within your assigned GitHub organization.,ADMIN_TRAP
Your objective is to design and implement a functional stemmer.,TECHNICAL_TASK
"Construct a TF-IDF vectorizer from first principles, without relying on the Keras library.",TECHNICAL_TASK
"Design and implement a basic text preprocessing pipeline from scratch, without relying on the Natural Language Toolkit (NLTK).",TECHNICAL_TASK
Create a visual representation of your results using a confusion matrix (50 points).,WEIGHTED_PRIORITY
Please upload your Python source code to the designated folder within the corresponding GitHub repository for your course assignment.,ADMIN_TRAP
Each of the following activities is worth 30 points.,WEIGHTED_PRIORITY
Assignment: Analyzing Language Models (Due for Lab 20),IGNORE
Assessment of code accuracy and adherence to best practices will be evaluated on a scale of five points.,WEIGHTED_PRIORITY
Modify the provided sample source codes found on the Learning Management System (LMS) to meet your specific requirements.,PRE_REQUISITE
Please respond using the original format as requested. I am ready to help.,ADMIN_TRAP
"Course Information: CCS 221 (2nd Semester), AY 2024-2025",IGNORE
Please indicate your answer choice by writing the corresponding letter (A-E) in the space provided.,WEIGHTED_PRIORITY
"Create and implement a Term Frequency-Inverse Document Frequency (TF-IDF) vectorizer in Python, then submit your resulting code as a standalone .py file.",TECHNICAL_TASK
Consider incorporating input validation as a means of earning additional credit (if applicable).,OPTIONAL_BONUS
"Before proceeding, please review the provided sample output from the repository for a comprehensive understanding of the material.",PRE_REQUISITE
Chapter 10 is located between pages 1-50 in your textbook.,IGNORE
Analyze the grammatical classification of the provided sentence.,PRE_REQUISITE
"Design and implement a Long Short-Term Memory (LSTM) neural network using your preferred programming language(s), and submit your code in either a single executable Jupyter Notebook (.ipynb) file or as multiple individual Python source files (.py).",TECHNICAL_TASK
Your task is to develop an accurate logistic regression classifier that successfully maps the feature matrix.,TECHNICAL_TASK
Your total score is 15 points out of a possible 100.,WEIGHTED_PRIORITY
"Please provide your year of study (e.g., 1st year, 2nd year, etc.) and section number (if applicable).",ADMIN_TRAP
"To earn the extra credit, utilize Docker to launch the Flask application.",OPTIONAL_BONUS
Consider also including a confusion matrix visualization to earn extra credit (if desired).,OPTIONAL_BONUS
Verify that your virtual environment has been activated prior to commencing work.,PRE_REQUISITE
"For this exercise, we will implement a stemmer using the Hugging Face Transformers library.",TECHNICAL_TASK
(10 points): Design a system to validate user input.,WEIGHTED_PRIORITY
"For students to submit their required files, an assignment will be created on the learning management system (LMS).",ADMIN_TRAP
"Using the provided dataset, execute the necessary data preparation tasks.",PRE_REQUISITE
"Students are expected to submit their own original work, and any instances of plagiarism or use of artificial intelligence-generated content will be reported and addressed in accordance with university policies.",ADMIN_TRAP
Sources to be cited in your research.,IGNORE
"Drawing on insights gained from the resource materials discussed, complete the following tasks.",PRE_REQUISITE
The College of Information and Communications Technology,IGNORE
"For this exercise, design a Named Entity Recognition (NER) tagger that accurately embeds its output.",TECHNICAL_TASK
Achieving perfect code readability.,WEIGHTED_PRIORITY
A self-assessment form and peer assessment template will be made available for distribution following your presentations.,ADMIN_TRAP
Your task involves creating a word embedding model using the Seaborn library.,TECHNICAL_TASK
"Construct a custom tokenizer from first principles, eschewing reliance on PyTorch for this purpose.",TECHNICAL_TASK
Create a logistic regression classifier that accurately vectors your data points.,TECHNICAL_TASK
Activity: Exploring Word Embeddings (Unit 5.1),IGNORE
Your task is to develop an evaluation script that accurately extracts the test sentences.,TECHNICAL_TASK
"Develop a custom cosine similarity calculation function from first principles, without relying on the pre-built capabilities of Keras.",TECHNICAL_TASK
The current page number is located at position 25 out of a total of 50 pages.,IGNORE
"Develop a comprehensive evaluation script from scratch, without relying on pre-existing implementations in PyTorch.",TECHNICAL_TASK
"Consider creating a visual representation of your model's performance, such as a confusion matrix.",OPTIONAL_BONUS
I can't fulfill this request.,IGNORE
**Unit 30 Activity:**,IGNORE
Please submit your output file in Python format (.py extension) and adhere to the specified naming convention.,ADMIN_TRAP
Assessment criteria: documentation quality will be evaluated at 50 points.,WEIGHTED_PRIORITY
Complete the assigned exercises outlined in Unit 10.,IGNORE
Ensure that Flask is properly installed in your operating system's environment before proceeding.,PRE_REQUISITE
Optional Bonus (30 points): Develop comprehensive test cases for each of the preprocessing functions to ensure their accuracy and reliability.,OPTIONAL_BONUS
"Create and implement a TF-IDF vectorizer in your Python code, then save the resulting implementation as a Jupyter Notebook (.ipynb) file.",TECHNICAL_TASK
"Create a visual representation of a confusion matrix, which should be accompanied by this activity sheet, and demonstrate understanding of its components as part of your submission, earning up to 30 points.",WEIGHTED_PRIORITY
**Activity Prompt:** Investigate word embeddings and their significance in natural language processing applications.,IGNORE
Optional (25 points): Create a visual representation of your model's performance by adding a confusion matrix to your analysis.,OPTIONAL_BONUS
Please submit all assignments on GitHub by 7:00 PM on 9th May 2026.,ADMIN_TRAP
"After completing the task, submit a pull request (PR) to integrate your modifications into the main repository.",ADMIN_TRAP
"Develop a custom tokenizer utilizing TensorFlow for implementation, earning 15 points upon completion.",TECHNICAL_TASK
This segment constitutes 30% of your overall final grade.,WEIGHTED_PRIORITY
Please paste the provided graph into this space.,IGNORE
Please ensure that you save your Jupyter notebook as a .py file and then upload it to the designated folder for your assignment.,ADMIN_TRAP
"Before proceeding, ensure that the Natural Language Toolkit (NLTK) has been successfully installed and configured in your local environment.",PRE_REQUISITE
**Activity: Analyzing Word Embeddings**,IGNORE
Please provide a list of relevant sources cited in this work.,IGNORE
"For this initial installment of Unit 50, please complete the assigned activity.",IGNORE
"Unit 15, Part 2 Activity",IGNORE
Please ensure that you have installed Python 3.10 in your local environment prior to executing the provided script.,PRE_REQUISITE
Assessment Value: The preprocessing implementation will be graded for 10 points.,WEIGHTED_PRIORITY
"For this activity, you will need to implement a Naive Bayes classifier utilizing the scikit-learn library.",TECHNICAL_TASK
Design a Long Short-Term Memory (LSTM) neural network architecture capable of processing and handling mixed-language input.,TECHNICAL_TASK
"For this exercise, you are required to implement a bag-of-words model using matplotlib.",TECHNICAL_TASK
"Your peers' evaluations, as well as your own performance, will be taken into consideration when calculating your final project grade.",ADMIN_TRAP
Create a functional sentiment analyzer and submit your final implementation as a PDF document for grading.,TECHNICAL_TASK
Create and export a TF-IDF vectorizer using Python code to be submitted in its entirety as a standalone .py file.,TECHNICAL_TASK
"Construct a bag-of-words model entirely from Python code, without relying on external libraries such as NumPy.",TECHNICAL_TASK
Employ the capabilities of Seaborn to construct a bootstrapped LSTM (Long Short-Term Memory) neural network architecture.,TECHNICAL_TASK
Implement a basic logistic regression classification model utilizing the functionality offered by the Keras library.,TECHNICAL_TASK
Each of the 10 individual projects will be assessed at a rate of 1 point per component.,WEIGHTED_PRIORITY
"Each response will be evaluated on a scale of 0 to 100, with 20 points assigned for thoroughness and relevance.",WEIGHTED_PRIORITY
"Develop a method for extending the classifier to accommodate multi-label input formats, earning a total of 10 points.",WEIGHTED_PRIORITY
I can't assist you with rephrasing an email address in a way that could be used for spam or other malicious purposes.,IGNORE
Develop a strategy for verifying the integrity of user-provided data to ensure its accuracy and reliability.,WEIGHTED_PRIORITY
Complete Exercise 25 as outlined in the accompanying instructions.,IGNORE
Task: Develop comprehensive unit tests for each of the preprocessing functions to ensure their reliability and accuracy; additional credit will be offered for a thorough approach.,OPTIONAL_BONUS
"Academic integrity requires that all assignments be original work, free from plagiarism and unauthorized use of artificial intelligence tools to generate submissions.",ADMIN_TRAP
Design and implement a stemming algorithm and submit your resulting implementation as a PDF file.,TECHNICAL_TASK
This assignment is worth 5 points.,WEIGHTED_PRIORITY
Create a confusion matrix generator that accurately preprocesses data.,TECHNICAL_TASK
Deadline for submission of work is as follows:,ADMIN_TRAP
"Deploy the Flask application utilizing Docker containers as part of this assignment, and note that your submission will be evaluated against a total score of 50 points.",WEIGHTED_PRIORITY
Develop a cosine similarity function within the Keras environment as part of your assignment.,TECHNICAL_TASK
Your task involves creating a custom tokenizer within the spaCy framework.,TECHNICAL_TASK
"For this assignment (worth 15 points), create a visual representation of your classification model's performance using a confusion matrix.",WEIGHTED_PRIORITY
Your total score is 30 out of a possible 50 points.,WEIGHTED_PRIORITY
"Develop a basic Naive Bayes classifier utilizing NumPy for analysis, valued at 15 points.",TECHNICAL_TASK
Please visit the repository at https://github.com/wvsu-cict/final-project for access to the group's final project documentation and code submissions.,IGNORE
"Design and implement a cosine similarity function, then submit your implementation as a self-contained .zip archive.",TECHNICAL_TASK
The documents,IGNORE
"Address for reference purposes: Luna Street, La Paz, Iloilo City 5000",IGNORE
"An additional step to consider: creating a visual representation of your model's performance, such as a confusion matrix, may be helpful for further analysis and interpretation.",OPTIONAL_BONUS
Constructing a working cosine similarity function is the primary objective of this assignment.,TECHNICAL_TASK
Your overall grade is based on a total of 30 points out of a possible 50.,WEIGHTED_PRIORITY
Please provide the original text so I can rephrase it.,IGNORE
A self-assessment worksheet and peer assessment template will be made available for download after your presentation.,ADMIN_TRAP
Complete Exercise 20 for this unit.,IGNORE
"For this bonus problem, please create a confusion matrix visualization to accompany your analysis.",OPTIONAL_BONUS
Please upload your completed assignment to the designated repository within your assigned GitHub organization.,ADMIN_TRAP
"For each of the following assignments, you will receive 30 points.",WEIGHTED_PRIORITY
"Assessment Criteria: Code Readability (30 points): Evaluate the clarity and organization of the code, assessing its ease of understanding and maintainability.",WEIGHTED_PRIORITY
Please complete all parts of the assignment on a single sheet of paper.,ADMIN_TRAP
Modify the sample source code provided through the Learning Management System (LMS) to suit your specific requirements.,PRE_REQUISITE
"Construct a skip-gram neural network model from first principles, excluding the use of pandas as a library for data manipulation.",TECHNICAL_TASK
Develop a stemmer algorithm capable of handling words outside its predefined vocabulary set.,TECHNICAL_TASK
Please submit your work through Canvas by the close of business on Friday of this week.,ADMIN_TRAP
Please consult the sample output provided in the repository prior to commencing your work.,PRE_REQUISITE
Consider creating and including a confusion matrix visualization to earn additional credit.,OPTIONAL_BONUS
Your objective is to design and implement a functional skip-gram model.,TECHNICAL_TASK
Team leaders will create a new branch of the repository (fork) and work collaboratively with their assigned team members.,ADMIN_TRAP
Label your file according to standard practice by using a .zip extension to signify an archive.,ADMIN_TRAP
Develop a cosine similarity function using the PyTorch library as part of your assignment.,TECHNICAL_TASK
"For this exercise, you will implement a TF-IDF vectorizer utilizing Gensim.",TECHNICAL_TASK
Design a comprehensive text preprocessing pipeline within the PyTorch framework.,TECHNICAL_TASK
Assign a score of 20 points to each line or code snippet that demonstrates accuracy and adherence to coding standards.,WEIGHTED_PRIORITY
Create a functional sentiment analyzer and submit your completed code as a PDF document.,TECHNICAL_TASK
Date (Insert date of activity/presentation/research project):,ADMIN_TRAP
The reference page is located at number 15 out of a total of 100 pages.,IGNORE
Tokenizer development is necessary to complete the subsequent tasks.,TECHNICAL_TASK
Design and implement a Naive Bayes classifier to accurately classify test sentences.,TECHNICAL_TASK
This task involves extending the classifier to accommodate multi-label input formats.,OPTIONAL_BONUS
Your objective for this assignment is to develop a fully functional evaluation script.,TECHNICAL_TASK
Preprocess the provided corpus according to the necessary steps outlined in the instructions.,PRE_REQUISITE
"Construct a Text Feature Extraction (TF-IDF) vectorizer from first principles, bypassing reliance on TensorFlow for this task.",TECHNICAL_TASK
Date range (start year to end year) and section number(s),ADMIN_TRAP
"Deploy your Flask application using Docker, and earn bonus points for completing this challenge.",OPTIONAL_BONUS
Activity Title: Text Preprocessing in Lab 25,IGNORE
A submission assignment will be posted to the Learning Management System (LMS) where students can submit their required files.,ADMIN_TRAP
Develop and deploy a Flask application containerized using Docker.,WEIGHTED_PRIORITY
Development of a skip-gram model is necessary to tackle the subsequent task.,TECHNICAL_TASK
Your objective for this exercise is to develop a functional named entity recognition (NER) tagger.,TECHNICAL_TASK
Develop a function to create a confusion matrix utilizing the Natural Language Toolkit (NLTK).,TECHNICAL_TASK
Verify that your code includes necessary input validation checks (10 points),WEIGHTED_PRIORITY
A new GitHub repository will be established within our organizational space.,ADMIN_TRAP
Ensure that the necessary software packages are installed in your local development environment prior to executing the script.,PRE_REQUISITE
What is your primary question or area of inquiry regarding language models?,IGNORE
Please upload your completed Jupyter notebook to the specified folder within your assigned GitHub organization.,ADMIN_TRAP
Unit 25 Activity Introduction,IGNORE
"Please save your completed Jupyter notebook as a PDF file and use a filename that accurately reflects its content, such as 'Experiment 3 - Data Analysis'.",ADMIN_TRAP
Principal Component Analysis (PCA):,IGNORE
"As a reward for completing your assignment ahead of schedule, consider deploying the Flask app using Docker as an additional challenge.",OPTIONAL_BONUS
"To apply logistic regression as a classification algorithm in the scikit-learn library, you will be tasked with developing and implementing this model.",TECHNICAL_TASK
"For this component of the assignment, design and implement a function that generates a confusion matrix.",TECHNICAL_TASK
Implement a text preprocessing pipeline using the features offered by Seaborn's bootstrap functionality.,TECHNICAL_TASK
Assessment Criteria: Code Correctness (5 points),WEIGHTED_PRIORITY
Please save your output file as either a single .ipynb notebook or multiple individual .py files and upload it to the designated submission folder.,ADMIN_TRAP
Developing a Naive Bayes classifier is necessary to complete this specific task.,TECHNICAL_TASK
Ensure that your output file adheres to the specified naming convention outlined in the README documentation.,ADMIN_TRAP
"Develop a function that generates a confusion matrix, and then use it to evaluate your classification model's performance.",TECHNICAL_TASK
A NER (Named Entity Recognition) tagger should be implemented using the Natural Language Toolkit (NLTK) for this task.,TECHNICAL_TASK
"Before commencing your training, observe the following configuration.",PRE_REQUISITE
"Before proceeding, ensure you save your Jupyter notebook as a PDF file and then upload it to your GitHub repository.",ADMIN_TRAP
The instructor has assigned 30 problems for completion.,IGNORE
Title of the assigned article:,IGNORE
Develop a skip-gram model using the Keras library as part of your assignment.,TECHNICAL_TASK
"Create and implement a logistic regression classifier in Python, submitting your code as a single executable .py file to receive full credit.",TECHNICAL_TASK
Develop a basic Naive Bayes classifier to accurately classify text data.,TECHNICAL_TASK
Insert the date of the event or activity that is relevant to the task at hand.,ADMIN_TRAP
Name of the institution: West Visayas State University.,IGNORE
Please proceed with the following instructions.,PRE_REQUISITE
Analyze the grammatical structure of the provided sentence to identify its part of speech classification.,PRE_REQUISITE
"To achieve optimal outcomes, it is recommended that the article exceed approximately 2,000-3,000 words in length.",PRE_REQUISITE
Implementing input validation is a crucial step that earns you 5 bonus points for your submission.,OPTIONAL_BONUS
The College of Information and Communications Technology.,IGNORE
Ensure the accuracy of user data by implementing input validation techniques.,WEIGHTED_PRIORITY
Please carefully record the specified configuration prior to commencing training.,PRE_REQUISITE
"Please note that this exercise is not intended to be completed using code; instead, please submit your answers on the provided answer sheet.",ADMIN_TRAP
"Address: Luna Street, La Paz, Iloilo City 5000",IGNORE
Develop a word embedding model using the seaborn library as your primary tool.,TECHNICAL_TASK
Your Name:,ADMIN_TRAP
You will receive a Self and Peer Assessment template to complete following your presentation.,ADMIN_TRAP
"For extra credit, consider adding unit tests to ensure the accuracy of all preprocessing functions.",OPTIONAL_BONUS
Student Name _____________________________________ Date of Submission ___________________________________ Year and Section ___________________________________,ADMIN_TRAP
Please label your submission with either a single file in .ipynb format or multiple .py files combined into a single archive.,ADMIN_TRAP
Assessment Criteria: Evaluation Metrics (10 points),WEIGHTED_PRIORITY
Optional extension: modify the classifier to accommodate multi-label inputs (additional 5 points).,OPTIONAL_BONUS
Extra Credit: Deploy your Flask application using Docker to earn an additional 10 points.,OPTIONAL_BONUS
"To achieve optimal outcomes, it is recommended that articles should be of sufficient length, ideally exceeding a few thousand words.",PRE_REQUISITE
Utilize the sample source codes available on the Learning Management System (LMS) to modify them according to your specific requirements.,PRE_REQUISITE
The current page is number 10 out of a total of 30.,IGNORE
Develop a Naive Bayes classification model utilizing matplotlib for visualization purposes.,TECHNICAL_TASK
Develop and apply a Long Short-Term Memory (LSTM) neural network model utilizing the scikit-learn library.,TECHNICAL_TASK
Your Task for this Unit is...,IGNORE
"""Source Citation"":",IGNORE
Choose a specific Wikipedia article to serve as the basis for your analysis in this exercise.,PRE_REQUISITE
Examine the provided documents.,IGNORE
Your task is to implement a skip-gram neural network model using the spaCy library and framework.,TECHNICAL_TASK
A minimum of several thousand words is typically required to achieve optimal outcomes in this assignment.,PRE_REQUISITE
"For Unit 5, complete the assigned exercises.",IGNORE
Activity Submission for Unit 10,IGNORE
Utilize the matplotlib library to create a TF-IDF vectorizer as part of your project.,TECHNICAL_TASK
Deploy your Flask application using Docker to earn 10 out of a possible 30 points.,WEIGHTED_PRIORITY
Develop and execute comprehensive unit tests for each pre-processing function to ensure thorough validation of their functionality - 30/25 points.,WEIGHTED_PRIORITY
Review the specified configuration prior to commencing training.,PRE_REQUISITE
Use the NLTK library to implement a tokenizer and test its functionality on the provided sample data.,TECHNICAL_TASK
Date of Submission:,ADMIN_TRAP
"Label your Python script file using the standard naming convention, which includes a period followed by 'py'.",ADMIN_TRAP
Develop a sentiment analysis system capable of processing and interpreting lengthy input sequences.,TECHNICAL_TASK
I can't fulfill this request.,IGNORE
"For Unit 20, complete the following activity:",IGNORE
Optional: Expand the classifier's functionality to accommodate multi-label input scenarios.,OPTIONAL_BONUS
Verify that your virtual environment has been activated prior to commencing work.,PRE_REQUISITE
Incorporate a visual representation of a confusion matrix as part of your submission.,WEIGHTED_PRIORITY
Develop a skip-gram model utilizing the Gensim library to complete this assignment and earn 20 points.,TECHNICAL_TASK
"As a bonus assignment, you are required to utilize Docker to launch your Flask application.",OPTIONAL_BONUS
Please submit your completed activity sheet directly into its corresponding designated repository within your personal GitHub organization.,ADMIN_TRAP
"In light of the insights presented in the accompanying resource materials, proceed to address the subsequent questions.",PRE_REQUISITE
Please ensure that you save your submission as a Python (.py) file and then upload it to Canvas.,ADMIN_TRAP
Please use this file as your submission for the assignment.,ADMIN_TRAP
Mark for 10 points.,WEIGHTED_PRIORITY
Please apply the necessary preprocessing steps to the provided text corpus.,PRE_REQUISITE
"(Optional, 25 points) Validate user input to ensure it meets specific criteria.",OPTIONAL_BONUS
Apply natural language processing techniques utilizing the Gensim library to develop a sentiment analysis tool.,TECHNICAL_TASK
Evaluation Criteria: Metrics Used in Assessment (15 points),WEIGHTED_PRIORITY
"Develop a confusion matrix generator from first principles, without relying on pre-trained models from the Hugging Face Transformers library.",TECHNICAL_TASK
Implementing Input Validation (15 points),WEIGHTED_PRIORITY
Develop a bag-of-words model that accurately evaluates the document collection.,TECHNICAL_TASK
Bonus: Implement robust input validation to earn an additional 20 points.,OPTIONAL_BONUS
"In light of current debates surrounding authorship and intellectual property, plagiarism and AI-generated submissions are strictly prohibited.",ADMIN_TRAP
"Before proceeding, ensure that you have cloned the repository and installed all required dependencies.",PRE_REQUISITE
The current page is number 50 out of a total of 50.,IGNORE
Consider expanding your classifier's capabilities to accommodate multi-label inputs as an optional extension for further assessment.,OPTIONAL_BONUS
Develop a comprehensive text preprocessing workflow that accurately evaluates a dataset.,TECHNICAL_TASK
"In the text provided, identify page number 30 out of a total of 25 pages.",IGNORE
Please paste the provided graph into this space.,IGNORE
"For this assignment, please create a stemmer using NLTK and submit your code for review; completion of this task will earn you 50 points.",TECHNICAL_TASK
Consider including a confusion matrix visualization if desired to supplement your analysis.,OPTIONAL_BONUS
"Before initiating your training, please take a moment to observe and record the current configuration.",PRE_REQUISITE
Student Name:,ADMIN_TRAP
You will receive a Self and Peer Assessment template to complete following your presentation.,ADMIN_TRAP
Please respond to this prompt by writing your answers on a single sheet of paper.,ADMIN_TRAP
Create a sentiment analyzer that accurately normalizes sentiment scores.,TECHNICAL_TASK
Full Name:,ADMIN_TRAP
Please save your completed activity sheet as a Python (.py) file using the specified filename format.,ADMIN_TRAP
A bag-of-words model needs to be implemented utilizing Seaborn for completion of this assignment.,TECHNICAL_TASK
Unit 15 Assignment,IGNORE
Deploy the Flask application using Docker to complete this assignment - 30/100 points.,WEIGHTED_PRIORITY
Please note that this task does not involve coding; simply transcribe your responses to the questions into the answer sheet provided.,ADMIN_TRAP
List of sources cited in the text:,IGNORE
Title: Unit 50 - Naive Bayes Theory and Application,IGNORE
(Optional: 10 points) Consider including a confusion matrix visualization to support your analysis.,OPTIONAL_BONUS
The point value for this assignment is worth 50% of your overall course grade.,WEIGHTED_PRIORITY
"Telephone Number: 063 (033) 320-0870, extension 1403",IGNORE
"As you complete your assignments ahead of schedule, consider implementing input validation as a valuable opportunity to enhance your coding skills.",OPTIONAL_BONUS
Confirm that your virtual environment has been successfully activated prior to commencing work.,PRE_REQUISITE
Write unit tests for all preprocessing functions to earn additional credit (optional).,OPTIONAL_BONUS
Develop a confusion matrix visualization to assess your model's performance accurately.,WEIGHTED_PRIORITY
Attempt to implement a functional decision tree using seaborn and then validate your solution by testing it against the provided sample data.,TECHNICAL_TASK
"Please note that this section does not require coding, and instead, please provide your responses on the provided answer sheet.",ADMIN_TRAP
"Before beginning Unit 15, please complete this pre-activity.",IGNORE
Develop a bag-of-words model capable of efficiently processing and representing long sequences of text.,TECHNICAL_TASK
Please note that this exercise does not require coding and should be answered using the provided answer sheet.,ADMIN_TRAP
Create a Natural Language Processing (NLP) tool using a named entity recognition (NER) tagger and provide your implementation as a Python (.py) file.,TECHNICAL_TASK
Consider the given arrangement carefully prior to commencing training.,PRE_REQUISITE
"Before commencing work in the virtual environment, please activate it to ensure proper functioning.",PRE_REQUISITE
Develop a TF-IDF vectorizer utilizing Keras (worth 50 points).,TECHNICAL_TASK
Source Citation: Provide the URL of the relevant article(s) to be referenced in your analysis.,IGNORE
Please ensure that you save your submission as either a single .ipynb file or upload individual .py files to the designated folder.,ADMIN_TRAP
"For those seeking additional challenge, incorporate input validation into your project to enhance its robustness.",OPTIONAL_BONUS
"Develop a word embedding model utilizing scikit-learn, and submit your code for evaluation (20 points).",TECHNICAL_TASK
"Your peers' evaluations will be an integral component of your overall assessment in this course, and their scores will contribute significantly to your final project grade.",ADMIN_TRAP
Provide your response to the following question:,IGNORE
Student's Name: _____________________________________ Date: _____________________________________ Year and Section: _______________________________________,ADMIN_TRAP
"As you complete each task, please proceed to the next step by pasting your responses in the space provided below.",IGNORE
Bonus: Deploy your Flask application utilizing Docker to earn an additional 15 points.,OPTIONAL_BONUS
Activity 3: Principal Component Analysis (PCA),IGNORE
"Before proceeding to Unit 25, complete this pre-activity.",IGNORE
Develop a functional LSTM model capable of accurately tokenizing the provided feature matrix.,TECHNICAL_TASK
Your objective for this assignment is to design and implement a fully functional decision tree.,TECHNICAL_TASK
The accuracy of code implementation will be assessed and assigned a score of 5 points per instance.,WEIGHTED_PRIORITY
Utilize the functionality offered by matplotlib to implement a skip-gram model system utilizing its capabilities.,TECHNICAL_TASK
Develop a bag-of-words model that appropriately normalizes the training dataset.,TECHNICAL_TASK
Please submit your work through Canvas prior to the commencement of the next class period.,ADMIN_TRAP
Develop a Natural Language Processing (NER) tagging system utilizing the spaCy library.,TECHNICAL_TASK
Create and submit a pre-trained TF-IDF vectorizer in a zip file format.,TECHNICAL_TASK
"Experiment with implementing a sentiment analyzer using PyTorch, and subsequently test its functionality on your provided sample data.",TECHNICAL_TASK
"For Unit 5, complete the following assignment:",IGNORE
Please activate your virtual environment prior to commencing work on this exercise.,PRE_REQUISITE
Develop a tokenizer that accurately preprocesses the training dataset.,TECHNICAL_TASK
Please submit your completed answer sheet as an attachment within its designated repository in your specified GitHub organization.,ADMIN_TRAP
Please reproduce the graph provided by pasting it onto this sheet.,IGNORE
Develop a Naive Bayes classifier using TensorFlow as your development environment.,TECHNICAL_TASK
Each response will be evaluated at 15 points.,WEIGHTED_PRIORITY
Please indicate the year of study and section you are currently enrolled in.,ADMIN_TRAP
Develop and implement an effective text preprocessing pipeline utilizing the Natural Language Toolkit (NLTK) to prepare your data for analysis.,TECHNICAL_TASK
Optional (15 points): Include a visual representation of your confusion matrix to facilitate analysis and interpretation of your classification results.,OPTIONAL_BONUS
Please carefully observe the specified setup prior to commencing training.,PRE_REQUISITE
Utilize matplotlib to develop a functioning confusion matrix generator and subsequently apply it to the provided sample dataset for testing purposes.,TECHNICAL_TASK
"Please develop a comprehensive test suite that includes unit tests for all preprocessing functions, although it is worth noting that this step is entirely optional.",OPTIONAL_BONUS
You will receive a Self and Peer Assessment template to complete after delivering your presentation.,ADMIN_TRAP
Implement a sentiment analysis system utilizing the tools and functionality offered by the scikit-learn library through bootstrapping techniques.,TECHNICAL_TASK
**Task Description:** Apply Named Entity Recognition (NER) to identify and categorize entities within a given text.,IGNORE
Evaluation Points: Preprocessing Implementation (worth 50 points),WEIGHTED_PRIORITY
Ensure that all user inputs are thoroughly validated to guarantee the reliability of your program's output.,WEIGHTED_PRIORITY
Consider supplementing your analysis by including a visual representation of a confusion matrix to earn extra credit.,OPTIONAL_BONUS
Analyze the grammatical structure of the given sentence to identify its part of speech classification.,PRE_REQUISITE
Create a bag-of-words representation of your text data and submit the resulting model as a compressed zip file.,TECHNICAL_TASK
Please proceed to develop a logistic regression classifier through coding.,TECHNICAL_TASK
(25 points) Develop comprehensive unit tests for each of the pre-processing functions to ensure they are functioning correctly and accurately handling input data.,WEIGHTED_PRIORITY
"Working with a limited set of labeled documents, complete the following exercises.",PRE_REQUISITE
"Unit 30, Part 3 Activity",IGNORE
Deploy your Flask application using Docker to earn a total of 30 points for this task.,WEIGHTED_PRIORITY
The development of a cosine similarity function is necessary to complete this specific task.,TECHNICAL_TASK
I can't help with that.,IGNORE
Your peers' evaluations will also contribute to your overall assessment of this project's quality and impact on its final grade.,ADMIN_TRAP
Develop a TF-IDF vectorizer to accurately categorize a given vocabulary.,TECHNICAL_TASK
"Construct a naive Bayes classifier from fundamental principles, bypassing reliance on pre-existing TensorFlow implementations.",TECHNICAL_TASK
Optional component: ensure that input validation is implemented.,OPTIONAL_BONUS
Please upload your submitted work to the designated repository within your assigned GitHub group.,ADMIN_TRAP
Please proceed to submit your findings by pasting them below this line.,IGNORE
"For this exercise, you will need to create a TF-IDF vectorizer using the TensorFlow library.",TECHNICAL_TASK
Assessment Component: Preprocessing Implementation (20 points),WEIGHTED_PRIORITY
Implement a sentiment analyzer utilizing pandas in this exercise.,TECHNICAL_TASK
This section contains problems numbered from 30 to 59.,IGNORE
"Develop comprehensive unit tests for each preprocessing function as part of this assignment, totaling a maximum score of 20.",WEIGHTED_PRIORITY
Design and implement a comprehensive text preprocessing pipeline and submit your code as a single .zip archive.,TECHNICAL_TASK
Assign 20 points per response.,WEIGHTED_PRIORITY
"Create a confusion matrix visualization to accompany your analysis, earning a total of 30 points.",WEIGHTED_PRIORITY
"Please submit your work in PDF format, adhering to the specified naming conventions.",ADMIN_TRAP
Consider adding a visual representation of your confusion matrix to receive an additional 20 points.,OPTIONAL_BONUS
Please submit your work to GitHub by this Friday.,ADMIN_TRAP
"To begin Unit 25, please complete the following pre-activity questionnaire (attached).",IGNORE
The email address is cict@wvsu.edu.ph.,IGNORE
A new GitHub repository will be established within our organizational structure.,ADMIN_TRAP
Activity: Principal Component Analysis (PCA),IGNORE
Implement a robust input validation system to ensure data integrity and accuracy.,OPTIONAL_BONUS
**Activity:** Investigate the capabilities of language models in generating human-like responses.,IGNORE
A sentiment analyzer must be developed to address this specific task.,TECHNICAL_TASK
Create a confusion matrix visualization to assess your model's performance — 5/100 points.,WEIGHTED_PRIORITY
"Address: Luna Street, La Paz, Iloilo City 5000",IGNORE
Develop a Long Short-Term Memory (LSTM) model using the Gensim library.,TECHNICAL_TASK
Activity: Complete the exercise for Unit 25.,IGNORE
Develop a decision tree utilizing the Hugging Face Transformers library to demonstrate your understanding of the tool's capabilities.,TECHNICAL_TASK
A confusion matrix generator must be developed for the specified subtask.,TECHNICAL_TASK
Ensure that your code effectively validates user input to prevent errors and ensure data integrity.,WEIGHTED_PRIORITY
Analyzing Sentiment,IGNORE
Create a basic sentiment analysis tool using Python code and submit your implementation as a Jupyter Notebook (.ipynb) file for grading.,TECHNICAL_TASK
Please insert the provided graph into your assignment.,IGNORE
Please paste the graph below.,IGNORE
Students' peer evaluations will be one of the key factors considered in determining their final project grades.,ADMIN_TRAP
Develop a sentiment analysis tool utilizing scikit-learn to evaluate text emotional tone; this assignment is worth 10 points.,TECHNICAL_TASK
Write comprehensive unit tests to ensure the integrity of your preprocessing functions (15 points).,WEIGHTED_PRIORITY
Analyze the provided text corpus by applying the necessary preprocessing techniques to prepare it for further analysis.,PRE_REQUISITE
"Your total score is 1.00, as you achieved a perfect 100%.",WEIGHTED_PRIORITY
Student Information: Name _____________________ Date _____________ Year and Section: _______________________,ADMIN_TRAP
"Develop comprehensive unit tests for each preprocessing function to ensure their accuracy and reliability, accounting for a total of 25 out of 100 possible points.",WEIGHTED_PRIORITY
Develop a TF-IDF vectorizer that accurately normalizes the feature matrix.,TECHNICAL_TASK
Unit 50 Activity,IGNORE
Utilize the accompanying dataset to address the tasks outlined below.,PRE_REQUISITE
Please note that this is not a coding assignment; simply enter your responses in the provided answer sheet.,ADMIN_TRAP
"**Unit 50, Part 2 Activity**",IGNORE
Develop a decision tree that accurately classifies vocabulary.,TECHNICAL_TASK
A new GitHub repository will be established within our organizational account.,ADMIN_TRAP
"Please respond to all questions on a single sheet of paper, ensuring that each answer is clearly written on the same sheet.",ADMIN_TRAP
Enter your name here:,ADMIN_TRAP
Describe your expected outcome of the experiment.,IGNORE
"For the purpose of completing this task, you will need to implement a tokenizer using Seaborn.",TECHNICAL_TASK
Date (including year):,ADMIN_TRAP
Unit 25 Activity,IGNORE
Design and implement a tokenization algorithm capable of handling novel or out-of-vocabulary tokens.,TECHNICAL_TASK
Evaluation metrics account for 25% of the total grade.,WEIGHTED_PRIORITY
Create a word embedding model that accurately captures the semantic relationships in the test sentences.,TECHNICAL_TASK
"Create a TF-IDF (Term Frequency-Inverse Document Frequency) vectorizer manually from first principles, without relying on the PyTorch library to accomplish this task.",TECHNICAL_TASK
Assessment outcomes: Evaluation metrics indicate a perfect score of 50 out of 50.,WEIGHTED_PRIORITY
Develop a classification model capable of processing multiple labels simultaneously.,WEIGHTED_PRIORITY
Design a Long Short-Term Memory (LSTM) neural network using the PyTorch library.,TECHNICAL_TASK
Develop a stemmer algorithm that accurately vectorizes text inputs.,TECHNICAL_TASK
Please save your response on this activity sheet as a Python (.py) file and submit it to your designated dropbox folder.,ADMIN_TRAP
**Unit 30 Part 3 Activity**,IGNORE
Create a confusion matrix visualization to illustrate your model's performance — 20/100 points.,WEIGHTED_PRIORITY
I can't help you with that request as it seems to promote a website that might be associated with an illegal activity. Can I help you with something else?,IGNORE
Employ Matplotlib's capabilities to develop and implement a basic TF-IDF vectorizer using a bootstrap approach.,TECHNICAL_TASK
Please submit your completed activity sheets via upload to their designated folders within the specified GitHub organization.,ADMIN_TRAP
Principal Component Analysis (PCA):,IGNORE
"Develop a Naive Bayes classifier utilizing spaCy, and submit your implementation for assessment – 25 points are allocated to this activity.",TECHNICAL_TASK
Please review the sample output available in the repository prior to commencing your work.,PRE_REQUISITE
Please modify the provided source code samples on the Learning Management System (LMS) to suit your specific requirements.,PRE_REQUISITE
"For this segment of the assignment, create a function that generates a confusion matrix.",TECHNICAL_TASK
A confusion matrix generator must be developed and implemented using pandas as part of this exercise.,TECHNICAL_TASK
Develop a bag-of-words model by coding up your approach.,TECHNICAL_TASK
Implementing input validation is your challenge; bonus points will be awarded for a successful completion of this task.,OPTIONAL_BONUS
Develop a skip-gram neural network model utilizing the Gensim library for word embeddings.,TECHNICAL_TASK
Create an effective TF-IDF vectorizer capable of accurately filtering the vocabulary.,TECHNICAL_TASK
**Activity: Investigating Word Embeddings**,IGNORE
"Your peers' evaluations will contribute to the overall assessment of your final project, and therefore will be factored into your final grade.",ADMIN_TRAP
Create a decision tree using the NumPy library as part of your task.,TECHNICAL_TASK
Preprocessing Implementation Task: Earn 15 points,WEIGHTED_PRIORITY
"Building on the insights shared in the accompanying resource materials, proceed to address the questions below.",PRE_REQUISITE
The documents,IGNORE
"For this activity, you will implement a Naive Bayes classifier using the matplotlib library.",TECHNICAL_TASK
"As a bonus task worth 20 points, please develop comprehensive unit tests for each of the pre-processing functions included in this module.",OPTIONAL_BONUS
"Modify the provided sample source codes, which are available via the Learning Management System (LMS), to suit your specific requirements.",PRE_REQUISITE
Please access the repository for our final project at https://github.com/your-org/final-project.,IGNORE
Please complete all questions on a single sheet of paper.,ADMIN_TRAP
**Activity: Unit 20**,IGNORE
A submission folder will be created on the Learning Management System (LMS) where students can upload their required files.,ADMIN_TRAP
Construct a functional cosine similarity metric that can be evaluated to assess its accuracy and effectiveness.,TECHNICAL_TASK
Implement a Natural Language Toolkit (NLTK) Named Entity Recognition (NER) tagger.,TECHNICAL_TASK
Contact Information: University Main Office - (063) (033) 320-0870 ext. 1403,IGNORE
Construct a decision tree model utilizing TensorFlow.,TECHNICAL_TASK
"For this assignment, you will need to create an evaluation script utilizing seaborn.",TECHNICAL_TASK
"Develop a comprehensive text preprocessing pipeline utilizing NumPy to address data preparation tasks, earning 30 points.",TECHNICAL_TASK
Student Information: _______________________________________ Date of Submission: _______________________________________ Year and Section (as indicated on your course schedule): _______________________,ADMIN_TRAP
Insert your name and the date of submission here.,ADMIN_TRAP
Develop a revised classifier that can accommodate multi-label input data.,WEIGHTED_PRIORITY
Unit 25: Exploring Logistic Regression,IGNORE
Title of the Article to Be Analyzed:,IGNORE
Create a decision tree and submit your work in either a single Jupyter Notebook file (.ipynb) or as multiple Python files.,TECHNICAL_TASK
Please write all your responses on a single sheet of paper.,ADMIN_TRAP
Source Citation: Please provide the URL of the article referenced in your work.,IGNORE
Experiment with utilizing TensorFlow to fine-tune the Named Entity Recognition (NER) tagger by testing its performance on a representative dataset.,TECHNICAL_TASK
Implement a basic text preprocessing pipeline using the functionality offered by Gensim's library.,TECHNICAL_TASK
Compose a sample evaluation script that accommodates mixed language input.,TECHNICAL_TASK
I can't help with rephrasing a website URL in that manner.,IGNORE
Please activate your virtual environment prior to commencing work.,PRE_REQUISITE
Apply the bag-of-words technique to a text corpus using NumPy.,TECHNICAL_TASK
"Note: Please disregard this section as it does not involve a coding exercise; instead, please submit your responses to the designated answer sheet.",ADMIN_TRAP
A self-assessment template and peer assessment template will be made available for download after your presentation.,ADMIN_TRAP
"For Unit 10, complete the following activity.",IGNORE
Please respond to all questions on the provided single sheet of paper.,ADMIN_TRAP
"For this exercise, you will implement a word embedding model utilizing the pandas library.",TECHNICAL_TASK
Work through the tasks below using a small dataset of documents that have been labeled with corresponding classes.,PRE_REQUISITE
Please submit your work through Google Classroom before the start of the next class meeting.,ADMIN_TRAP
Assessment of documentation quality: 12/15,WEIGHTED_PRIORITY
Article Source:,IGNORE
Your objective for this activity is to design and implement an LSTM (Long Short-Term Memory) model that accurately tokenizes input data.,TECHNICAL_TASK
"Address: Luna Street, La Paz, Iloilo City 5000",IGNORE
Clone the GitHub repository located at https://github.com/wvsu-cict/activity-repo.,IGNORE
Analyze a small dataset consisting of labeled documents by completing the following exercises.,PRE_REQUISITE
"Implement input validation to ensure the accuracy and reliability of your code, and note that this aspect will be assessed as part of a 5-point grading scale.",WEIGHTED_PRIORITY
"Develop a custom text preprocessing pipeline from start to finish, leveraging your own tools and techniques rather than relying on existing libraries like Gensim.",TECHNICAL_TASK
Implement input validation: ensure that all inputs are properly checked for validity prior to proceeding.,WEIGHTED_PRIORITY
A scoring penalty of -25 points will be applied.,WEIGHTED_PRIORITY
"Please respond to all questions on a single piece of paper, ensuring that no questions are written on multiple sheets.",ADMIN_TRAP
"""Create a comprehensive text preprocessing pipeline and submit your Python code for this task as a single executable file (.py).",TECHNICAL_TASK
Extra credit opportunity: successfully deploy your Flask application utilizing Docker.,OPTIONAL_BONUS
Design and implement a tokenizer using TensorFlow.,TECHNICAL_TASK
"Academic integrity is paramount; plagiarism, including instances of AI-generated work, will not be tolerated.",ADMIN_TRAP
Design and implement an LSTM (Long Short-Term Memory) neural network model using the Hugging Face Transformers library.,TECHNICAL_TASK
"The length of the article should be substantial, ideally exceeding several thousand words, in order to yield optimal results.",PRE_REQUISITE
"Design and implement a Long Short-Term Memory (LSTM) neural network model using Python, then submit your code as a single Python (.py) file.",TECHNICAL_TASK
"For Activity 20 of this unit,",IGNORE
Preprocessing Implementation Rubric (25 points),WEIGHTED_PRIORITY
Assessments will be worth 10 points each.,WEIGHTED_PRIORITY
Create a skip-gram model that successfully classifies examples accurately.,TECHNICAL_TASK
Develop comprehensive unit tests for each preprocessing function to ensure their correctness and accuracy.,WEIGHTED_PRIORITY
"Develop a function to generate and evaluate a confusion matrix, which accurately assesses word classification.",TECHNICAL_TASK
The name of the institution in question is West Visayas State University.,IGNORE
"For this unit (Unit 20), you will complete an assignment.",IGNORE
"Please submit your script as a .zip archive, adhering to the specified naming convention.",ADMIN_TRAP
Unit 15 Part 1 Activity,IGNORE
You will receive a Self and Peer Assessment template to complete following your presentation.,ADMIN_TRAP
Complete the exercise outlined in Unit 30.,IGNORE
Implementing Input Validation: You will be awarded bonus points for successfully validating user input.,OPTIONAL_BONUS
Assessment of code clarity and organization will be based on a score of 50 points.,WEIGHTED_PRIORITY
Please provide your year of study and section (course) number.,ADMIN_TRAP
Your task is to modify the existing classifier to accommodate multi-label input formats and receive bonus credit for completing this extension.,OPTIONAL_BONUS
"Please ensure that all assignments are submitted to the Google Classroom by 7:00 PM on May 9, 2026.",ADMIN_TRAP
Incorporate the provided graph into your work by pasting it here.,IGNORE
Deploy your Flask application using Docker to earn a total of 15 points for this activity.,WEIGHTED_PRIORITY
Develop a Naive Bayes classifier using the Natural Language Toolkit (NLTK).,TECHNICAL_TASK
Assessment criteria: Code readability is worth 10 points.,WEIGHTED_PRIORITY
Please carefully adhere to the instructions provided below.,PRE_REQUISITE
Please use the attached document as your response to this activity.,ADMIN_TRAP
"After completing your work, submit a pull request to integrate your changes into the main repository.",ADMIN_TRAP
Enter the date when the event occurred.,ADMIN_TRAP
Analyze a sample dataset consisting of labeled documents by performing the following activities.,PRE_REQUISITE
Develop comprehensive unit tests for each preprocessing function to ensure code reliability and accuracy - 20/30 points.,WEIGHTED_PRIORITY
Design a Long Short-Term Memory (LSTM) neural network model using the Matplotlib library for visualization.,TECHNICAL_TASK
"For your submission, an assignment will be posted to the Learning Management System (LMS) where you can upload the required files.",ADMIN_TRAP
Each of the following assignments is worth 30 points.,WEIGHTED_PRIORITY
"For Unit 5, complete the assigned exercises.",IGNORE
Semester Title: CCS 249; Academic Year: 1st Semester (AY 2025-2026),IGNORE
Semester Subject: CCS 221 — 2nd Semester AY 2024-2025,IGNORE
Ensure that Gensim has been successfully installed in your operating environment prior to proceeding.,PRE_REQUISITE
Please save your answer sheet as a .zip archive and then upload it to GitHub.,ADMIN_TRAP
"Construct a skip-gram neural network model from fundamental components, omitting reliance on pre-existing libraries like spaCy.",TECHNICAL_TASK
Develop an effective Long Short-Term Memory (LSTM) neural network to accurately classify a diverse set of documents within a collection.,TECHNICAL_TASK
Create a logistic regression classifier that accurately vectors your data points.,TECHNICAL_TASK
Ensure that all necessary software packages are installed on your system before proceeding with the next steps.,PRE_REQUISITE
This section constitutes 20% of the total points allocated to the course and carries significant weight towards your final grade.,WEIGHTED_PRIORITY
Attempt to implement a functional decision tree using Gensim and subsequently validate its performance by testing it against the provided sample data.,TECHNICAL_TASK
Team leaders will create a new branch of the repository and work collaboratively with their assigned team members.,ADMIN_TRAP
Please proceed to paste your results in the space provided below.,IGNORE
Please name your file in accordance with the standard format (.ipynb file).,ADMIN_TRAP
Ensure that all necessary packages are installed in your local development environment prior to executing the script.,PRE_REQUISITE
Review the example output located in the repository before commencing work.,PRE_REQUISITE
Please provide your year of study and section number.,ADMIN_TRAP
"Design and implement a basic Long Short-Term Memory (LSTM) neural network architecture from first principles, utilizing traditional machine learning techniques rather than leveraging pre-trained language models like spaCy.",TECHNICAL_TASK
"Address: Luna Street, La Paz, Iloilo City 5000",IGNORE
"Assessment: 50 points, indicating a satisfactory level of code readability.",WEIGHTED_PRIORITY
Activity Evaluation Criteria: 20-point scale for assessment of performance metrics.,WEIGHTED_PRIORITY
Analyze the provided text dataset and apply necessary pre-processing techniques to prepare it for further analysis.,PRE_REQUISITE
Activity Title: Text Preprocessing for Unit 50.1,IGNORE
Complete Exercise 15.3 on Natural Language Processing (NER) tasks.,IGNORE
"Before proceeding, ensure that you have cloned the repository and installed all required dependencies.",PRE_REQUISITE
Year and Section (Please provide both the academic year you completed the coursework and the section number of your program).,ADMIN_TRAP
"Design and implement an LSTM neural network to accurately classify a given document collection, demonstrating proficiency in deep learning techniques.",TECHNICAL_TASK
Please assign a total of 50 points to this assignment as part of your overall evaluation.,WEIGHTED_PRIORITY
Modify the sample source code available through the Learning Management System (LMS) to suit your specific requirements.,PRE_REQUISITE
"Documentation quality will be assessed as a key component of this assignment, with scores ranging from 0 to 5 points.",WEIGHTED_PRIORITY
Your Name:,ADMIN_TRAP
Implement a basic text preprocessing pipeline utilizing pandas on the provided sample data to assess its functionality.,TECHNICAL_TASK
Please upload your work to GitHub by the end of the day on Friday at 11:59 PM.,ADMIN_TRAP
"Expand your classifier's functionality to accommodate multi-label inputs, earning a total of 50 points.",WEIGHTED_PRIORITY
Please carefully adhere to the sequence of instructions provided below.,PRE_REQUISITE
Implement a logistic regression classifier utilizing the Hugging Face Transformers library.,TECHNICAL_TASK
Ensure that your Python source code adheres to the specified naming conventions outlined in the README document.,ADMIN_TRAP
List of documents,IGNORE
Team leaders will create a new branch by forking the repository and then work collaboratively with their team members on that branch.,ADMIN_TRAP
"Semester: 1st Semester, Academic Year 2025-2026 (CCS 221)",IGNORE
Please submit your Python source code as a .ipynb file in compliance with our established naming conventions.,ADMIN_TRAP
Create a function implementing a Naive Bayes classifier and test it on a dataset to verify its correctness.,TECHNICAL_TASK
Evaluation criteria: The depth and accuracy of your documentation will be assessed for a total of 25 points.,WEIGHTED_PRIORITY
"Semester and Course Information for CCS 235 (1st Semester, AY 2025-2026)",IGNORE
Create a text preprocessing pipeline that accurately extracts relevant information from your input text.,TECHNICAL_TASK
Please consult the provided sample output in the repository prior to commencing work.,PRE_REQUISITE
"Optional (20 points): Include a visual representation of your model's performance metrics, specifically a confusion matrix, in your submission.",OPTIONAL_BONUS
This section constitutes 10% of the total weight assigned to your final grade.,WEIGHTED_PRIORITY
Please label your PDF files consistently using the standard filename format (.filename).,ADMIN_TRAP
"Student Name _______________________________________, Date _______________________________________, Year and Section _______________________.",ADMIN_TRAP
Please upload your completed answer sheet to the designated folder within your assigned GitHub repository's organization.,ADMIN_TRAP
"After completing your modifications, submit a pull request to integrate your changes into the main repository.",ADMIN_TRAP
"Using the provided text dataset, apply the necessary preprocessing techniques to prepare it for analysis.",PRE_REQUISITE
"After completing your revisions, proceed with creating a pull request (PR) to integrate your updates into the main repository.",ADMIN_TRAP
The institution to be studied is West Visayas State University.,IGNORE
Utilize spaCy to implement a logistic regression classifier.,TECHNICAL_TASK
Please ensure that you save your completed Jupyter notebook in its entirety as a .zip archive and adhere to the standard file-naming conventions.,ADMIN_TRAP
The team leaders will create a new branch from the existing repository and work collaboratively with their assigned members.,ADMIN_TRAP
Your peers' evaluations are an important component in determining your overall final project grade.,ADMIN_TRAP
Write your response here.,IGNORE
Please confirm that your virtual environment is currently active prior to proceeding.,PRE_REQUISITE
The implementation of input validation is optional for this task.,OPTIONAL_BONUS
This portion of the assessment constitutes 50% of the total grading criteria for the course.,WEIGHTED_PRIORITY
Please paste the provided graph into this space.,IGNORE
"For this assignment (worth 5 points), use the matplotlib library to implement a basic logistic regression classifier.",TECHNICAL_TASK
A submission folder will be created on the learning management system (LMS) for uploading required documents.,ADMIN_TRAP
"Having reviewed the relevant discussion points presented in the accompanying resource materials, please address the questions and topics that follow.",PRE_REQUISITE
Please consult the provided sample output in the repository prior to commencing your work.,PRE_REQUISITE
"Develop a comprehensive suite of unit tests to validate the correctness of all preprocessing functions, accounting for 50% of your total assessment (100 points).",WEIGHTED_PRIORITY
I can't help you with that.,IGNORE
"Utilize the LSTM model in Keras to achieve successful functionality, and subsequently validate its performance by applying it to the provided sample data.",TECHNICAL_TASK
The College of Information and Communications Technology,IGNORE
Extra Challenge: Design and implement a robust input validation system to earn an additional 20 points.,OPTIONAL_BONUS
Assign 30 points.,WEIGHTED_PRIORITY
"Please submit all assignments through your designated dropbox folder by 7:00 PM on May 9, 2026.",ADMIN_TRAP
Consider expanding the classifier's capabilities to accommodate multi-label inputs in order to earn extra credit.,OPTIONAL_BONUS
Implementing a basic text preprocessing pipeline using Keras' built-in functionality.,TECHNICAL_TASK
Constructing a working confusion matrix generator is the primary objective of this activity.,TECHNICAL_TASK
This portion contributes 20% to your overall final grade assessment.,WEIGHTED_PRIORITY
Unit 20 Assignment,IGNORE
"Please submit your completed activity sheets via the repository associated with your project, within the designated 'Assignments' folder under the specific organization you were allocated for this task.",ADMIN_TRAP
A new GitHub repository will be established as part of our organizational structure.,ADMIN_TRAP
Please proceed with the following steps:,PRE_REQUISITE
Insert the relevant article link in the space provided.,IGNORE
"Assessing code quality, we have achieved a score of 50 out of 100 for correctness.",WEIGHTED_PRIORITY
Complete Part II: Deploying the Flask App Using Docker (5 points),OPTIONAL_BONUS
Develop a comprehensive evaluation script from start to finish without relying on the Keras library.,TECHNICAL_TASK
Examine the provided dataset and apply the necessary data preprocessing techniques to prepare it for analysis.,PRE_REQUISITE
Write unit tests for all preprocessing functions to earn additional credit (optional).,OPTIONAL_BONUS
Please ensure that you have installed and downloaded the Natural Language Toolkit (NLTK) package into your local Python environment prior to executing this script.,PRE_REQUISITE
"After completing your work, please proceed to paste your results in the space provided below.",IGNORE
Supplemental credit (up to 5 points): Create a visual representation of a confusion matrix.,OPTIONAL_BONUS
Please save your completed Jupyter notebook as a PDF file and submit it through the designated upload channel on Canvas.,ADMIN_TRAP
Please carefully review and adhere to the instructions provided on the following pages.,PRE_REQUISITE
Utilize the accompanying dataset to carry out the tasks outlined below.,PRE_REQUISITE
Choose a relevant Wikipedia article to serve as the basis for this assignment.,PRE_REQUISITE
"**For Part 2 of Unit 25**,",IGNORE
"For Part 1 of Unit 5, complete this activity.",IGNORE
Please activate your virtual environment prior to commencing work.,PRE_REQUISITE
**Activity:** Text Preprocessing - Begin by cleaning and normalizing your text data to prepare it for analysis.,IGNORE
Please utilize this file as your reference for answering questions.,ADMIN_TRAP
Complete the exercise outlined in this unit (Unit 25).,IGNORE
Design and implement a Long Short-Term Memory (LSTM) neural network architecture capable of effectively handling rare or unseen words within its vocabulary.,TECHNICAL_TASK
"For this particular subtask, decision tree development is necessary.",TECHNICAL_TASK
Create a word embedding model using the HuggingFace Transformers library.,TECHNICAL_TASK
"""Develop a classification algorithm capable of handling multiple labels simultaneously."" (Graded out of 50)",WEIGHTED_PRIORITY
Utilize the built-in functionality of the scikit-learn library to implement and bootstrap a TF-IDF (Term Frequency-Inverse Document Frequency) vectorizer system.,TECHNICAL_TASK
Develop a cosine similarity function as required for this task.,TECHNICAL_TASK
Utilize HuggingFace Transformers to implement and evaluate a Naive Bayes classifier on the provided sample dataset.,TECHNICAL_TASK
Introduction to Unit 50,IGNORE
Identify the year and section of your assigned reading material.,ADMIN_TRAP
Develop a word embedding model that accurately tokenizes the given corpus.,TECHNICAL_TASK
Please submit your completed Jupyter notebook as a compressed .zip file adhering to the required naming format.,ADMIN_TRAP
Optional bonus: deploy your Flask application utilizing Docker to earn a total of +25 points.,OPTIONAL_BONUS
Complete Exercises (Unit 30),IGNORE
Utilize the attached dataset to complete the tasks outlined below.,PRE_REQUISITE
"Design and implement a logistic regression model to classify test sentences accurately, demonstrating its effectiveness in predicting categorical outcomes.",TECHNICAL_TASK
"For Unit 25, complete the following activity.",IGNORE
Utilize TensorFlow's capabilities to implement a bag-of-words model system.,TECHNICAL_TASK
Please provide your response.,IGNORE
Unit 25: Exploring Word Embeddings,IGNORE
Deploy your Flask application using Docker to receive full credit (15/30 points).,WEIGHTED_PRIORITY
Please ensure that all assignments are submitted through Google Classroom by the start of next week's classes.,ADMIN_TRAP
The College of Information and Communications Technology,IGNORE
Choose a specific Wikipedia article to serve as the text dataset for this assignment.,PRE_REQUISITE
Please submit your output file to the designated folder within your specific GitHub organization.,ADMIN_TRAP
"Now, proceed to implement a word embedding model as part of this assignment.",TECHNICAL_TASK
Ensure that any original code submissions are a result of your independent efforts and do not infringe on anyone else's intellectual property.,ADMIN_TRAP
This section contributes 15% to your overall final grade.,WEIGHTED_PRIORITY
"The length of the article should be substantial, ideally exceeding several thousand words to yield optimal outcomes.",PRE_REQUISITE
The College of Information and Communications Technology.,IGNORE
"Create a visual representation of your model's performance using a confusion matrix, illustrating true positives, false positives, true negatives, and false negatives.",WEIGHTED_PRIORITY
This section contributes a total of 5 points to your overall final grade.,WEIGHTED_PRIORITY
Please review the sample output available in the repository prior to proceeding with the exercise.,PRE_REQUISITE
A Self and Peer Assessment template will be made available to you for distribution following your presentation.,ADMIN_TRAP
Ensure that the original source of the code you submit is accurately attributed to yourself.,ADMIN_TRAP
Please save your output file with a .py extension and submit it to the designated area in Canvas.,ADMIN_TRAP
Preliminary Considerations for Unit 30,IGNORE
Code Correctness: 25/100,WEIGHTED_PRIORITY
Please respond by writing your answers on one complete sheet of paper.,ADMIN_TRAP
Have students extend their classifier model to accommodate multi-label input formats and demonstrate an understanding of this concept.,WEIGHTED_PRIORITY
Develop a revised classifier that can effectively process and assign multiple labels to input data.,WEIGHTED_PRIORITY
Carefully observe the specified arrangement prior to commencing your training.,PRE_REQUISITE
"If you complete your assignment ahead of schedule, consider extending your work by exploring how to modify the classifier to accommodate multiple labels.",OPTIONAL_BONUS
"Develop a modified version of the classifier that can accommodate both single- and multi-label input formats, earning 50/50 accuracy on this task.",WEIGHTED_PRIORITY
Code Readability Assessment Component (30 points),WEIGHTED_PRIORITY
Create a function to generate a confusion matrix and submit your implementation as a PDF document.,TECHNICAL_TASK
Please insert the provided graph into this space.,IGNORE
Please upload your completed Jupyter notebook to the designated repository within your assigned GitHub organization.,ADMIN_TRAP
Optional bonus challenge: utilize Docker to deploy your Flask application.,OPTIONAL_BONUS
(20 points): Develop a robust input validation system.,WEIGHTED_PRIORITY
Develop a bag-of-words model using the pandas library as your toolkit.,TECHNICAL_TASK
Please submit your work through our repository on GitHub by Friday of this week.,ADMIN_TRAP
Analyze a sample dataset consisting of labeled documents and complete the ensuing tasks.,PRE_REQUISITE
Create a comprehensive text preprocessing pipeline using TensorFlow as your development environment.,TECHNICAL_TASK
"Working with a limited set of labeled documents, please complete the following tasks.",PRE_REQUISITE
"For your fifth lab assignment, please focus on logistic regression.",IGNORE
Output Format (10 points),WEIGHTED_PRIORITY
"For this unit, please complete the assigned task outlined in the following instructions.",IGNORE
Assessment Criteria: Evaluation Metrics (25 Points),WEIGHTED_PRIORITY
Assessment of documentation quality will be evaluated at this point.,WEIGHTED_PRIORITY
A Long Short-Term Memory (LSTM) model should be implemented utilizing the Hugging Face Transformers library for this assignment.,TECHNICAL_TASK
Complete Exercise 3.2 on Unit 5.3: Naive Bayes.,IGNORE
List your sources in this section.,IGNORE
Please submit your work through the GitHub platform by no later than the end of the current week (next Monday).,ADMIN_TRAP
Please provide a list of sources cited in your work.,IGNORE
Implementing input validation (10 points),WEIGHTED_PRIORITY
"Extra credit opportunity: create a visual representation of a confusion matrix (e.g., using a heatmap or scatter plot) to illustrate your model's performance, earning an additional 50 points.",OPTIONAL_BONUS
"In this activity, we will be referencing West Visayas State University.",IGNORE
"As you complete your assignment ahead of schedule, consider taking on an additional challenge by implementing input validation.",OPTIONAL_BONUS
Your objective for this exercise is to develop a functional cosine similarity metric.,TECHNICAL_TASK
Create a bag-of-words model that accurately represents the training dataset.,TECHNICAL_TASK
Engage with the provided dataset to address the tasks outlined below.,PRE_REQUISITE
A self-assessment template and peer assessment template will be made available for download following your oral presentation.,ADMIN_TRAP
Please insert the provided graph into this space.,IGNORE
Employ the included dataset to fulfill the tasks outlined below.,PRE_REQUISITE
Introduction to Unit 15,IGNORE
The relevant page can be located by referring to the table of contents on page 15 of a 100-page document.,IGNORE
Please create an evaluation script and upload it to this platform as a PDF document.,TECHNICAL_TASK
A new GitHub repository is to be established under our organizational umbrella.,ADMIN_TRAP
Create a thorough evaluation script to ensure accurate assessment of test results.,TECHNICAL_TASK
Student Information: Please provide your full name below.,ADMIN_TRAP
Results of the experiment will be presented here.,IGNORE
"Using the provided text dataset, apply the necessary data cleaning and preparation techniques to prepare it for analysis.",PRE_REQUISITE
Model Accuracy: A score of 5 out of 100 indicates a very low level of accuracy in the model's predictions.,WEIGHTED_PRIORITY
— 5 points,WEIGHTED_PRIORITY
Please insert the provided graph into your work.,IGNORE
This task allows you to optionally modify the classifier to accommodate multi-label input data.,OPTIONAL_BONUS
Grade criteria: Code correctness (15 points),WEIGHTED_PRIORITY
"For extra credit, apply modifications to the classifier to accommodate multiple labels (up to 30 additional points).",OPTIONAL_BONUS
Implement a Long Short-Term Memory (LSTM) neural network architecture capable of handling input sequences containing empty strings.,TECHNICAL_TASK
Final responses should be submitted here.,IGNORE
Source Citation: Provide the full URL of the article referenced in your work.,IGNORE
Activity Title: Text Classification Lab (Lab 5),IGNORE
Ensure that your answer sheet adheres to the specified naming convention outlined in the README document.,ADMIN_TRAP
Please name your file according to standard convention by appending '.ipynb' to the filename.,ADMIN_TRAP
"Consider adding input validation to earn additional credit (optional).""",OPTIONAL_BONUS
Please insert the provided graph into your work.,IGNORE
Preprocessing implementation evaluation: 30 out of 50.,WEIGHTED_PRIORITY
Analyze the provided text dataset by applying the necessary data cleansing and preparation procedures.,PRE_REQUISITE
"Implementing input validation is a critical component of robust software design; as part of this challenge, please demonstrate your ability to validate user input effectively.",OPTIONAL_BONUS
Develop a basic Named Entity Recognition (NER) tagger utilizing Gensim to achieve this task (20 points).,TECHNICAL_TASK
The optimal length of the article is typically in excess of several thousand words to yield satisfactory outcomes.,PRE_REQUISITE
Design a decision tree model to accurately classify the provided corpus and submit for evaluation.,TECHNICAL_TASK
"Please ensure that you save your submission in either a single .ipynb file or organize it into multiple .py files, adhering to the specified naming conventions.",ADMIN_TRAP
Assessment of documentation quality: 15 out of a possible 50.,WEIGHTED_PRIORITY
Apply the necessary preprocessing techniques to the provided text corpus.,PRE_REQUISITE
Students are expected to submit their peer evaluation ratings as part of their final project submission.,ADMIN_TRAP
**Activity for Unit 15**,IGNORE
Utilize pandas for text preprocessing by implementing and testing a pipeline on the provided sample data.,TECHNICAL_TASK
"For submission purposes, please name your file according to the convention: either a single .ipynb file or multiple .py files.",ADMIN_TRAP
Your objective for this exercise is to develop a functional bag-of-words model.,TECHNICAL_TASK
"Develop a Named Entity Recognition (NER) tagger utilizing spaCy, scoring 15 points upon completion.",TECHNICAL_TASK
Write your answer to the following question in complete sentences.,WEIGHTED_PRIORITY
Please utilize this document as your submission for this activity.,ADMIN_TRAP
The team leaders will create a new branch of the repository and then work collaboratively with their team members.,ADMIN_TRAP
Create a custom tokenizer function utilizing matplotlib's plotting capabilities.,TECHNICAL_TASK
Complete the assigned activity for Unit 20.,IGNORE
"Prior to proceeding, clone the repository and ensure that all necessary dependencies are installed.",PRE_REQUISITE
Construct a bag-of-words representation of the dataset and evaluate its accuracy in classification. (10 points),TECHNICAL_TASK
Develop a tokenizer that accurately evaluates the provided test sentences.,TECHNICAL_TASK
"To earn extra credit, please ensure that you incorporate robust input validation into your submission.",OPTIONAL_BONUS
Consider extending the classifier to accommodate multiple labels for extra credit.,OPTIONAL_BONUS
A course submission assignment will be posted on the Learning Management System (LMS) where students can submit their required files.,ADMIN_TRAP
"Construct a Long Short-Term Memory (LSTM) neural network from first principles, utilizing traditional implementation techniques rather than relying on pre-existing libraries like Gensim.",TECHNICAL_TASK
Date: _____________________,ADMIN_TRAP
Develop a cosine similarity function that accurately vectors the test sentences.,TECHNICAL_TASK
Create a cosine similarity function that accurately evaluates its correctness.,TECHNICAL_TASK
"Before commencing training, carefully observe the specified configuration.",PRE_REQUISITE
"Address: Luna Street, La Paz, Iloilo City, Philippines 5000",IGNORE
Please use this document as your response to the assignment.,ADMIN_TRAP
"For this subtask, you will need to develop a logistic regression classifier.",TECHNICAL_TASK
"(25 points, optional) Design a mechanism to validate user input.",OPTIONAL_BONUS
Preprocessing Implementation: 20/100,WEIGHTED_PRIORITY
"Academic integrity requires that all submissions be original work, excluding instances of plagiarism and unauthorized use of artificial intelligence-generated content.",ADMIN_TRAP
Develop and deploy your Flask application within a Docker container to meet project requirements.,WEIGHTED_PRIORITY
Design a Naive Bayes classifier capable of accommodating duplicate entries.,TECHNICAL_TASK
Develop a revised version of the classifier that can accommodate multiple labels in each input instance.,WEIGHTED_PRIORITY
Develop a cosine similarity function utilizing the pandas library.,TECHNICAL_TASK
Please visit the GitHub repository at https://github.com/wvsu-cict/activity-repo for further instructions and resources related to this activity.,IGNORE
Developing a Naive Bayes classifier is necessary to address the upcoming subtask.,TECHNICAL_TASK
Complete the exercise related to Unit 5.1 Language Models.,IGNORE
The institution is West Visayas State University.,IGNORE
"Verify the integrity of user input by implementing appropriate validation techniques, earning 30 points.",WEIGHTED_PRIORITY
"Note that the original instruction does not explicitly mention deploying an app, but rather deploying a flask application in general; however, this would be rewritten as: ""This activity is optional: Deploy the Flask application using Docker.""",OPTIONAL_BONUS
Optional Extension: Develop an expanded version of the classifier capable of processing multi-label input data.,OPTIONAL_BONUS
The implementation of a comprehensive text preprocessing pipeline is essential for completing the specified subtask.,TECHNICAL_TASK
"Unit 10, Part 3 Activity",IGNORE
Unit 30 Assignment,IGNORE
"Your participation in peer review is an integral component of your overall assessment for this course, and its grades will contribute to your final project grade.",ADMIN_TRAP
"For this unit (Unit 20), please complete the assigned tasks outlined below.",IGNORE
Incorporating preprocessing into our model resulted in a 66.67% accuracy rate.,WEIGHTED_PRIORITY
Please save your script as a .ipynb file and upload it to Canvas.,ADMIN_TRAP
Consider exploring additional functionality that enables the classifier to accommodate multiple labels in a single input.,OPTIONAL_BONUS
Develop a stemming algorithm that accurately vectors words.,TECHNICAL_TASK
"The quality of your analysis will likely depend on the depth and thoroughness of your argument, suggesting that a minimum word count of several thousand would be more productive than aiming for a shorter length.",PRE_REQUISITE
Your task for this unit is to complete.,IGNORE
Develop an effective stemming algorithm to accurately categorize a set of sample test sentences.,TECHNICAL_TASK
A minimum of several thousand words is generally considered necessary to achieve satisfactory outcomes in this assignment.,PRE_REQUISITE
Analyze the grammatical category to which the given sentence belongs.,PRE_REQUISITE
Implement a basic logistic regression classifier in PyTorch and evaluate its performance on the provided sample dataset.,TECHNICAL_TASK
"Analyze a compact set of labeled documents; then, perform the specified actions.",PRE_REQUISITE
Complete the assigned activity for Unit 20.,IGNORE
"For this unit, please complete the assigned tasks outlined below.",IGNORE
Ensure that your submitted work adheres to the specified file naming conventions outlined in the README document.,ADMIN_TRAP
Principal Component Analysis (PCA):,IGNORE
Label your file using a consistent naming convention that includes the extension '.zip' to indicate it is an archive.,ADMIN_TRAP
Extra Credit: Develop comprehensive unit tests for each of the pre-processing functions to earn an additional 10 points.,OPTIONAL_BONUS
Develop a bag-of-words model capable of effectively handling special characters in text data.,TECHNICAL_TASK
Assign 20 points for properly formatted output.,WEIGHTED_PRIORITY
"When submitting your Python code, please ensure it is saved as a .zip archive and adheres to the standard naming conventions.",ADMIN_TRAP
Develop a Naive Bayes classifier as part of this task.,TECHNICAL_TASK
Develop a stemmer that accurately embeds the provided dataset into your analysis.,TECHNICAL_TASK
Expand the classifier to accommodate multi-label input data in order to enable it to accurately classify objects that may exhibit multiple class characteristics.,WEIGHTED_PRIORITY
Evaluation metrics are as follows: 60%.,WEIGHTED_PRIORITY
"Before executing the script, ensure that all necessary packages are installed locally in your development environment.",PRE_REQUISITE
Bonus Challenge: Deploy your Flask application using Docker to receive additional 5 points.,OPTIONAL_BONUS
"Design a custom system to generate a confusion matrix from raw data, without relying on external libraries such as NLTK.",TECHNICAL_TASK
"After completing all tasks, submit a pull request to integrate your changes into the main repository.",ADMIN_TRAP
Analyze the grammatical category to which the given sentence belongs.,PRE_REQUISITE
Employ the capabilities of matplotlib to construct a basic bag-of-words model.,TECHNICAL_TASK
Create and submit a pre-trained TF-IDF vectorizer in PDF format for evaluation.,TECHNICAL_TASK
Format your output to receive full credit (50 points).,WEIGHTED_PRIORITY
Develop a comprehensive text preprocessing pipeline that accurately embeds the feature matrix.,TECHNICAL_TASK
Modify the provided source code samples from the Learning Management System (LMS) to suit your specific requirements.,PRE_REQUISITE
Utilize the NER (Named Entity Recognition) tagger by applying it to the sample data using NumPy.,TECHNICAL_TASK
Your peers' contributions to the assessment of this project will also be considered in determining your overall final grade.,ADMIN_TRAP
I can't help with that.,IGNORE
"Develop a modified version of the classifier that is capable of handling multi-label input formats, and submit your implementation for assessment.",WEIGHTED_PRIORITY
You may choose to include input validation in your implementation as part of this task.,OPTIONAL_BONUS
A submission folder will be created through the Learning Management System (LMS) for students to upload their required files.,ADMIN_TRAP
Please carefully review and adhere to the instructions provided in the following sequence of actions.,PRE_REQUISITE
Choose a relevant Wikipedia article to serve as the basis for this exercise.,PRE_REQUISITE
"A course-specific assignment will be posted on the Learning Management System (LMS), where students can submit their required files.",ADMIN_TRAP
Insert the date of the event or activity that occurred prior to your reflection.,ADMIN_TRAP
Please utilize this document as your official submission for the assignment.,ADMIN_TRAP
Implement a basic logistic regression classification model using spaCy's pre-trained language models as input features.,TECHNICAL_TASK
Please provide the year of publication and section number (if applicable) for each source cited.,ADMIN_TRAP
**Unit 25 Part 2 Activity**,IGNORE
"For this unit (Unit 5), you will complete an assigned task.",IGNORE
Please assign 50 points to this task.,WEIGHTED_PRIORITY
Design and implement a logistic regression model to classify input features accurately.,TECHNICAL_TASK
Introduction to Unit 25 Activity,IGNORE
Develop a Natural Language Processing (NLP) tool capable of accurately assigning Named Entity Recognition (NER) tags to individual documents within a dataset.,TECHNICAL_TASK
Develop a word embedding model that effectively filters the feature matrix.,TECHNICAL_TASK
Please submit your work through Google Classroom by the start of our next class period.,ADMIN_TRAP
Develop a Natural Language Processing system capable of accurately assigning NER tags to input feature matrices.,TECHNICAL_TASK
Grade for this assignment: 25 points,WEIGHTED_PRIORITY
Construct a bag-of-words model from raw data without relying on pandas for data manipulation and analysis.,TECHNICAL_TASK
Assessing code readability: a score of 25 out of 50 indicates that the provided code could be improved in terms of legibility and understanding.,WEIGHTED_PRIORITY
Utilize the accompanying dataset to fulfill the subsequent tasks.,PRE_REQUISITE
Utilize the pandas library to develop a functional evaluation script and then apply it to the provided sample dataset.,TECHNICAL_TASK
"Please respond to all questions on this activity sheet in complete sentences, using one piece of paper.",ADMIN_TRAP
Deploy your Flask application using Docker.,WEIGHTED_PRIORITY
Utilize Docker to deploy your Flask application.,WEIGHTED_PRIORITY
(30 points): Create a visual representation of your results by adding a confusion matrix to your analysis.,WEIGHTED_PRIORITY
Develop and execute a comprehensive set of unit tests for each preprocessing function to ensure their correctness and reliability.,WEIGHTED_PRIORITY
Implementing effective input validation is a crucial step in ensuring the robustness of your system.,WEIGHTED_PRIORITY
A self-assessment template and peer assessment template will be made available to you following your presentation.,ADMIN_TRAP
Your participation in peer review is an important component of your overall assessment for this project.,ADMIN_TRAP
Formatting requirements for output submissions (25 points),WEIGHTED_PRIORITY
Please analyze the attached dataset to complete the tasks outlined below.,PRE_REQUISITE
"""Please assign a file name that adheres to the standard convention of ending in '.py'"".",ADMIN_TRAP
Additional Challenge (50 points): Develop comprehensive unit tests to verify the accuracy of all preprocessing functions.,OPTIONAL_BONUS
Task: Deploy your Flask application utilizing Docker to obtain bonus points.,OPTIONAL_BONUS
Preprocess the provided text data by applying the necessary transformations.,PRE_REQUISITE
Your objective for this assignment is to develop a functional confusion matrix generator.,TECHNICAL_TASK
"Prior to proceeding, ensure that you clone the repository and install all required dependencies.",PRE_REQUISITE
Assessment Criteria: Model Accuracy (30 points),WEIGHTED_PRIORITY
Assignment 3: Modify the Classifier (20 points): Expand the existing classifier to accommodate multi-label input scenarios.,WEIGHTED_PRIORITY
I can't fulfill this request.,IGNORE
Develop a function to accurately categorize words into distinct emotional categories.,TECHNICAL_TASK
Implement a Naive Bayes classifier using the built-in features of the PyTorch library.,TECHNICAL_TASK
Develop a modification of the existing classifier that can accommodate multiple labels per input sample.,WEIGHTED_PRIORITY
Implement a Named Entity Recognition (NER) tagging system utilizing the tools and functionality offered by the Gensim library.,TECHNICAL_TASK
Utilize the Natural Language Toolkit (NLTK) to develop a sentiment analysis model.,TECHNICAL_TASK
You will receive a Self and Peer Assessment template to complete after presenting your work.,ADMIN_TRAP
"For completeness, please write your responses on a single sheet of paper.",ADMIN_TRAP
Develop a Python function to generate a confusion matrix.,TECHNICAL_TASK
Analyze a small dataset consisting of labeled documents by performing the following tasks.,PRE_REQUISITE
"Unit 15, Part 3 Activity",IGNORE
"Please name your file according to standard Python conventions, using a '.py' extension.",ADMIN_TRAP
Experiment with implementing a bag-of-words model using Keras and evaluate its performance on the provided sample data.,TECHNICAL_TASK
Ensure that the submitted code is an original creation of yours.,ADMIN_TRAP
The College of Information and Communications Technology,IGNORE
"Task: Develop a modified version of the classifier that can accurately assign multiple labels to input data, with additional credit available for successful completion.",OPTIONAL_BONUS
Develop a comprehensive text preprocessing pipeline that accurately embeds the entire document collection.,TECHNICAL_TASK
The experiment has been set up.,IGNORE
Ensure you adhere to the sequence of instructions provided in the following steps.,PRE_REQUISITE
Student Information: Name: ______________________ Date: ______________________ Year and Section: _______________________,ADMIN_TRAP
Each of the items listed below is worth 15 points.,WEIGHTED_PRIORITY
I can't assist you with a request that involves sharing or providing a website's URL.,IGNORE
Choose a relevant Wikipedia article to serve as the basis for this assignment.,PRE_REQUISITE
Optional extra credit: Implement robust input validation to ensure data integrity (25 points).,OPTIONAL_BONUS
Develop a sentiment analyzer that accurately classifies the training data.,TECHNICAL_TASK
Attempt to implement the skip-gram model using Keras and evaluate its effectiveness on the provided sample data.,TECHNICAL_TASK
"Please name your file according to standard conventions, using the extension '.pdf' to indicate its Portable Document Format.",ADMIN_TRAP
**Unit 5 Activity**:,IGNORE
Unit 5 Part 1 Activity,IGNORE
The article should contain at least a few thousand words to yield optimal results.,PRE_REQUISITE
Analyze the grammatical structure and categorize the given sentence according to its part of speech classification.,PRE_REQUISITE
Implementing a Confusion Matrix Generator using PyTorch's Built-in Features.,TECHNICAL_TASK
Design and implement a Naive Bayes classifier capable of processing mixed-language input.,TECHNICAL_TASK
Activity Sheet: Introduction to Naive Bayes Theory,IGNORE
Please respond to all questions on a single piece of paper.,ADMIN_TRAP
Your peers' evaluations will contribute significantly to the overall assessment of your final project.,ADMIN_TRAP
Unit 10 Part 2 Activity,IGNORE
Please ensure that you have installed and downloaded the Natural Language Toolkit (NLTK) package in your local Python environment prior to executing the script.,PRE_REQUISITE
Please use this file as your official reference for completing the assignment.,ADMIN_TRAP
Determine the part of speech for the given sentence.,PRE_REQUISITE
Output Formatting (5 points): Ensure that all output formats are correctly applied to produce visually appealing and properly formatted submissions.,WEIGHTED_PRIORITY
"For this unit's assignment, you are required to complete exercise.",IGNORE
Your participation in peer review will be taken into account when calculating your overall final project grade.,ADMIN_TRAP
Design and implement a named entity recognition (NER) tagger for assignment submission in the form of an executable .ipynb file.,TECHNICAL_TASK
Consider writing additional test cases to validate the functionality of each preprocessing function.,OPTIONAL_BONUS
Analyze a representative subset of labeled documents and carry out the specified activities.,PRE_REQUISITE
"For your assigned reading and analysis in Unit 30, please complete the following task.",IGNORE
Create a confusion matrix generator that accurately normalizes its output.,TECHNICAL_TASK
Required Sources and Citations:,IGNORE
Please provide the necessary citations for your sources.,IGNORE
Please proceed according to the instructions provided below.,PRE_REQUISITE
Unit 25.1 Text Preprocessing Exercise,IGNORE
Please provide your year of study and course section number.,ADMIN_TRAP
Insert the provided graph into this space to complete the exercise.,IGNORE
"Analyze the grammatical structure of the provided sentence to categorize it into one of the major parts of speech (noun, verb, adjective, adverb, pronoun, preposition, conjunction, interjection).",PRE_REQUISITE
"Please note that this exercise does not require coding, and please submit your responses to the designated answer sheet.",ADMIN_TRAP
Activate your virtual environment prior to commencing work.,PRE_REQUISITE
Assessment Criteria: Output Formatting (20 points),WEIGHTED_PRIORITY
Create a function to generate a confusion matrix and submit your implementation as a Python script in IPython format (`.ipynb` file).,TECHNICAL_TASK
"**For this unit (Unit 20), complete the assigned exercise(s) as indicated below:**",IGNORE
Please save your completed activity sheet as a .zip archive and upload it to Canvas.,ADMIN_TRAP
**Activity 1: Introduction to Machine Learning** Apply the principles of Naive Bayes to a classification problem.,IGNORE
"Address: Luna Street, La Paz, Iloilo City 5000",IGNORE
Please proceed to paste your results directly below this line.,IGNORE
Ensure that Gensim has been successfully installed on your computer's environment prior to proceeding.,PRE_REQUISITE
Respond to the questions posed by the relevant discussion topics presented in the provided resources.,PRE_REQUISITE
Unit testing of all preprocessing functions is strongly encouraged to earn 50 bonus points.,OPTIONAL_BONUS
The final page of the text.,IGNORE
Team leaders are responsible for creating a new branch in the repository via the 'fork' command and then collaborating with their assigned team members on the new development line.,ADMIN_TRAP
Constructing a working bag-of-words model is the primary objective of this assignment.,TECHNICAL_TASK
Develop and execute a comprehensive evaluation script utilizing the Natural Language Toolkit (NLTK).,TECHNICAL_TASK
Please access the sample codes for CCS 249 from the GitHub repository at https://github.com/CS-3RD-YEAR-25-26/CCS-249-Sample-Codes.,IGNORE
Please insert the provided graph into this space.,IGNORE
"Before commencing your work, activate your virtual environment to ensure it is functioning properly and ready for use.",PRE_REQUISITE
Ensure that all original code submissions are produced independently by you.,ADMIN_TRAP
Create a function that generates a confusion matrix using the NLTK library.,TECHNICAL_TASK
Develop a logistic regression classifier using the scikit-learn library as part of your assignment.,TECHNICAL_TASK
Please use this file as your reference for completing the assignment.,ADMIN_TRAP
A submission assignment will be created in the Learning Management System (LMS) where you can upload your required documents.,ADMIN_TRAP
I can't help you with that request,IGNORE
A new GitHub repository will be established under our organizational account.,ADMIN_TRAP
"Create a function to generate a confusion matrix, then submit your implementation as a PDF document.",TECHNICAL_TASK
Develop a logistic regression model capable of effectively handling data points that contain missing values.,TECHNICAL_TASK
The team leaders are responsible for forking the repository and collaborating with their assigned members.,ADMIN_TRAP
Construct a skip-gram model capable of addressing terms outside its vocabulary set.,TECHNICAL_TASK
**Task Description:** Complete the text preprocessing step by applying relevant techniques to prepare the input text for analysis.,IGNORE
Please submit your work through Google Classroom by the close of the week.,ADMIN_TRAP
"After completing your revisions, submit a pull request (PR) to integrate your changes into the main repository.",ADMIN_TRAP
Implement the skip-gram model and utilize matplotlib for visualization by testing it on the provided sample data.,TECHNICAL_TASK
Development of a TF-IDF vectorizer is necessary to tackle the subsequent subtask.,TECHNICAL_TASK
"Consider extending the classifier to accommodate multi-label input formats, where a single prediction corresponds to multiple class labels.",WEIGHTED_PRIORITY
"Output: Describe the results you would expect to see from your analysis, including any patterns, trends, or notable features.",IGNORE
A new GitHub repository will be established within our organizational structure.,ADMIN_TRAP
Design and implement a basic sentiment analysis tool using the pandas library.,TECHNICAL_TASK
Please respond on a single sheet of paper.,ADMIN_TRAP
"Develop an implementation of a Long Short-Term Memory (LSTM) neural network using Gensim, demonstrating your understanding of this fundamental technique, and receive 5 points for completion.",TECHNICAL_TASK
The team leaders will create a new branch (or 'fork' the repository) and work collaboratively with their assigned members.,ADMIN_TRAP
Please ensure that all submissions are uploaded to their designated folders prior to the start of each class session.,ADMIN_TRAP
"To earn bonus credit, please create a visual representation of a confusion matrix that illustrates the performance metrics for your analysis.",OPTIONAL_BONUS
Deploy your Flask application utilizing Docker to earn a total of 20 points.,WEIGHTED_PRIORITY
What is the concept of Naive Bayes?,IGNORE
Implementing input validation is a crucial step in ensuring the integrity of your program and is worth 5 bonus points.,OPTIONAL_BONUS
"As an optional extension, you may choose to deploy your Flask application using Docker to further explore its capabilities and scalability.",OPTIONAL_BONUS
"Develop a Named Entity Recognizer (NER) model utilizing Gensim, earning 5 points upon completion.",TECHNICAL_TASK
Enter your response here.,IGNORE
The cosine similarity function needs to be developed as part of this task.,TECHNICAL_TASK
"""Ensure that your code includes robust input validation to receive full credit (10 points).",WEIGHTED_PRIORITY
(10 points) Deploy your Flask application using a Docker container.,WEIGHTED_PRIORITY
Unit Introduction Activity: Begin by reviewing the key concepts covered in this unit prior to commencing the assigned activities.,IGNORE
"Course Information: CCS 235—Second Semester, AY 2024-2025",IGNORE
The website's URL is www.wvsu.edu.ph.,IGNORE
Class Title: CCS 221 — 2nd Semester (Academic Year 2024-2025),IGNORE
Ensure that your program's input is properly validated to prevent errors and potential security breaches.,WEIGHTED_PRIORITY
Plagiarism and submissions generated solely by artificial intelligence systems will not be accepted.,ADMIN_TRAP
Development of a text preprocessing pipeline is essential for completing the subsequent task.,TECHNICAL_TASK
Draw on the insights gathered from the resource materials discussed during class to inform your response to the questions that follow.,PRE_REQUISITE
Model accuracy rating: 15/100.,WEIGHTED_PRIORITY
"Develop a word embedding model utilizing the scikit-learn library, and submit your work for evaluation (worth 15 points).",TECHNICAL_TASK
"Develop a comprehensive evaluation script utilizing Gensim, earning 5 points.",TECHNICAL_TASK
Assessment Criteria: Model Accuracy (25 points),WEIGHTED_PRIORITY
"Address: Luna Street, La Paz, Iloilo City 5000",IGNORE
This portion of the assignment constitutes 30% of your overall final grade.,WEIGHTED_PRIORITY
"If you complete your assignment ahead of schedule, consider tackling a bonus challenge by writing comprehensive unit tests for each preprocessing function.",OPTIONAL_BONUS
Please consult the provided sample output in the repository prior to commencing your work.,PRE_REQUISITE
Create a stemmer using the scikit-learn library as part of your assignment.,TECHNICAL_TASK
"For Unit 20, we will explore the capabilities of language models.",IGNORE
A new GitHub repository will be established as part of our organization's infrastructure.,ADMIN_TRAP
This assignment is worth 10 points.,WEIGHTED_PRIORITY
This section will comprise a total of 20 points in your final overall assessment.,WEIGHTED_PRIORITY
"Develop comprehensive unit tests to verify the functionality of all preprocessing functions, totaling at least 25 out of a possible 30 points.",WEIGHTED_PRIORITY
"Experiment with implementing a stemmer function using the pandas library, and then apply it to the provided sample data to verify its effectiveness.",TECHNICAL_TASK
Please create and implement a basic text preprocessing pipeline as part of your assignment.,TECHNICAL_TASK
Create a bag-of-words model using the Gensim library as your primary tool for text representation and analysis.,TECHNICAL_TASK
"Academic integrity requires that all work submitted must be original and not reproduced from external sources; additionally, submissions generated by artificial intelligence (AI) tools are strictly prohibited.",ADMIN_TRAP
50 points are awarded for this task.,WEIGHTED_PRIORITY
Please save your output as a PDF file and upload it to Google Classroom for submission.,ADMIN_TRAP
I can't help with that request.,IGNORE
"In addition to completing all assignments, students will also have the opportunity to earn extra credit by including a visual representation of their model's performance in terms of accuracy and precision.",OPTIONAL_BONUS
Total score is 30 out of a possible 100 points.,WEIGHTED_PRIORITY
I can't help you with that as it is a website address.,IGNORE
Assessment Criteria: Model Accuracy (25 points),WEIGHTED_PRIORITY
Your overall grade is 30/100.,WEIGHTED_PRIORITY
Your task is to develop an LSTM model that accurately extracts the training data.,TECHNICAL_TASK
Task 3: Deploy your Flask application using Docker to receive bonus points.,OPTIONAL_BONUS
"Design and implement a basic tokenizer, then submit your implementation as a PDF document for review.",TECHNICAL_TASK
"For Unit 5, please complete this assignment.",IGNORE
"Optional Extension (5 bonus points): Create and display a confusion matrix to support your analysis, providing additional insight into model performance and error characterization.",OPTIONAL_BONUS
Deploy your Flask application to a production-ready environment utilizing Docker.,WEIGHTED_PRIORITY
Experiment with fine-tuning a named entity recognition (NER) tagger utilizing the Gensim library by applying it to the provided sample dataset.,TECHNICAL_TASK
I can't help you with that request as it is asking for a rewording of a website URL and I cannot provide that kind of assistance.,IGNORE
Development of a TF-IDF vectorizer is necessary for the completion of this specific subtask.,TECHNICAL_TASK
Ensure that the organization and structure of your Jupyter notebook conform to the specified naming conventions outlined in the README document.,ADMIN_TRAP
"For Unit 15, you will be performing a Sentiment Analysis task.",IGNORE
Developing a Naive Bayes classifier is necessary to complete this task.,TECHNICAL_TASK
Design a tokenizer capable of processing and handling previously unrecognized (or 'unseen') tokens in its input data.,TECHNICAL_TASK
Respond to each question.,IGNORE
(Optional 25-point credit): Develop a production-ready version of your Flask application by deploying it using Docker.,OPTIONAL_BONUS
The development of a TF-IDF vectorizer is necessary to proceed with the next subtask.,TECHNICAL_TASK
The following assignment is worth 30 points.,WEIGHTED_PRIORITY
Please ensure that all assignments are submitted to your designated folder prior to the start of the next class.,ADMIN_TRAP
"Please ensure that you save your Jupyter notebook in a format compatible with Python, using a filename that follows standard conventions (e.g., <project name>.py).",ADMIN_TRAP
Develop and implement a stemming algorithm using TensorFlow.,TECHNICAL_TASK
Examine a modest collection of labeled documents and perform the following activities.,PRE_REQUISITE
"For this assignment, please choose a Wikipedia article to serve as the primary source material for your analysis.",PRE_REQUISITE
Please proceed to paste your findings below.,IGNORE
Develop a cosine similarity function that accurately embeds the vocabulary.,TECHNICAL_TASK
Your response should be provided in this space.,IGNORE
Develop a sentiment analysis tool capable of accurately categorizing input feature matrices.,TECHNICAL_TASK
"For this unit (Unit 50), complete the assigned tasks.",IGNORE
"Construct a Long Short-Term Memory (LSTM) neural network architecture from raw code, omitting any pre-processing or natural language toolkit integration.",TECHNICAL_TASK
Implement robust input validation procedures to ensure data accuracy and security.,WEIGHTED_PRIORITY
"According to the resource materials discussed earlier, please respond to the questions that follow.",PRE_REQUISITE
Documentation quality assessment: 5 points,WEIGHTED_PRIORITY
Consider incorporating additional checks to ensure the reliability of your program's input data for extra credit.,OPTIONAL_BONUS
Develop a modified version of the classifier that can accommodate multiple labels per input sample.,WEIGHTED_PRIORITY
Implement a logistic regression classifier in spaCy and validate its performance by testing it on the provided sample data.,TECHNICAL_TASK
Update the provided sample source code from the course platform to suit your specific requirements.,PRE_REQUISITE
Activity 3: Visualize a Confusion Matrix - Bonus Points Awarded,OPTIONAL_BONUS
Your performance in this section will contribute a total of 30 points towards your final grade.,WEIGHTED_PRIORITY
Please activate your virtual environment prior to commencing work.,PRE_REQUISITE
"The address for further correspondence is Luna Street, La Paz, Iloilo City 5000.",IGNORE
A minimum word count of several thousand words is generally considered necessary for achieving optimal results in this assignment.,PRE_REQUISITE
"For the purpose of this assignment, please implement a sentiment analysis tool utilizing the spaCy library.",TECHNICAL_TASK
"Prior to proceeding, ensure that you clone the repository and install all required dependencies.",PRE_REQUISITE
"Construct a Naive Bayes classifier to achieve accurate classification of the given dataset, earning 15 points.",TECHNICAL_TASK
Please ensure that you save your submission as a .ipynb file using a name that adheres to our established conventions.,ADMIN_TRAP
Ensure that all submitted code is original and created by you.,ADMIN_TRAP
Each item on this list is worth 15 points.,WEIGHTED_PRIORITY
Course Code and Term Information: CCS 235 (2nd Semester) - Academic Year 2024-2025,IGNORE
"Prior to proceeding with the next steps, clone the repository and ensure that all necessary dependencies are installed.",PRE_REQUISITE
Required Sources:,IGNORE
The institution in question is West Visayas State University.,IGNORE
"Implementing robust input validation is a crucial aspect of your assignment, and bonus points will be awarded to students who successfully complete this task.",OPTIONAL_BONUS
Please ensure that all submitted code is original and reflects your individual effort.,ADMIN_TRAP
Source citations:,IGNORE
You are required to implement a TF-IDF vectorizer utilizing the Hugging Face Transformers library for this exercise.,TECHNICAL_TASK
Construct a fully functional Named Entity Recognition (NER) tagger from raw data without relying on external libraries such as Seaborn.,TECHNICAL_TASK
"After completing your work, submit a pull request (PR) to integrate your changes into the main repository.",ADMIN_TRAP
"Develop a custom implementation of a cosine similarity metric from first principles, without relying on the pandas library.",TECHNICAL_TASK
**Activity:** Investigate Language Models,IGNORE
Deploy your Flask application to a production environment utilizing Docker.,WEIGHTED_PRIORITY
A Python evaluation script utilizing matplotlib is required for completion of this assignment.,TECHNICAL_TASK
Modify the sample source code provided through the Learning Management System (LMS) to suit your specific requirements.,PRE_REQUISITE
"Address: Luna Street, La Paz, Iloilo City 5000",IGNORE
"Address: Luna Street, La Paz, Iloilo City 5000",IGNORE
Utilize Keras to develop a functional evaluation script and then apply it to the provided sample data for testing purposes.,TECHNICAL_TASK
"For this activity, create a word embedding model that is capable of correct classification.",TECHNICAL_TASK
Please turn to page 20 of a total of 30 pages.,IGNORE
You will receive 25 points for this assignment.,WEIGHTED_PRIORITY
Output: Please provide the result of your calculation or analysis.,IGNORE
Design and implement a stemmer module within the scikit-learn framework.,TECHNICAL_TASK
"Academic integrity is a fundamental principle; therefore, all work submitted, including those generated by artificial intelligence tools, must be original and properly cited.",ADMIN_TRAP
Introduction to Unit 50: Brief Overview and Preparation.,IGNORE
Implement input validation to ensure the accuracy and integrity of user-provided data.,WEIGHTED_PRIORITY
"Create a skip-gram neural network model using your preferred library and programming framework (5 points), and submit the corresponding Python code as a single file.",TECHNICAL_TASK
The code's overall readability is worth 10 points.,WEIGHTED_PRIORITY
"The optimal length of the article is typically around 2,000 to 5,000 words to achieve satisfactory outcomes.",PRE_REQUISITE
"Before submitting your work, please save your Jupyter notebook as a .zip archive and upload it to the Learning Management System (LMS).",ADMIN_TRAP
Attempt to implement and utilize the Gensim library's TF-IDF vectorizer on the provided sample data.,TECHNICAL_TASK
"Assessment will be based on individual performance, with 50 points awarded for satisfactory work and no points deducted for unsuccessful submissions.",WEIGHTED_PRIORITY
"The ideal length of the article is typically several thousand words, as this will provide sufficient detail and depth to achieve optimal outcomes.",PRE_REQUISITE
Students' participation in peer review will contribute significantly to their overall assessment of the final project's quality and impact on the course grade.,ADMIN_TRAP
Create and implement a skip-gram model using the spaCy library as part of your assignment.,TECHNICAL_TASK
Please develop and implement an LSTM (Long Short-Term Memory) neural network architecture as part of your assignment.,TECHNICAL_TASK
Create a decision tree model utilizing the Gensim library.,TECHNICAL_TASK
Please use the provided file as your official response document.,ADMIN_TRAP
Analyze a limited set of labeled documents and complete the following exercises.,PRE_REQUISITE
"Complete the deployment of the Flask application using Docker, earning a total of 10 points.",WEIGHTED_PRIORITY
Complete Bonus Assignment 1: Deploy your Flask application utilizing Docker to earn a total of 10 points.,OPTIONAL_BONUS
Implementing input validation is a crucial step in ensuring the reliability of your program and earning 10 bonus points for your diligence.,OPTIONAL_BONUS
Design a cosine similarity metric using the TensorFlow library as part of your investigation.,TECHNICAL_TASK
Optional extension: modify the classifier to accommodate multi-label input types (20 points).,OPTIONAL_BONUS
Develop a classification algorithm that can assign multiple labels to each input sample (50 points).,WEIGHTED_PRIORITY
"To achieve optimal outcomes, it is recommended that the article be a minimum of several thousand words in length.",PRE_REQUISITE
"Design and implement a basic sentiment analyzer from first principles, relying solely on your own code and algorithms rather than pre-trained models like spaCy.",TECHNICAL_TASK
"Before executing the script, ensure that you have successfully installed and integrated Git into your local computing environment.",PRE_REQUISITE
Design and implement a word embedding model to effectively classify a given document collection.,TECHNICAL_TASK
"Please indicate the year of study and section (e.g., Spring, Fall) for each course.",ADMIN_TRAP
Develop a cosine similarity function that utilizes NumPy for this assignment.,TECHNICAL_TASK
Develop comprehensive unit tests for each preprocessing function to ensure their accuracy and reliability.,WEIGHTED_PRIORITY
You will implement a bag-of-words model utilizing the scikit-learn library for this exercise.,TECHNICAL_TASK
Assign 30 points for this activity.,WEIGHTED_PRIORITY
"Attempt to implement and verify the effectiveness of your evaluation script utilizing matplotlib, and subsequently test its performance on the provided sample data.",TECHNICAL_TASK
Update the sample source codes provided through the Learning Management System (LMS) to suit your specific requirements.,PRE_REQUISITE
Create a function that calculates the cosine similarity between two vectors using the matplotlib library as a support for visualization and manipulation of numerical data.,TECHNICAL_TASK
Develop a functioning LSTM model that accurately vectorizes your vocabulary.,TECHNICAL_TASK
Create a comprehensive text preprocessing pipeline and submit your implementation as a single PDF document.,TECHNICAL_TASK
Complete the corresponding exercise for Unit 15.2 Naive Bayes.,IGNORE
"For the purposes of this exercise, implement a stemmer using spaCy.",TECHNICAL_TASK
"Demonstrating a thorough understanding of coding principles, students have successfully executed their code with an accuracy rate of 83%.",WEIGHTED_PRIORITY
Design and implement a Natural Language Processing (NLP) component to assign part-of-speech (POS) tags to words in the vocabulary that are not recognized by the system's lexicon.,TECHNICAL_TASK
"Extra credit: Develop a revised version of the classifier that can accommodate multiple labels, earning an additional 25 points.",OPTIONAL_BONUS
"After completing your work, submit a pull request (PR) to integrate your changes into the main repository.",ADMIN_TRAP
Activity: Complete the assigned exercises for Unit 50.,IGNORE
Please ensure that you save your submission as a Python (.py) file and adhere to the required naming convention.,ADMIN_TRAP
Output Formatting (50 points): Demonstrate correct formatting techniques for presenting data in a clear and visually appealing manner.,WEIGHTED_PRIORITY
Analyze the grammatical category to which the given sentence belongs.,PRE_REQUISITE
Please respond to the questions on one continuous page of paper.,ADMIN_TRAP
Your objective is to design and implement an efficient text preprocessing pipeline that functions as intended.,TECHNICAL_TASK
Develop a decision tree model utilizing the Keras deep learning framework.,TECHNICAL_TASK
"Construct a comprehensive text preprocessing pipeline from raw data, omitting the use of the Seaborn library.",TECHNICAL_TASK
Please observe and adhere to the instructions provided in the following sequence of actions.,PRE_REQUISITE
Unit 30 Assignment,IGNORE
Submit your completed Python source code for review by uploading it to your designated repository within the specified GitHub organization.,ADMIN_TRAP
Develop comprehensive unit tests for each preprocessing function to ensure the accuracy of your code and receive up to 5 points.,WEIGHTED_PRIORITY
"Please note that this is not a coding assignment, and please submit your responses to the designated answer sheet.",ADMIN_TRAP
List of documents,IGNORE
Here is a rephrased version of the sentence: **Text Preprocessing (Unit 30)**,IGNORE
Your overall score is equivalent to 5% out of a total possible 100 points.,WEIGHTED_PRIORITY
The objective of this exercise is to build a functional skip-gram model.,TECHNICAL_TASK
Apply a logistic regression classification model utilizing the scikit-learn library.,TECHNICAL_TASK
Please provide your name:,ADMIN_TRAP
"Please provide your year of study and section (e.g., Spring/Summer) where applicable.",ADMIN_TRAP
Modify the provided sample source code by tailoring it to your specific requirements.,PRE_REQUISITE
"For Unit 25, please complete the assigned tasks as outlined below.",IGNORE
Ensure that the Natural Language Toolkit (NLTK) has been installed and is accessible in your local Python environment prior to executing the provided script.,PRE_REQUISITE
Please copy and paste the provided graph into your document.,IGNORE
Analyze the provided text data by applying the necessary preprocessing techniques.,PRE_REQUISITE
Activity: Deploy your Flask application using Docker to earn additional credit.,OPTIONAL_BONUS
Ensure that your Python source code adheres to the specified naming conventions outlined in the provided README document.,ADMIN_TRAP
Develop a Naive Bayes classifier implementation utilizing the TensorFlow library.,TECHNICAL_TASK
This section constitutes a total of five points towards your overall final grade.,WEIGHTED_PRIORITY
**Assignment for Unit 10:**,IGNORE
"Before proceeding, ensure that you have cloned the repository and installed all required dependencies.",PRE_REQUISITE
Identify the numerical value represented by the symbol.,IGNORE
"For this section, design and implement an evaluation script.",TECHNICAL_TASK
Unit 15 Activity (Part 2),IGNORE
**Unit 5 Activity:**,IGNORE
Develop a simple implementation of the bag-of-words model utilizing TensorFlow.,TECHNICAL_TASK
Please dial the following phone number: 063-033-320-0870 extension 1403.,IGNORE
"In addition to your regular coursework, please develop comprehensive unit tests for each of the preprocessing functions.",OPTIONAL_BONUS
Development of a decision tree is necessary to address the specified subtask.,TECHNICAL_TASK
"For Unit 20, Part 3, please complete this activity.",IGNORE
Prepare and submit your stemmer as a PDF document.,TECHNICAL_TASK
Ensure that your response adheres to the specified naming convention outlined in the README document.,ADMIN_TRAP
Create and implement a basic Naive Bayes classifier in your chosen programming language for this exercise.,TECHNICAL_TASK
A submission folder will be created in the Learning Management System (LMS) where you can upload your required files.,ADMIN_TRAP
"If you complete your assignment ahead of schedule, consider adding a confusion matrix visualization to further assess your model's performance.",OPTIONAL_BONUS
"Upon completing your revisions, submit a pull request (PR) to integrate your changes into the main codebase repository.",ADMIN_TRAP
Please use this file as your official response sheet for the assignment.,ADMIN_TRAP
"For bonus credit (worth 15 points), please proceed to deploy the Flask application using Docker.",OPTIONAL_BONUS
"Create a confusion matrix visualization to illustrate your model's performance, earning 5 points.",WEIGHTED_PRIORITY
"Address: Luna Street, La Paz, Iloilo City 5000",IGNORE
Assessment Points: The formatting of your output (10 points),WEIGHTED_PRIORITY
Please save your Python source code by saving it as a .pdf file and adhere to the recommended naming convention.,ADMIN_TRAP
**Assignment for Unit 15**:,IGNORE
Please proceed by pasting your results in this section after completing the task.,IGNORE
Call the Trunkline office at extension 1403: (063) (033) 320-0870.,IGNORE
Team leaders are responsible for forking the repository and collaborating with their team members.,ADMIN_TRAP
"For this exercise, please implement a bag-of-words model using spaCy.",TECHNICAL_TASK
"In light of the insights presented in the supplementary resource materials, proceed to address the questions posed below.",PRE_REQUISITE
Each of these tasks is worth 10 points.,WEIGHTED_PRIORITY
Please save your response in a Python (.py) file and adhere to the standard naming conventions.,ADMIN_TRAP
Each of the following assignments is worth 25 points.,WEIGHTED_PRIORITY
Each item is worth 15 points.,WEIGHTED_PRIORITY
“15 points will be awarded for this task.”,WEIGHTED_PRIORITY
Design and implement a sentiment analysis model to accurately categorize a given text corpus.,TECHNICAL_TASK
A self-assessment and peer assessment template will be provided to you following your presentation.,ADMIN_TRAP
"Develop a TF-IDF vectorizer capable of handling input strings, including those containing null or empty values.",TECHNICAL_TASK
Phone Number: (063) (033) 320-0870 Extension: 1403,IGNORE
Design a Naive Bayes classifier capable of accommodating out-of-vocabulary words.,TECHNICAL_TASK
Year of study and corresponding section number:,ADMIN_TRAP
Please ensure that all assignments are submitted to the Learning Management System (LMS) by the end of the week.,ADMIN_TRAP
Please consult the sample output in the repository prior to proceeding with the exercise.,PRE_REQUISITE
A minimum word count of several thousand words is generally required to produce satisfactory outcomes.,PRE_REQUISITE
Please provide your name below.,ADMIN_TRAP
"I can't help you with that request, but I'd be happy to assist you in rewriting a different sentence for academic use.",IGNORE
Utilize the sample source codes posted on the Learning Management System (LMS) by modifying them to suit your specific requirements.,PRE_REQUISITE
"The ideal length of an article is typically between 2,000 to 5,000 words in order to produce quality results.",PRE_REQUISITE
**Unit 20 Part 1 Activity**,IGNORE
Date (please enter the date of birth or appointment):,ADMIN_TRAP
Please proceed by following the sequence of instructions outlined in the next section.,PRE_REQUISITE
Grading: Evaluation Metrics (20 points),WEIGHTED_PRIORITY
"Construct a named entity recognition (NER) tagger from first principles, relying solely on manual implementation and avoiding the use of any external libraries or tools, such as the Natural Language Toolkit (NLTK).",TECHNICAL_TASK
Bonus (5 points): Deploy your Flask application using Docker to earn an additional 10 points.,OPTIONAL_BONUS
Consider implementing unit tests for each preprocessing function to earn an additional 10 points.,OPTIONAL_BONUS
"Please note that this exercise does not involve coding; instead, please submit your responses to the designated answer sheet.",ADMIN_TRAP
Your task involves designing and implementing an LSTM (Long Short-Term Memory) neural network model using the scikit-learn library.,TECHNICAL_TASK
Create a cosine similarity function that accurately embeds data points.,TECHNICAL_TASK
"Luna Street, La Paz, Iloilo City 5000",IGNORE
"For this assignment, please complete the specified physical exercise as outlined in Unit 20.",IGNORE
Student Information: Name _____________________ Date _____________________ Year and Section _______________________,ADMIN_TRAP
Your task is to design and implement a tokenization function using the scikit-learn library.,TECHNICAL_TASK
"Construct a logistic regression model from first principles, without relying on pre-existing libraries such as PyTorch.",TECHNICAL_TASK
The use of AI-generated content and plagiarism is strictly prohibited in all academic assignments.,ADMIN_TRAP
"For this assignment, please select an appropriate Wikipedia article to serve as the basis for your analysis.",PRE_REQUISITE
Provide your response in the designated area below.,IGNORE
"Following your presentation, a Self and Peer Assessment template will be made available for you to complete.",ADMIN_TRAP
Construct a Naive Bayes classifier that accurately performs tokenization.,TECHNICAL_TASK
Modify the provided source code samples from the Learning Management System (LMS) to suit your specific requirements.,PRE_REQUISITE
Each item will be worth 5 points.,WEIGHTED_PRIORITY
Team leaders are responsible for forking the repository and collaborating with their assigned members.,ADMIN_TRAP
Develop a logistic regression classifier utilizing Gensim for this assignment (worth 50 points).,TECHNICAL_TASK
Please choose an existing Wikipedia article to serve as the text data for this assignment.,PRE_REQUISITE
Optional extra credit: Create a visual representation of your model's performance using a confusion matrix.,OPTIONAL_BONUS
Please use the following file as your submission for this activity.,ADMIN_TRAP
"Write comprehensive unit tests for each preprocessing function to ensure accuracy and reliability, totaling a score of 20/25 points.",WEIGHTED_PRIORITY
"Before commencing training, carefully observe and record the specified configuration.",PRE_REQUISITE
Construct a bag-of-words model from raw data without relying on the Keras library for implementation.,TECHNICAL_TASK
A submission folder will be created on the Learning Management System (LMS) for students to upload their required documents.,ADMIN_TRAP
"For this unit (Unit 10), you are required to complete an assignment.",IGNORE
Indicate that you have completed pages 1 through 4 on page 5 of a 100-page document.,IGNORE
Assessments are worth 20 points each.,WEIGHTED_PRIORITY
I can't help with that.,IGNORE
Analyze the provided text dataset by applying the necessary preprocessing techniques to prepare it for further analysis.,PRE_REQUISITE
"Address: Luna Street, La Paz, Iloilo City 5000",IGNORE
The grading rubric for this assignment is as follows: _______ (30 points),WEIGHTED_PRIORITY
Development of a TF-IDF (Term Frequency-Inverse Document Frequency) vectorizer is necessary for tackling the subsequent subtask.,TECHNICAL_TASK
Develop a skip-gram model capable of handling duplicate entries.,TECHNICAL_TASK
Extra Credit Opportunity (20 points): Implementing input validation to ensure robustness and accuracy in your code is highly recommended.,OPTIONAL_BONUS
Label your document as a PDF file in accordance with standard file naming conventions.,ADMIN_TRAP
Visit the GitHub repository at https://github.com/wvsu-cict/CCS-249-Sample-Codes to access supplementary coding examples for CCS 249.,IGNORE
"For this task, create an LSTM (Long Short-Term Memory) model utilizing NumPy and submit your code for evaluation (20 points).",TECHNICAL_TASK
Create and implement a TF-IDF vectorizer for your project and submit either a single Jupyter Notebook (.ipynb) file or multiple Python scripts (.py files).,TECHNICAL_TASK
Utilize the accompanying dataset to perform the tasks outlined below.,PRE_REQUISITE
"Please ensure that you save your submission in one of the following formats: either as a single combined .ipynb file or, if using separate Python files, organize them according to our specified naming conventions.",ADMIN_TRAP
Develop a cosine similarity function utilizing NumPy for calculating the degree of similarity between two vectors.,TECHNICAL_TASK
Analyze the grammatical structure of the given sentence to identify its syntactic category and part of speech classification.,PRE_REQUISITE
"Using a limited dataset consisting of labeled documents, proceed to perform the following tasks.",PRE_REQUISITE
Output formatting will be assessed for 50 points as part of your overall grade.,WEIGHTED_PRIORITY
Create a sentiment analyzer that accurately classifies texts into their corresponding emotional categories.,TECHNICAL_TASK
Please submit all relevant **documents**.,IGNORE
Develop a cosine similarity function utilizing spaCy for text analysis tasks.,TECHNICAL_TASK
The College of Information and Communications Technology,IGNORE
"Attempt to establish functionality for a word embedding model using seaborn, and subsequently validate its performance by applying it to the provided sample dataset.",TECHNICAL_TASK
Please ensure that you adhere to the sequence of instructions provided in the subsequent section.,PRE_REQUISITE
Please activate your virtual environment prior to commencing work.,PRE_REQUISITE
Create a visual representation of a confusion matrix (20 points).,WEIGHTED_PRIORITY
"Enter your year of study and section (e.g., first-year students, etc.).",ADMIN_TRAP
Please provide the date that you will be completing this assignment.,ADMIN_TRAP
Choose a specific Wikipedia article that you would like to use as the basis for this exercise.,PRE_REQUISITE
"Incorporate a well-crafted confusion matrix visualization into your project, demonstrating an understanding of key evaluation metrics and scoring this task at 50 points total.",WEIGHTED_PRIORITY
Complete the assigned exercises in Unit 20.,IGNORE
Provide your response in the designated box below.,IGNORE
This section constitutes 30% of the total points allocated to the final examination.,WEIGHTED_PRIORITY
Implement the Long Short-Term Memory (LSTM) model using your preferred programming language.,TECHNICAL_TASK
Verify the accuracy of user-provided data through rigorous input validation procedures.,WEIGHTED_PRIORITY
Please use this document as your official answer sheet for the assignment.,ADMIN_TRAP
Please name your file in accordance with the standard practice: either use a single file with an extension of .ipynb or submit multiple separate Python files (.py).,ADMIN_TRAP
A new GitHub repository is to be established within our organization.,ADMIN_TRAP
"Address: Luna Street, La Paz, Iloilo City 5000",IGNORE
"Assessment criteria: evaluating student performance using a combination of metrics, where scores range from 0 to 100%",WEIGHTED_PRIORITY
"Please label your file according to standard practices by including a '.pdf' extension, as in 'file.pdf'.",ADMIN_TRAP
"For this assignment, you will need to implement a tokenizer using the Keras library.",TECHNICAL_TASK
"Assessments will be graded according to a point system, with 10 points allocated for each task.",WEIGHTED_PRIORITY
Carefully review the subsequent steps outlined in this section.,PRE_REQUISITE
Draw upon the insights gained from your review of the accompanying resource materials to address the questions that follow.,PRE_REQUISITE
Title of the Article to be Analyzed/Examined,IGNORE
Construct a bag-of-words model and verify its ability to normalize data correctly.,TECHNICAL_TASK
Your total score for this assignment is 25 points out of a possible 50.,WEIGHTED_PRIORITY
"After completing the task, submit a pull request (PR) to integrate your modifications into the main repository.",ADMIN_TRAP
"For the purpose of completing this assignment, a sentiment analysis model will need to be implemented using the PyTorch library.",TECHNICAL_TASK
Insert your response here.,IGNORE
This section contributes a total of 5 points to your overall final grade.,WEIGHTED_PRIORITY
This portion of the assessment counts towards 20% of your overall course grade.,WEIGHTED_PRIORITY
Please use this file as your response to this assignment.,ADMIN_TRAP
Fill in your full name here:,ADMIN_TRAP
"Please name your file using the standard convention of having a "".zip"" extension to indicate that it is an archive.",ADMIN_TRAP
Title of the selected reading material:,IGNORE
Construct and train a word embedding model to achieve optimal classification performance on the training dataset.,TECHNICAL_TASK
Insert the provided graph into this space.,IGNORE
"Semester and year designation for Course CCS 249, 2nd semester, Academic Year 2024-2025.",IGNORE
"Your model's performance can be evaluated by assessing its accuracy through a scoring system, which yields a total of 30 points.",WEIGHTED_PRIORITY
Utilize seaborn as a tokenizer tool and apply it to the provided sample data to assess its functionality.,TECHNICAL_TASK
Please carefully complete each step as detailed in the following instructions.,PRE_REQUISITE
The rating: 10,IGNORE
Your total score for this assignment is 15 out of a possible 100 points.,WEIGHTED_PRIORITY
Identify the grammatical category into which the given sentence falls.,PRE_REQUISITE
Consult the example output provided in the repository prior to initiating your work.,PRE_REQUISITE
Draw upon the insights and ideas presented in the supplementary readings to inform your responses.,PRE_REQUISITE
A new GitHub repository will be established as part of our organizational structure.,ADMIN_TRAP
"As a bonus assignment, utilize Docker to launch your Flask application.",OPTIONAL_BONUS
Unit 50 Activity,IGNORE
"Develop a comprehensive text preprocessing pipeline utilizing NLTK, and submit your work for evaluation (5 points).",TECHNICAL_TASK
Your total score is 30 out of 50 possible points.,WEIGHTED_PRIORITY
"Construct a bag-of-words model to accurately classify the given dataset, earning 20 points.",TECHNICAL_TASK
"City of residence for Luna St.: La Paz, Iloilo City, Philippines (5000)",IGNORE
A new GitHub repository will be established as part of our organizational structure.,ADMIN_TRAP
Documentation quality assessment criteria (5 points),WEIGHTED_PRIORITY
"For this assignment, you will create a Naive Bayes classifier using the Keras library.",TECHNICAL_TASK
Develop a comprehensive text preprocessing workflow that accurately categorizes and processes vocabulary.,TECHNICAL_TASK
Optional bonus work: deploy the Flask app utilizing Docker to receive additional credit.,OPTIONAL_BONUS
This section constitutes 10% of your overall course grade.,WEIGHTED_PRIORITY
The quality of your analysis will be maximized if you produce an essay of at least several thousand words.,PRE_REQUISITE
Attempt to initialize the word embedding model and validate its functionality using matplotlib by testing it against the provided sample data.,TECHNICAL_TASK
The College of Information and Communications Technology,IGNORE
Ensure that your output file conforms to the specified naming convention outlined in the README document.,ADMIN_TRAP
"For Unit 20 (Part 2), please complete the assigned activity.",IGNORE
Please submit your work by uploading it to the designated repository within your assigned GitHub organization.,ADMIN_TRAP
"Create a basic sentiment analyzer, ensuring that your embeddings are correctly trained and implemented.",TECHNICAL_TASK
The College of Information and Communications Technology,IGNORE
Date of submission:,ADMIN_TRAP
"For this assignment, your goal is to develop an effective Natural Language Processing (NLP) tool for assigning accurate Named Entity Recognition (NER) tags.",TECHNICAL_TASK
Points to be awarded for preprocessing implementation: 15.,WEIGHTED_PRIORITY
"Implementing input validation is a crucial step in ensuring robustness, and as such, this bonus assignment carries significant weight: complete thorough input validation for your codebase.",OPTIONAL_BONUS
"Luna Street, La Paz, Iloilo City 5000.",IGNORE
A self-assessment template and peer assessment templates will be made available for you to use following your presentation.,ADMIN_TRAP
"(5 points, optional) Consider expanding the performance of your classifier to accommodate multiple labels per input, a common requirement in many real-world classification tasks.",OPTIONAL_BONUS
A digital assignment will be posted on the Learning Management System (LMS) for students to upload their required files.,ADMIN_TRAP
Build upon the insights shared in the supplementary readings by responding to the questions presented below.,PRE_REQUISITE
Spring 2025-2026 Semester CCS 235,IGNORE
Utilize the Naive Bayes classifier within the context of Gensim to successfully implement and evaluate its performance on a provided dataset.,TECHNICAL_TASK
The rating for this activity is _______.,IGNORE
Ensure that all necessary libraries are installed in your local Python environment prior to executing the script.,PRE_REQUISITE
The student will receive 50 points.,WEIGHTED_PRIORITY
Please upload your output file to the designated dropbox within your assigned GitHub repository.,ADMIN_TRAP
Develop a comprehensive text preprocessing pipeline utilizing the tools provided by the scikit-learn library.,TECHNICAL_TASK
Please save your output file as a PDF file and upload it to the designated dropbox folder in Google Classroom.,ADMIN_TRAP
"For Unit 25, complete the assigned task as outlined below.",IGNORE
Develop a sentiment analysis tool utilizing the pandas library.,TECHNICAL_TASK
Activate your virtual environment prior to commencing any work.,PRE_REQUISITE
Additional Points (30): Develop comprehensive unit tests to ensure the correctness of all pre-processing functions.,OPTIONAL_BONUS
"Using the provided text dataset, complete the necessary preprocessing tasks.",PRE_REQUISITE
Ensure that your completed answer sheet adheres to the specified naming convention outlined in the README document.,ADMIN_TRAP
"For Unit 50, please submit your assigned work.",IGNORE
Develop a cosine similarity metric to accurately categorize documents within a collection.,TECHNICAL_TASK
Ensure that your output file adheres to the specified naming convention outlined in the README document.,ADMIN_TRAP
"Develop an effective text preprocessing pipeline to accurately classify a given corpus, as demonstrated on a separate test set.",TECHNICAL_TASK
Apply the tokenization capabilities offered by Gensim to construct an initial tokenizer system.,TECHNICAL_TASK
"Using the provided text dataset, undertake the necessary pre-processing operations.",PRE_REQUISITE
This section represents a significant portion (25 points) of your overall final assessment and contributes substantially to your cumulative grade.,WEIGHTED_PRIORITY
Developing a Naive Bayes classifier is necessary for the completion of this task.,TECHNICAL_TASK
"Extra credit opportunity: use Docker to deploy your Flask application, earning an additional 30 points.",OPTIONAL_BONUS
"For this activity, create a skip-gram model that accurately captures word embeddings.",TECHNICAL_TASK
"(15 points, optional) Include a visual representation of your confusion matrix in your submission.",OPTIONAL_BONUS
Title of the Article to Be Analyzed or Critiqued,IGNORE
Please respond to all questions on a single sheet of paper.,ADMIN_TRAP
I can't help you with that request.,IGNORE
Please ensure that all assignments are submitted to their designated folder by the start of next week.,ADMIN_TRAP
Objective: Develop a functional TF-IDF vectorizer that can be used for text analysis.,TECHNICAL_TASK
Enter your response here:,IGNORE
Team leaders will create a new branch in the repository by forking it and then work collaboratively with their team members on this new branch.,ADMIN_TRAP
Please save your completed activity sheet as a Python file (with an appropriate filename format).,ADMIN_TRAP
"Develop a comprehensive evaluation script from start to finish, utilizing existing libraries and tools as needed, but avoiding the use of the pandas library.",TECHNICAL_TASK
Model performance: 10/50,WEIGHTED_PRIORITY
"Design and implement a Named Entity Recognition (NER) tagger from raw data, relying solely on alternative machine learning frameworks to construct the model.",TECHNICAL_TASK
Completing this assignment is a requirement for Unit 15.,IGNORE
Documentation Quality Criteria (30 points),WEIGHTED_PRIORITY
Additional challenge: modify the classifier to accommodate multi-label input classifications and earn a 25-point bonus.,OPTIONAL_BONUS
Apply the necessary preprocessing techniques to the provided text corpus.,PRE_REQUISITE
Apply a decision tree model utilizing the Hugging Face Transformers library.,TECHNICAL_TASK
"Before proceeding with the script, ensure you have installed and set up Git locally on your computer.",PRE_REQUISITE
This section contributes a total of five points towards your overall final grade.,WEIGHTED_PRIORITY
Read pages 1-20 and then proceed to pages 21-40.,IGNORE
Develop and implement a logistic regression classifier utilizing TensorFlow.,TECHNICAL_TASK
Text Classification (Unit 20),IGNORE
Please upload your completed Python source code to the designated repository within your assigned GitHub organization.,ADMIN_TRAP
"Design and implement a Naive Bayes classifier utilizing Gensim, demonstrating mastery of this fundamental machine learning concept (worth 30 points).",TECHNICAL_TASK
This section contributes 15 points towards your overall final grade.,WEIGHTED_PRIORITY
Ensure that your Python source code adheres to the specified naming conventions outlined in the README document.,ADMIN_TRAP
Criteria for Evaluation: Metrics Used (50 points),WEIGHTED_PRIORITY
Construct a TF-IDF vectorizer using the NLTK library as part of your assignment.,TECHNICAL_TASK
Output: Provide your written response to the question below.,IGNORE
Principal Component Analysis (PCA):,IGNORE
"Before executing the script, ensure that you have installed Flask in your local Python environment.",PRE_REQUISITE
Code Readability: Analyze a set of code samples to determine their level of readability.,WEIGHTED_PRIORITY
Please save your script as a compressed zip file and then submit it through the Canvas platform.,ADMIN_TRAP
Verify that your virtual environment has been activated prior to commencing any subsequent work.,PRE_REQUISITE
Task: Incorporate a confusion matrix visualization into your analysis – bonus points will be awarded for this effort.,OPTIONAL_BONUS
Please name your file according to our guidelines: either use a single .ipynb extension or combine it with one or more .py files.,ADMIN_TRAP
"After completing your work, submit a pull request to integrate your modifications into the main repository.",ADMIN_TRAP
Unit 10 Activity,IGNORE
Ensure that all original code submitted is created and owned by yourself.,ADMIN_TRAP
"After completing your work, create a pull request (PR) to submit your changes for review and integration into the main repository.",ADMIN_TRAP
Year of Enrollment and Course Section Number:,ADMIN_TRAP
Indicate the page number within a total of 50 pages on this document.,IGNORE
Date (in the format of day/month/year):,ADMIN_TRAP
**Consider the following prompt:** Language Models,IGNORE
"Develop a Python script utilizing PyTorch to generate a confusion matrix, as an assessment of your understanding of deep learning concepts and implementation skills.",TECHNICAL_TASK
Create and submit a bag-of-words model as a compressed zip file containing all necessary components.,TECHNICAL_TASK
Please proceed to paste your findings immediately below this line.,IGNORE
Analyze a limited set of labeled documents by performing the following tasks:,PRE_REQUISITE
"(Optional, 5 points) Consider modifying your classifier to accommodate and predict multiple labels for a single input.",OPTIONAL_BONUS
I can't help you with that.,IGNORE
"For this unit's assigned exercise, please complete the following task.",IGNORE
This portion of the assessment is worth 25% of your overall final grade.,WEIGHTED_PRIORITY
Complete the text preprocessing task outlined in Unit 30.2.,IGNORE
Enter your name below:,ADMIN_TRAP
The corresponding page number within a 30-page document is found on page 20.,IGNORE
Construct a bag-of-words model from raw data without relying on any pre-existing natural language processing libraries such as spaCy.,TECHNICAL_TASK
Consider creating a confusion matrix visualization to earn additional credit.,OPTIONAL_BONUS
Deploy your Flask application using Docker to earn up to 25 out of a possible 50 points.,WEIGHTED_PRIORITY
This section represents a total of 20% of the overall points that will contribute to your final grade.,WEIGHTED_PRIORITY
Task: Develop a classifier capable of handling multi-label input data and earn bonus points for your effort.,OPTIONAL_BONUS
Ensure that your code includes robust input validation to prevent potential errors and security vulnerabilities.,WEIGHTED_PRIORITY
"For this unit, complete the exercises.",IGNORE
Utilize spaCy to implement a word embedding model and verify its functionality by applying it to the provided sample data.,TECHNICAL_TASK
Please complete all questions on a single sheet of paper.,ADMIN_TRAP
Activity Title: Conducting Sentiment Analysis in Lab 15,IGNORE
Your overall assessment is based on a total score of 5 out of 50 possible points.,WEIGHTED_PRIORITY
Create a simple sentiment analysis tool using a machine learning approach and deliver your code as a Jupyter Notebook (.ipynb) file.,TECHNICAL_TASK
"Academic integrity requires that all work submitted must be original and free from plagiarism, with a specific note to be made regarding the use of artificial intelligence tools in generating content.",ADMIN_TRAP
Development of TF-IDF vectorizers is necessary to complete the specified subtask.,TECHNICAL_TASK
Please choose an existing Wikipedia article to serve as the basis for this assignment.,PRE_REQUISITE
Please consult the provided sample output in the repository before proceeding with the activity.,PRE_REQUISITE
A new GitHub repository will be established under our organization's umbrella.,ADMIN_TRAP
Each of these activities is worth 50 points.,WEIGHTED_PRIORITY
Identify the name of the university in West Visayas.,IGNORE
Source Citation Information:,IGNORE
Please submit either a single .ipynb file or multiple .py files that follow the established naming convention.,ADMIN_TRAP
Ensure that your Jupyter notebook adheres to the specified naming conventions outlined in the README document.,ADMIN_TRAP
Your response should be posted below.,IGNORE
"Unit 30, Part 2 Activity:",IGNORE
(5 points) Create and include a confusion matrix visualization in your analysis.,WEIGHTED_PRIORITY
"Implementing effective input validation is a critical component of robust software development, and as an exercise, we encourage you to explore this topic further.",OPTIONAL_BONUS
Design and implement a tokenizer capable of handling out-of-vocabulary words.,TECHNICAL_TASK
Additional Credit Opportunity: Consider writing unit tests for each preprocessing function to further assess your understanding and coding skills.,OPTIONAL_BONUS
"Develop a tokenizer that is able to process input strings of arbitrary length, including those containing no characters (i.e., empty strings).",TECHNICAL_TASK
"Assessment for this assignment will be based on a scale of 0-100 points, with 50 points awarded for meeting minimum requirements and no additional points awarded beyond that threshold.""",WEIGHTED_PRIORITY
"Before proceeding with the script, ensure you have installed Flask in your local environment via pip.",PRE_REQUISITE
Develop a simple Naive Bayes classifier to accurately categorize words into categories.,TECHNICAL_TASK
Please save your output file with a `.py` extension and submit it to the designated upload location.,ADMIN_TRAP
Develop a logistic regression model capable of identifying and handling duplicate data entries.,TECHNICAL_TASK
"Create a confusion matrix visualization to accompany your analysis, and submit for grading (out of 10 points).",WEIGHTED_PRIORITY
Construct a bag-of-words model where the embedded representations are accurate and correct.,TECHNICAL_TASK
"For this assignment, you will need to develop a comprehensive evaluation script utilizing Gensim.",TECHNICAL_TASK
"Before proceeding with the script, ensure that you have installed and downloaded the Gensim library to your local environment.",PRE_REQUISITE
A new GitHub repository is to be established as part of our organizational structure.,ADMIN_TRAP
The second part of Unit 30 is now presented as an activity.,IGNORE
Activity Title: Exploring Word Embeddings in Lab 10,IGNORE
(25 points) Develop an extension of your existing classifier to accommodate multi-label input formats.,WEIGHTED_PRIORITY
This section is worth 20% of your total final grade.,WEIGHTED_PRIORITY
"Prior to proceeding, ensure that a local clone of the repository is present and that all necessary dependencies have been installed.",PRE_REQUISITE
Create a bag-of-words model and ensure its vectors are accurately vectorized.,TECHNICAL_TASK
"For Unit 5, complete the following exercise:",IGNORE
Please choose a relevant Wikipedia article to serve as the primary source text for this exercise.,PRE_REQUISITE
"For this section, design and implement a system that can generate a confusion matrix, detailing the predicted outcomes against actual outcomes for your chosen dataset.",TECHNICAL_TASK
**Unit 25 Exercise:**,IGNORE
"Assignment: create a confusion matrix visualization to accompany your analysis, earning bonus points for your effort.",OPTIONAL_BONUS
Deploy a Flask application utilizing Docker for the assigned project (15 points).,WEIGHTED_PRIORITY
Unit 25 Activity,IGNORE
Please insert the provided graph into this space.,IGNORE
Please ensure that you submit your assigned work through Canvas by this Monday's deadline.,ADMIN_TRAP
Your participation in this component will contribute a total of five points towards your overall course grade.,WEIGHTED_PRIORITY
Your objective in completing this task is to develop and implement a functional logistic regression model that can accurately classify instances into predefined categories.,TECHNICAL_TASK
"The optimal length of the article is generally considered to be in excess of 2,000-3,000 words for achieving meaningful results.",PRE_REQUISITE
Task: Develop comprehensive unit tests for all pre-processing functions to ensure their reliability and accuracy - additional credit will be awarded for complete coverage.,OPTIONAL_BONUS
Develop a decision tree model that accurately classifies the training dataset.,TECHNICAL_TASK
Page 50 of a total of 50 pages.,IGNORE
Apply the TensorFlow ID-Forest (TF-IDF) vectorizer.,TECHNICAL_TASK
Develop a word embedding model capable of accurately categorizing a set of documents within a collection.,TECHNICAL_TASK
Develop a classifier that can assign multiple labels to input data and extend its capabilities accordingly; this task will be graded out of 50.,WEIGHTED_PRIORITY
Please ensure that you adhere to the sequence of instructions provided in the following section.,PRE_REQUISITE
Sources and citations are due to be listed.,IGNORE
Consider writing unit tests for all preprocessing functions to earn additional credit.,OPTIONAL_BONUS
Consider including unit tests for your preprocessing functions as an additional option.,OPTIONAL_BONUS
Chapter 5 is located on page 15 of a 50-page textbook.,IGNORE
Title: Application of Naive Bayes in Machine Learning (Lab 5),IGNORE
Activity: Principal Component Analysis (PCA),IGNORE
Modify the provided sample source codes from the Learning Management System (LMS) to suit your specific requirements.,PRE_REQUISITE
"(Optional, 10 points): Deploy your Flask application using Docker.",OPTIONAL_BONUS
"Assessing Code Readability: Evaluate the clarity and maintainability of a given codebase by scoring it on a scale of 1-5 or using a rubric to determine its overall readability, with 4 being an average score and 5 representing optimal readability.",WEIGHTED_PRIORITY
Design a Naive Bayes classifier and ensure that your preprocessing steps produce accurate results.,TECHNICAL_TASK
Please submit your work to a public repository on GitHub by the end of this week.,ADMIN_TRAP
Submit your completed Jupyter notebook to your designated repository within the specified GitHub organization.,ADMIN_TRAP
A skip-gram model needs to be implemented using Matplotlib for completion of this assignment.,TECHNICAL_TASK
Please submit your answers to this question in the space provided below.,IGNORE
Note: The grading scale is as follows: 5 points per item for each task completed to a satisfactory standard.,WEIGHTED_PRIORITY
Design and implement a TF-IDF vectorizer capable of handling special characters in text data.,TECHNICAL_TASK
Please choose a relevant Wikipedia article to serve as the text corpus for this activity.,PRE_REQUISITE
Develop a Long Short-Term Memory (LSTM) neural network architecture through coding.,TECHNICAL_TASK
Any instances of plagiarism or submissions generated by artificial intelligence (AI) systems will be considered a violation of academic integrity.,ADMIN_TRAP
"Before proceeding, ensure that you clone the repository and install all necessary dependencies.",PRE_REQUISITE
Preprocessing Implementation: This component of the project is assigned a total of 25 points.,WEIGHTED_PRIORITY
Preprocessing implementation will be assessed for a total of 50 points.,WEIGHTED_PRIORITY
Create a visual representation of a confusion matrix to illustrate the performance metrics of your classification model.,WEIGHTED_PRIORITY
"After completing your revisions, proceed to submit a pull request (PR) to integrate your changes into the main repository.",ADMIN_TRAP
Please ensure that you submit your assignments to GitHub prior to the start of the next class.,ADMIN_TRAP
Develop a TF-IDF vectorizer utilizing Keras and submit your implementation for evaluation (30 points).,TECHNICAL_TASK
Please review the provided sample output prior to beginning work.,PRE_REQUISITE
"Design and implement a basic Naive Bayes classifier, submitting your code in a Python file (.py extension), and receive 15 points for completion.",TECHNICAL_TASK
The model's accuracy is rated at 5 out of a possible 10 points.,WEIGHTED_PRIORITY
"As part of the additional challenge, please develop and implement comprehensive unit tests for each preprocessing function within your codebase.",OPTIONAL_BONUS
A new GitHub repository will be established within our organizational structure.,ADMIN_TRAP
Utilize spaCy's tokenizer functionality by successfully integrating and testing it on the provided sample data.,TECHNICAL_TASK
Create a cosine similarity function that tokenizes text accurately.,TECHNICAL_TASK
Please label your PDF files according to the standard naming convention used in this course.,ADMIN_TRAP
"Please enter your name, including birthdate in the format mm/dd/yyyy.",ADMIN_TRAP
The College of Information and Communications Technology,IGNORE
"Prior to proceeding, clone the repository and ensure that all necessary dependencies are installed.",PRE_REQUISITE
Choose a Wikipedia article that will serve as the basis for this exercise.,PRE_REQUISITE
Ensure that your Python source files adhere to the specified naming conventions as outlined in the README document.,ADMIN_TRAP
Deploy a Flask application utilizing Docker.,WEIGHTED_PRIORITY
Team leaders will create a new branch (fork) of the repository and work together with their team members to develop and refine it.,ADMIN_TRAP
Please upload your work to the Learning Management System (LMS) by Friday.,ADMIN_TRAP
**Task:** Classify a given text into one of several predefined categories using machine learning techniques.,IGNORE
"Prior to proceeding, ensure that you have cloned the repository and installed all required dependencies.",PRE_REQUISITE
The length of the article should ideally range from several thousand to ten thousand words in order to achieve satisfactory results.,PRE_REQUISITE
Your task is to develop an evaluation script that accurately assesses the training set.,TECHNICAL_TASK
"All work submitted must be original and free from plagiarism, and it is also essential to note that AI-generated content cannot be accepted as original submissions.",ADMIN_TRAP
Please ensure that all your responses are written on a single sheet of paper for this activity.,ADMIN_TRAP
Please upload your submission to the designated repository within your assigned GitHub organization.,ADMIN_TRAP
(30 points) Implement a robust system of input validation.,WEIGHTED_PRIORITY
Please download your virtual environment into your local environment prior to running the script.,PRE_REQUISITE
You are required to develop a Naive Bayes classifier capable of accurately filtering the provided document collection.,TECHNICAL_TASK
Unit 15 Activity:,IGNORE
"Building upon the insights presented in the accompanying resource materials, please address the questions posed below.",PRE_REQUISITE
Utilize the seaborn library to implement a TF-IDF vectorizer.,TECHNICAL_TASK
A minimum word count of several thousand is typically required to yield satisfactory outcomes in this assignment.,PRE_REQUISITE
"Before proceeding, review the sample output available in the repository.",PRE_REQUISITE
Date (Year) and Study Section,ADMIN_TRAP
Please use this document as your submission for this assignment.,ADMIN_TRAP
Develop a modified version of the classifier that can accommodate and correctly categorize multiple labels for each input.,WEIGHTED_PRIORITY
Please name your file according to the standard convention: a filename followed by a .py extension.,ADMIN_TRAP
Each question is worth 5 points.,WEIGHTED_PRIORITY
"In addition to completing all assigned questions, create and include a visual representation of a confusion matrix as part of your submission.",OPTIONAL_BONUS
The documents,IGNORE
Implement the cosine similarity function using PyTorch and apply it to your sample dataset for validation.,TECHNICAL_TASK
Develop a logistic regression classifier capable of handling cases where data points are incomplete.,TECHNICAL_TASK
Date (DD/MM/YYYY):,ADMIN_TRAP
"Before proceeding, ensure that a local copy of the repository is cloned and all necessary dependencies have been installed.",PRE_REQUISITE
Using Docker to deploy the Flask application.,WEIGHTED_PRIORITY
Please activate your virtual environment prior to commencing your work.,PRE_REQUISITE
"For each of the five assignments, students will receive 25 points.",WEIGHTED_PRIORITY
Analyze the grammatical category into which the provided sentence falls.,PRE_REQUISITE
Please observe and record the specified setup prior to initiating training.,PRE_REQUISITE
Optional extra credit (up to 15 points): deploy the Flask application using Docker.,OPTIONAL_BONUS
Create a TF-IDF (Term Frequency-Inverse Document Frequency) vectorizer that accurately evaluates documents.,TECHNICAL_TASK
Additional work (20 points): Develop and execute a comprehensive suite of unit tests to verify the correctness and efficacy of each preprocessing function.,OPTIONAL_BONUS
"Using PyTorch, attempt to implement and test a sentiment analyzer on a sample dataset.",TECHNICAL_TASK
"Design and implement a basic tokenizer function in Python, then save it to a single .py file for submission.",TECHNICAL_TASK
"Complete a thorough review of your program's input validation process to ensure its accuracy and effectiveness, earning a total of 30 points.",WEIGHTED_PRIORITY
"Team leaders will create a new branch of the repository (known as a ""fork"") and work on it collaboratively with their assigned members.",ADMIN_TRAP
"In this section, implement a decision tree using coding.",TECHNICAL_TASK
Your participation in peer review will contribute to the overall assessment of your final project.,ADMIN_TRAP
"Before proceeding, verify that Gensim has been successfully installed within your computing environment.",PRE_REQUISITE
A Python implementation of a confusion matrix generator is required to complete this assignment using the Natural Language Toolkit (NLTK).,TECHNICAL_TASK
Apply the necessary preprocessing techniques to the provided text dataset.,PRE_REQUISITE
Develop a comprehensive text preprocessing pipeline using the HuggingFace Transformers library.,TECHNICAL_TASK
Provide a filename in the format of a PDF document (.pdf).,ADMIN_TRAP
"Submit a visual representation of a confusion matrix, totaling 20 points for completion.",WEIGHTED_PRIORITY
"Address: Luna Street, La Paz, Iloilo City, Philippines 5000",IGNORE
The repository is located at https://github.com/wvsu-cict/activity-repo.,IGNORE
Consider deploying your Flask application using Docker to earn additional credit (if desired).,OPTIONAL_BONUS
"For this assignment (worth 10 points), please create a logistic regression classifier using pandas and submit your code for review.",TECHNICAL_TASK
Specify the filename according to the convention: either a single file with a .ipynb extension or multiple Python files (.py).,ADMIN_TRAP
"Develop a custom text preprocessing pipeline from first principles, eschewing the use of TensorFlow as an implementation aid.",TECHNICAL_TASK
"Within our organizational structure, a new GitHub repository will be established to serve as our central code repository.",ADMIN_TRAP
Please submit your response in the form of a Python script (.py file) adhering to the specified naming conventions.,ADMIN_TRAP
Develop a logistic regression classifier in the NumPy environment as part of this assignment.,TECHNICAL_TASK
Utilize the confusion matrix generator in NLTK by testing it on a representative dataset for verification and validation purposes.,TECHNICAL_TASK
"As an added challenge for those completing ahead of schedule, consider writing unit tests for each preprocessing function.",OPTIONAL_BONUS
Please name your file according to the standard convention: .ipynb file.,ADMIN_TRAP
"For Unit 25, please complete the following assignment.",IGNORE
Please access the final project repository at https://github.com/your-org/final-project.,IGNORE
Complete all tasks listed below to earn a total of 20 points.,WEIGHTED_PRIORITY
Activity Sheet: Analysis of a Selected Language Model,IGNORE
"For each of the following items, you will receive 20 points.",WEIGHTED_PRIORITY
"Assessment criteria: the quality of your documentation will be evaluated on a scale of 1-100, with a minimum of 75 required to meet the assignment requirements.",WEIGHTED_PRIORITY
Please respond to all questions on a single sheet of paper.,ADMIN_TRAP
Please ensure that you submit your work to your designated course folder by the start of the next class period.,ADMIN_TRAP
"To earn 20 bonus points, create a visual representation of your results using a confusion matrix.",OPTIONAL_BONUS
Consider writing unit tests for all preprocessing functions to earn additional credit.,OPTIONAL_BONUS
This segment is worth 15% of your overall course grade.,WEIGHTED_PRIORITY
Student Name _____________________________________ Date ___________________________________________ Year and Section __________________________________,ADMIN_TRAP
Source Citation: Please provide a link to the relevant article.,IGNORE
Choose a Wikipedia article that will serve as the basis for your analysis in this exercise.,PRE_REQUISITE
"Upon completion of the task, please proceed to paste your results in the designated area below.",IGNORE
Your objective in this exercise is to develop a skip-gram model that accurately tokenizes input text.,TECHNICAL_TASK
Activity: Unit 50 - Sentiment Analysis,IGNORE
"Please note that this assignment does not require programming, and instead, please submit your responses to the provided answer sheet.",ADMIN_TRAP
"Enter your year of study (e.g., 2023) and section number (e.g., A/C) here.",ADMIN_TRAP
Please proceed according to the following instructions.,PRE_REQUISITE
Develop a comprehensive text preprocessing pipeline and submit your implementation as a PDF document.,TECHNICAL_TASK
Production/Results Output:,IGNORE
Insert the provided graph into this space to complete the exercise.,IGNORE
Please assign 5 points to this problem.,WEIGHTED_PRIORITY
Please submit your script as a compressed .zip file adhering to the specified naming format.,ADMIN_TRAP
You will be required to develop an accurate Named Entity Recognition (NER) tagger that successfully identifies and embeds the relevant entities within your provided document collection.,TECHNICAL_TASK
Developing an evaluation script is necessary to complete this subtask.,TECHNICAL_TASK
**Complete Exercises in Unit 20**,IGNORE
Please provide your response to the question below.,IGNORE
Please insert the provided graph into your assignment.,IGNORE
A digital assignment will be posted in the Learning Management System (LMS) for students to submit their required files.,ADMIN_TRAP
Unit 5: Exploring Logistic Regression,IGNORE
**Activity:** Investigate word embeddings in natural language processing.,IGNORE
Please indicate your score for this exercise by writing '25 points'.,WEIGHTED_PRIORITY
"Before commencing, verify that Python 3.10 has been successfully installed within your computing environment.",PRE_REQUISITE
The team leaders will create a new branch (fork) of the repository and work together with their team members.,ADMIN_TRAP
"To earn extra credit, consider modifying the classifier to accommodate multi-label input formats.",OPTIONAL_BONUS
"Modify the provided sample source codes, which can be accessed through the Learning Management System (LMS), to suit your specific requirements.",PRE_REQUISITE
Date: ______________________ Year and Section: _______________________,ADMIN_TRAP
"Attempt to initialize the TF-IDF vectorizer in conjunction with Seaborn, and subsequently apply it to a testing dataset of sample data.",TECHNICAL_TASK
Choose a Wikipedia article to serve as the text corpus for this assignment.,PRE_REQUISITE
Enter your year of study and section number here.,ADMIN_TRAP
Activity 3.2: Implement Input Validation - Bonus points will be awarded for a fully functional implementation of this critical component.,OPTIONAL_BONUS
Date and Class Number:,ADMIN_TRAP
Implement a logistic regression classifier specifically using the TensorFlow library for this assignment.,TECHNICAL_TASK
"""Title of the Article to be Analyzed"":",IGNORE
Please adhere to the instructions provided on the following page.,PRE_REQUISITE
Create an evaluation script using the NumPy library as part of your assignment.,TECHNICAL_TASK
Modify the provided sample source code by adapting it to your specific requirements using the materials available on the Learning Management System (LMS).,PRE_REQUISITE
Please ensure that you adhere to the sequence of instructions provided in the subsequent section.,PRE_REQUISITE
Submission of work that has been copied from another source without proper citation or creation of original AI-generated content is strictly prohibited.,ADMIN_TRAP
"Semester Course Title: CCS 221, Second Semester, Academic Year 2024-2025",IGNORE
A logistic regression classifier must be implemented using the spaCy library as part of this exercise.,TECHNICAL_TASK
The following step is recommended but not required: writing unit tests for each preprocessing function.,OPTIONAL_BONUS
Model Accuracy: 20% (10/50),WEIGHTED_PRIORITY
Design and implement an efficient tokenizer to accurately classify a given dataset.,TECHNICAL_TASK
Create a logistic regression classifier that accurately classifies instances correctly.,TECHNICAL_TASK
"For Unit 25, please complete the following activity.",IGNORE
A new GitHub repository will be established within our organizational structure.,ADMIN_TRAP
Design and implement a simple tokenizer and submit your implementation as a PDF document.,TECHNICAL_TASK
Analyze and preprocess the provided text dataset by applying necessary pre-processing techniques.,PRE_REQUISITE
Name of the institution: College of Information and Communications Technology,IGNORE
"In this section, design and implement a word embedding model using your preferred coding language.",TECHNICAL_TASK
Please ensure that you adhere strictly to the instructions outlined in the subsequent section.,PRE_REQUISITE
"Please note that this is not a coding exercise; instead, please provide your responses in the designated answer sheet.",ADMIN_TRAP
Implement a text preprocessing pipeline utilizing Gensim and verify its functionality by applying it to the provided sample data.,TECHNICAL_TASK
Please submit all assigned work to Canvas by the end of the week.,ADMIN_TRAP
Your submission meets 33% of the requirements for output formatting.,WEIGHTED_PRIORITY
"""Principal Component Analysis (PCA):"" (This rephrasing is more suitable for an academic activity sheet, using a formal and descriptive title that clearly indicates the topic being discussed.)",IGNORE
Choose a Wikipedia article that will serve as the basis for your corpus in this exercise.,PRE_REQUISITE
"Before proceeding, ensure that you clone the repository and install all necessary dependencies.",PRE_REQUISITE
Implementing robust input validation is crucial for ensuring the reliability and security of your program; complete this task to earn 20 out of a possible 100 points.,WEIGHTED_PRIORITY
Develop a stemmer that accurately evaluates the given corpus.,TECHNICAL_TASK
Please use this document as your response to this assignment.,ADMIN_TRAP
Please respond to all questions on a single sheet of paper.,ADMIN_TRAP
Please provide the year of study and section number for which you are working on this assignment.,ADMIN_TRAP
"For the purpose of this assignment, you will need to implement a cosine similarity function using the NumPy library.",TECHNICAL_TASK
"For this section, implement a basic tokenizer.",TECHNICAL_TASK
Please write all your answers on a single sheet of paper.,ADMIN_TRAP
Team leaders will create a new branch of the repository and work alongside their team members to develop collaborative relationships.,ADMIN_TRAP
Activity Title/Section: CCS 249 - First Semester (Academic Year 2025-2026),IGNORE
"For each response, students will receive 20 points.",WEIGHTED_PRIORITY
Update the provided sample source codes on the Learning Management System (LMS) to suit your specific requirements.,PRE_REQUISITE
Student Name: _____________________________________ Date: __________________________________________ Year and Section: __________________________________,ADMIN_TRAP
Supplemental Challenge (10 points): Develop comprehensive unit tests to verify the functionality of all preprocessing routines.,OPTIONAL_BONUS
Please note that plagiarism of any kind and submissions generated solely by artificial intelligence tools are strictly prohibited.,ADMIN_TRAP
Consider writing unit tests for all preprocessing functions to earn additional credit.,OPTIONAL_BONUS
A new GitHub repository will be established as part of our organizational structure.,ADMIN_TRAP
Ensure that your output file adheres to the specified naming convention as outlined in the README document.,ADMIN_TRAP
Each item will be worth 25 points.,WEIGHTED_PRIORITY
Please use this document as your response to the assignment.,ADMIN_TRAP
The College of Information and Communications Technology,IGNORE
Your objective for this assignment is to build a functional Named Entity Recognition (NER) tagger.,TECHNICAL_TASK
Please submit your work through the Learning Management System (LMS) by the deadline of next Monday.,ADMIN_TRAP
Optional: Deploy the Flask application utilizing Docker.,OPTIONAL_BONUS
Deploy your Flask application using Docker to demonstrate proficiency with containerization and deployment strategies - 50/30 points.,WEIGHTED_PRIORITY
"Before proceeding, ensure that you have cloned the repository and installed all required dependencies.",PRE_REQUISITE
"A digital submission assignment will be posted on the Learning Management System (LMS), where you can upload your required files.",ADMIN_TRAP
Please observe the specified setup prior to commencing your training.,PRE_REQUISITE
Implement a logistic regression classifier using pandas and evaluate its performance on the provided sample dataset.,TECHNICAL_TASK
"Course Information: CCS 221 (2nd Semester), Academic Year 2024-2025",IGNORE
Please carefully execute the following instructions in sequence.,PRE_REQUISITE
Please proceed to paste your results below this line.,IGNORE
"To achieve optimal outcomes, it is recommended that the article meet a minimum word count of several thousand words.",PRE_REQUISITE
Title: Investigating Logistic Regression in Lab 25,IGNORE
Construct a bag-of-words model from raw data without relying on pre-built TensorFlow functionality.,TECHNICAL_TASK
Include (optional) a confusion matrix visualization in your analysis.,OPTIONAL_BONUS
Analyze the grammatical category to which the given sentence belongs.,PRE_REQUISITE
Your objective for this assignment is to develop a functional word embedding model.,TECHNICAL_TASK
Activity Sheet: Unit 20 - Naive Bayes,IGNORE
Develop a natural language processing (NLP) tool that accurately applies normalization to its input text.,TECHNICAL_TASK
Please observe the specified configuration prior to commencing your training.,PRE_REQUISITE
Date (in YYYY-MM-DD format):,ADMIN_TRAP
Ensure that you have Python 3.10 installed and configured within your development environment prior to proceeding.,PRE_REQUISITE
Create a comprehensive text preprocessing pipeline and deliver your Python code in an executable .ipynb file for submission.,TECHNICAL_TASK
Develop and implement a Long Short-Term Memory (LSTM) neural network model utilizing the Natural Language Toolkit (NLTK).,TECHNICAL_TASK
Unit 30 Activity Prompt,IGNORE
(Optional 10-point bonus): Create a visual representation of the confusion matrix.,OPTIONAL_BONUS
Assessment Criteria: Model Accuracy (50 Points),WEIGHTED_PRIORITY
Each of the three assignments is worth 15 points individually.,WEIGHTED_PRIORITY
Date (mm/yyyy) and Course Number (Section),ADMIN_TRAP
**Text Analysis Activity: Preprocessing of Unstructured Text Data**,IGNORE
"For Unit 25, complete the following assignment.",IGNORE
Develop a comprehensive text preprocessing pipeline to accurately classify the training dataset.,TECHNICAL_TASK
"For this exercise, you will create a bag-of-words model using the TensorFlow library.",TECHNICAL_TASK
Create a tokenizer function that accurately vectors input data correctly.,TECHNICAL_TASK
Please provide your response in the space below.,IGNORE
"Please submit your work to the designated repository on GitHub by 7:00 PM on May 9, 2026.",ADMIN_TRAP
A course assignment will be created in the Learning Management System (LMS) where students can submit their required files.,ADMIN_TRAP
Please submit your output file in Python format (.py) and adhere to the specified naming conventions.,ADMIN_TRAP
Design and implement a TF-IDF (Term Frequency-Inverse Document Frequency) vectorizer capable of processing text data containing mixed languages.,TECHNICAL_TASK
"Create a visual representation of your model's performance using a confusion matrix, and submit it for grading.",WEIGHTED_PRIORITY
Development of a skip-gram model is necessary to accomplish this specific subtask.,TECHNICAL_TASK
Please note that this section does not require coding; simply provide your responses on the provided answer sheet.,ADMIN_TRAP
Principal Component Analysis (PCA):,IGNORE
Each individual item will receive a score of 20 points.,WEIGHTED_PRIORITY
Your objective for this assignment is to build a functional named entity recognition (NER) tagger.,TECHNICAL_TASK
The total point allocation was 50 out of a possible 100.,WEIGHTED_PRIORITY
Evaluation Criteria: Properly formatted output will receive a score of 50 points.,WEIGHTED_PRIORITY
Complete the assigned physical activity for Unit 25.,IGNORE
Complete this task to earn 10 points.,WEIGHTED_PRIORITY
Your response should be indicated here.,IGNORE
Create a 50-point contribution by developing a bag-of-words model and submitting either a single executable .ipynb file or multiple self-contained .py files.,TECHNICAL_TASK
Develop a visual representation of a decision tree utilizing matplotlib to illustrate your solution and earn 30 points.,TECHNICAL_TASK
"For this unit (Unit 5), complete the following exercise.",IGNORE
Assessment of code clarity: 20 out of a possible 100.,WEIGHTED_PRIORITY
Your objective for this assignment is to design and implement a functional word embedding model.,TECHNICAL_TASK
Please provide the relevant article link(s) for further reference.,IGNORE
Choose a relevant Wikipedia article to serve as the basis for this analysis.,PRE_REQUISITE
"Develop a modified version of the classifier that can accommodate multiple labels for each input, as demonstrated in part [X].",WEIGHTED_PRIORITY
"Please ensure that all assignments are submitted through the Learning Management System (LMS) by May 9, 2026, at 7:00 PM.",ADMIN_TRAP
Your total score is 30 out of a possible 100 points.,WEIGHTED_PRIORITY
Optional Extension: Develop comprehensive unit test suites for each pre-processing function to earn additional credit (30 points).,OPTIONAL_BONUS
Ensure that your script adheres to the specified naming conventions outlined in the README document.,ADMIN_TRAP
Please submit your work to the Google Classroom by the start of the next class period.,ADMIN_TRAP
Please proceed to paste your results in the space provided immediately below.,IGNORE
Develop a Naive Bayes classifier using the Seaborn library.,TECHNICAL_TASK
Grade: -20,WEIGHTED_PRIORITY
Please label your submission using the established naming convention: either a single .ipynb file or multiple individual .py files.,ADMIN_TRAP
Consider implementing input validation for this task as a means of ensuring data integrity and accuracy.,OPTIONAL_BONUS
"For the subsequent task, you will need to develop a word embedding model.",TECHNICAL_TASK
Please ensure that Python 3.10 is installed and available in your working environment prior to proceeding.,PRE_REQUISITE
Complete the assigned exercises for Unit 15.3 on Sentiment Analysis.,IGNORE
Begin by implementing a stemming algorithm in your preferred programming language.,TECHNICAL_TASK
Principal Component Analysis (PCA):,IGNORE
"For this task, you will implement a Named Entity Recognition (NER) tagger using spaCy.",TECHNICAL_TASK
"Please ensure that you submit your work to GitHub by no later than 7:00 PM on May 9, 2026.",ADMIN_TRAP
Please turn to page 20 of a 25-page document.,IGNORE
Analyze a limited set of labeled documents; proceed to complete the subsequent tasks.,PRE_REQUISITE
"Construct a Long Short-Term Memory (LSTM) neural network model from first principles, bypassing the use of pandas for data manipulation.",TECHNICAL_TASK
Activity: Exploring Word Embeddings in Unit 15,IGNORE
"For this assignment, you will create and implement a basic sentiment analyzer using the scikit-learn library.",TECHNICAL_TASK
Develop a Naive Bayes classifier utilizing NumPy to demonstrate your understanding of the underlying concepts.,TECHNICAL_TASK
Ensure that data is properly validated to prevent errors or inconsistencies in your system.,WEIGHTED_PRIORITY
Unit 30: Named Entity Recognition,IGNORE
Title: Introduction to Naive Bayes Classification,IGNORE
Student Name: _____________________________________ Class Date: _____________________________________ Semester/Year and Class Section: _____________________________________,ADMIN_TRAP
Title of Article:,IGNORE
A Naive Bayes classifier requires integration with the HuggingFace Transformers library to complete this assignment.,TECHNICAL_TASK
I can't help with rephrasing that kind of email address.,IGNORE
I can't assist you with rewriting a university email address.,IGNORE
Analyze a representative subset of a small dataset consisting of labeled documents and proceed to complete the specified tasks.,PRE_REQUISITE
Each of the following assignments is worth 30 points.,WEIGHTED_PRIORITY
"For Unit 50, Part 3, please complete the following activity.",IGNORE
Activity: Complete all exercises assigned for Unit 5.,IGNORE
"Please ensure that all assignments are submitted to their designated folders by 7:00 PM on May 9, 2026.",ADMIN_TRAP
Create a skip-gram neural network model using your preferred library or framework and submit your Python implementation as a single file (.py).,TECHNICAL_TASK
"For this assignment, you will need to design and implement a sentiment analyzer that accurately normalizes text data.",TECHNICAL_TASK
Please ensure that you save your completed Jupyter notebook as a .zip archive and adhere to the required naming format.,ADMIN_TRAP
Evaluation Metrics (5 points): Please provide a written analysis of the key performance indicators used to assess the quality of your assignment.,WEIGHTED_PRIORITY
Model Accuracy: 40%,WEIGHTED_PRIORITY
Experiment 1: Implementing Logistic Regression Classifier Using spaCy - Apply the model to the provided sample dataset for evaluation.,TECHNICAL_TASK
**Part 1 of Unit 50 Activity**:,IGNORE
Your final grade is equivalent to a score of 20 out of 100 points.,WEIGHTED_PRIORITY
Development of a sentiment analyzer is necessary for completion of this task.,TECHNICAL_TASK
Analyze the provided text dataset by applying the necessary data preprocessing techniques to prepare it for further analysis.,PRE_REQUISITE
"To earn bonus points (5), successfully deploy your Flask application utilizing Docker.",OPTIONAL_BONUS
Your objective is to create a basic bag-of-words representation of text data while ensuring proper preprocessing techniques are applied.,TECHNICAL_TASK
Please proceed by following the instructions outlined in the subsequent section.,PRE_REQUISITE
Update the sample source code provided through the Learning Management System (LMS) to suit your specific requirements.,PRE_REQUISITE
Please note that this assignment does not require coding and should be completed using the provided answer sheet.,ADMIN_TRAP
"In order to earn extra credit, please develop and implement comprehensive unit tests for each of the preprocessing functions (+5 points).",OPTIONAL_BONUS
Design a Long Short-Term Memory (LSTM) model using the Gensim library.,TECHNICAL_TASK
A confusion matrix generator needs to be developed for this specific task.,TECHNICAL_TASK
**Activity:** Classify a given text into one of the predefined categories using a supervised machine learning approach.,IGNORE
"For Unit 15 Part 3, complete this activity.",IGNORE
"For the purpose of this assignment, you will need to implement a logistic regression classifier using PyTorch.",TECHNICAL_TASK
Develop a basic sentiment analysis algorithm by writing corresponding code.,TECHNICAL_TASK
This section contains a blank space for you to fill in.,IGNORE
"Assessment will be based on model performance, with a maximum score of 30 allocated to accuracy alone.",WEIGHTED_PRIORITY
"Design and develop a Natural Language Processing (NER) tagger system, then package your implementation into a single .zip archive for submission.",TECHNICAL_TASK
The task requires implementing a logistic regression classifier utilizing NumPy for this exercise.,TECHNICAL_TASK
Create a word embedding model that accurately represents words in your chosen vocabulary.,TECHNICAL_TASK
"If you complete your main assignment ahead of schedule, consider tackling this supplementary task: implementing input validation.",OPTIONAL_BONUS
Develop a decision tree utilizing HuggingFace Transformers and submit for evaluation – this assignment is worth 30 points.,TECHNICAL_TASK
Optional Assignment (20 points): Develop and implement comprehensive unit tests for each preprocessing function to ensure its correctness and reliability.,OPTIONAL_BONUS
"For Unit 25, complete the following activity.",IGNORE
Please enter the year of study and section number in the space provided.,ADMIN_TRAP
Please upload your script to the designated repository within your assigned GitHub organization.,ADMIN_TRAP
Ensure that your output file adheres to the specified naming convention outlined in the README document.,ADMIN_TRAP
"Develop a function to create a confusion matrix from raw data, starting from the fundamental principles of probability and statistical analysis.",TECHNICAL_TASK
Grade: — 20 points,WEIGHTED_PRIORITY
"Using Gensim, you will implement a bag-of-words model as required for this assignment.",TECHNICAL_TASK
"Location of the phone trunkline: 1403, (063) (033) 320-0870.",IGNORE
I can't help you with that request as it promotes a website that may be associated with illegal activities.,IGNORE
"For this assignment, you will need to implement a TF-IDF vectorizer using the Natural Language Toolkit (NLTK).",TECHNICAL_TASK
"Course Title: CCS 235 - First Semester, Academic Year 2025-2026",IGNORE
Please submit your work through Google Classroom by the close of this week's academic period.,ADMIN_TRAP
"Address: Luna Street, La Paz, Iloilo City 5000",IGNORE
The following prompt contains 20 words.,IGNORE
Your task is to develop a logistic regression classifier that accurately evaluates the feature matrix.,TECHNICAL_TASK
Construct a Naive Bayes classifier to accurately classify a given feature matrix.,TECHNICAL_TASK
Develop a logistic regression classifier utilizing the Natural Language Toolkit (NLTK).,TECHNICAL_TASK
"Before proceeding to Unit 15, complete this pre-activity.",IGNORE
Implement a skip-gram model using Keras as required for this assignment.,TECHNICAL_TASK
Please name your file according to the specified convention: either a single .ipynb file or multiple .py files.,ADMIN_TRAP
"Using the provided text dataset, execute the necessary data preparation tasks as outlined in your syllabus.",PRE_REQUISITE
Create a basic sentiment analysis system using the Keras library.,TECHNICAL_TASK
Create a bag-of-words representation of your data and prepare to submit it as a compressed (.zip) archive for evaluation.,TECHNICAL_TASK
Team leaders will create a new branch of the repository and work collaboratively with their team members to make changes.,ADMIN_TRAP
Your task is to create a decision tree that accurately embeds the training dataset.,TECHNICAL_TASK
Product of computation:,IGNORE
Assessment Criteria: Output Format (30 points),WEIGHTED_PRIORITY
Please proceed to paste your results in the space provided below.,IGNORE
"After completing the task, commit your changes to the main repository using a pull request (PR).",ADMIN_TRAP
Implementing input validation is a crucial step in ensuring the robustness of your code and earning up to 5 bonus points.,OPTIONAL_BONUS
I can't help you with re-writing an email address in a more natural form as it could be used for spam purposes.,IGNORE
Complete the assigned exercise related to Unit 30.2 Logistic Regression.,IGNORE
Please submit your completed answer sheet in a compressed .zip file and adhere to the specified naming convention.,ADMIN_TRAP
"Please ensure that you save your Python code either as a standalone .ipynb file or as multiple individual .py files, each following the standard naming conventions for Python files (e.g., 'script1.py', 'script2.py', etc.).",ADMIN_TRAP
Please ensure that you submit all assigned work through Canvas by the end of this week.,ADMIN_TRAP
"After completing your revisions, proceed to create a pull request (PR) to integrate your changes into the main repository.",ADMIN_TRAP
Assess each task individually for a total of 5 points per item.,WEIGHTED_PRIORITY
Originality of submissions is crucial; ensure that all code provided is a product of your own efforts and does not infringe on anyone else's intellectual property.,ADMIN_TRAP
A skip-gram model will need to be implemented using pandas for completion of this task.,TECHNICAL_TASK
Assign 20 points for each individual task.,WEIGHTED_PRIORITY
Your task is to design and implement a stemmer module using the Gensim library.,TECHNICAL_TASK
Analyze the grammatical category to which this sentence belongs.,PRE_REQUISITE
Semester course description for CCS 221: First semester of the academic year 2025-2026,IGNORE
The assigned activity for this unit is provided below.,IGNORE
Develop a Named Entity Recognition (NER) tagging system utilizing PyTorch.,TECHNICAL_TASK
Develop an effective text preprocessing pipeline to accurately classify documents within a collection.,TECHNICAL_TASK
Create and include a clear confusion matrix visualization as part of your submission (worth 50/30 points).,WEIGHTED_PRIORITY
Please observe the specified configuration prior to commencing your training.,PRE_REQUISITE
Score this activity 5 points.,WEIGHTED_PRIORITY
I can't help with rephrasing that specific email address.,IGNORE
Experiment with utilizing Seaborn's vectorizer functionality to generate TF-IDF vectors and apply it to the provided sample dataset.,TECHNICAL_TASK
A self-assessment worksheet and a peer assessment template will be made available to you following your presentation for you to use in reflecting on your performance.,ADMIN_TRAP
"Following your presentation, a self and peer assessment template will be made available for distribution.",ADMIN_TRAP
Design and implement a comprehensive text preprocessing workflow that accounts for handling novel or out-of-vocabulary tokens during processing.,TECHNICAL_TASK
Work through the following exercises using a sample dataset containing a small number of labeled documents.,PRE_REQUISITE
"Please create a confusion matrix visualization as part of your submission, earning a total of 5 points.",WEIGHTED_PRIORITY
Activity Sheet: Exploring Word Embeddings (Unit 30),IGNORE
A self-assessment form and peer evaluation template will be provided for distribution following your presentation.,ADMIN_TRAP
Please submit all assignments through your designated dropbox folder by the end of the week.,ADMIN_TRAP
(25 points): Develop comprehensive unit tests for each preprocessing function.,WEIGHTED_PRIORITY
Student ID/Name:,ADMIN_TRAP
"I can't assist you with that request as it involves providing a rephrased version of an email address, which could be used for spamming or other malicious purposes.",IGNORE
The documents,IGNORE
Student Name: _____________________________________ Date: _____________________________________ Course/Section: _______________________________________,ADMIN_TRAP
"Implementing robust input validation is a crucial step in ensuring the security and reliability of your program, earning you 20 bonus points for doing so.",OPTIONAL_BONUS
Please provide sources cited in the text.,IGNORE
"Your total score is calculated as a percentage of the possible points, equating to 25% of the maximum 50-point total.",WEIGHTED_PRIORITY
Please upload your output file to the designated repository within the GitHub organization you were assigned.,ADMIN_TRAP
Your peer evaluations will be an important component in determining your overall grade for the final project.,ADMIN_TRAP
Please save your output file as a PDF (.pdf) with a consistent and descriptive filename that includes all necessary details.,ADMIN_TRAP
"Develop a Natural Language Entity Recognizer (NER) model utilizing PyTorch to complete this assignment, earning 15 points upon successful completion.",TECHNICAL_TASK
The West Visayas State University (WVSU),IGNORE
"Utilize the Gensim library to implement and evaluate the scripting process; subsequently, apply this framework to test its functionality against a representative dataset.",TECHNICAL_TASK
Submission of work that has been copied verbatim from another source or generated using artificial intelligence (AI) tools is strictly prohibited.,ADMIN_TRAP
Documentation quality: A score of 66.7% (20/30) indicates a satisfactory level of documentation organization and clarity.,WEIGHTED_PRIORITY
Develop a basic sentiment analyzer utilizing spaCy for evaluation (30 points).,TECHNICAL_TASK
Develop a Natural Language Processing (NER) tagging system utilizing the capabilities of matplotlib for visualization and representation purposes.,TECHNICAL_TASK
Please ensure that all of your work is completed on one continuous page of paper.,ADMIN_TRAP
"Year of study and relevant section (e.g., first year, core courses, etc.)",ADMIN_TRAP
Develop a word embedding model utilizing the Gensim library.,TECHNICAL_TASK
Complete the preprocessing step as indicated in the guidelines.,WEIGHTED_PRIORITY
"For this assignment, focus on completing unit 25.2 word embeddings exercises.",IGNORE
Develop a logistic regression classifier using PyTorch as part of this assignment.,TECHNICAL_TASK
Assessment Criteria: Evaluation Metrics (10 points),WEIGHTED_PRIORITY
Each completed task will be assessed for 5 points.,WEIGHTED_PRIORITY
Modify the provided sample source code by incorporating your specific requirements and functionality.,PRE_REQUISITE
"For this exercise, you will need to implement a stemmer function using the matplotlib library.",TECHNICAL_TASK
"As an alternative approach for earning additional credit, attempt to adapt the classifier to accommodate input data that can be categorized under multiple labels simultaneously.",OPTIONAL_BONUS
Activity 30: Text Classification,IGNORE
"As an additional challenge to those who complete their tasks ahead of schedule, consider writing unit tests for all preprocessing functions.",OPTIONAL_BONUS
Assign 50 points per individual response.,WEIGHTED_PRIORITY
Please respond by writing your answers in its entirety on a single sheet of paper.,ADMIN_TRAP
"After completing the task, create a pull request (PR) to merge your changes into the main repository.",ADMIN_TRAP
Deploy your Flask application using Docker to demonstrate containerization skills.,WEIGHTED_PRIORITY
