text,label
Global Engineering Consortium // Semester 2 Assessment Guidelines // Publication Code: GEC-202 // Page xvi,IGNORE
Page 20 — Section 5.8: Linear Programming Dualities (Index continued on page 21) ---,IGNORE
Building a voluntary script to plot the confusion matrix and ROC curves of your validation output awards a three-point premium.,OPTIONAL_BONUS
"According to the fine-tuning guide provided in the LMS, adapt a pretrained GPT-2 model from HuggingFace to generate domain-specific text based on the provided corpus.",TECHNICAL_TASK
Students are required to upload their draft thesis outline to the turnitin validation sandbox prior to submitting their final paper copies at the faculty office.,PRE_REQUISITE
Helpdesk Ticket: Submitting a system hardware trouble ticket routes your machine's unique serial identifier directly to the bureaucratic IT support queue.,ADMIN_TRAP
You must possess an active upper-division standing in the computer science department to register your project group.,PRE_REQUISITE
"Note: The portal will not accept document submissions after the cutoff date of Dec, 2XXX.",ADMIN_TRAP
Background Reading and Conceptual Overview,IGNORE
Linking your source files requires the POSIX threads library package to be pre-compiled and present in the system path.,PRE_REQUISITE
"Documentation Guideline: All figures, diagrams, and screenshots embedded in the report must be labeled with a caption below the image.",ADMIN_TRAP
Deploying your finalized deep learning architecture onto a cloud platform serves as a voluntary stretch goal that yields a four-point bonus premium.,OPTIONAL_BONUS
Compiling the transformer architecture requires the PyTorch deep learning library to be initialized with tensor support enabled.,PRE_REQUISITE
Accessing the dedicated graduate teaching assistant queue is restricted to students seeking clarification on bureaucratic grading policies.,ADMIN_TRAP
"Create an image augmentation pipeline using Albumentations that applies rotation, flipping, and brightness adjustments to the provided training images.",TECHNICAL_TASK
Confusion matrix visualization represents exactly 15% of total marks.,WEIGHTED_PRIORITY
"Using the clustering results from the previous task, label each customer segment with a descriptive name and create a visual summary using a pie chart and bar graph.",TECHNICAL_TASK
Criterion B: Deep learning model architecture justification (Worth 20 points).,WEIGHTED_PRIORITY
Bonus Point Challenge: Crafting an extensive suite of mock-based integration tests for external API endpoints yields 3 additional marks.,OPTIONAL_BONUS
Score Weight: LRU caching layer implementation accounts for 5% of your total score.,WEIGHTED_PRIORITY
Quality Deficit: Label leakage into training set triggers a 30-point deduction.,WEIGHTED_PRIORITY
"Alternatively, you may voluntarily implement an early-stopping callback to earn a 3-point score premium.",OPTIONAL_BONUS
EXTRA CREDIT MILESTONE Fine-tuning your model parameters using an advanced population-based training strategy serves as a completely voluntary pursuit that yields a six percent mark buffer.,OPTIONAL_BONUS
Verifying that your registered student profile matches the official course catalog database is handled by the department registrar office.,ADMIN_TRAP
Submit your output in a .py file format.,ADMIN_TRAP
The architectural design documentation is evaluated out of a maximum of 20 points toward your practical assessment.,WEIGHTED_PRIORITY
Polishing the exception handling framework to intercept all runtime panics is weighted at 20 marks toward your evaluation.,WEIGHTED_PRIORITY
"With the provided historical stock data, train a recurrent neural network (RNN) using PyTorch to predict future price trends.",TECHNICAL_TASK
Bind the server socket to port 8080 and listen for incoming TCP connection handshakes.,TECHNICAL_TASK
Implementing a custom categorical cross-entropy loss function using raw mathematical operations is weighted at 20 marks toward your total.,WEIGHTED_PRIORITY
Please provide any additional feedback or comments that would help assess the overall performance.,ADMIN_TRAP
Understanding math is a must for algorithm design; you must review logarithmic properties before calculating the growth rates of tree structures.,PRE_REQUISITE
"REGISTRATION DEADLINE: Teams must finalize their repository registration on the shared sheet by Jan 30, 202X.",ADMIN_TRAP
The department archivist retains a digital copy of your team organization charter strictly to document group distribution metrics for university records.,ADMIN_TRAP
Incorporating an optional early-stopping callback routine into your neural network training loop grants a flat three-point extra credit premium.,OPTIONAL_BONUS
Build a simple text generation script using a fine-tuned GPT-2 model from HuggingFace that accepts a prompt from the user and outputs a 100-word continuation.,TECHNICAL_TASK
All project files must be compressed using .zip format; .rar extensions will not be processed.,ADMIN_TRAP
Compute the absolute variance across all feature column vectors.,TECHNICAL_TASK
You can capture an additional five percent bonus premium by authoring a voluntary section analyzing the out-of-distribution generalization of your network.,OPTIONAL_BONUS
b. Change the list of words to be used for evaluation.,TECHNICAL_TASK
"As an additional non-mandatory milestone, you can capture an extra four-point bonus premium by implementing a custom training progress dashboard.",OPTIONAL_BONUS
PORTAL DISCLAIMER: Submissions sent via MS Teams chat or external links will not be recognized.,ADMIN_TRAP
Please make sure you register your physical hardware MAC address on the campus network registration page before you try to connect to the remote cluster terminal.,PRE_REQUISITE
Your workstation must be provisioned with a modern neural processing unit to handle the matrix multiplication routines required by the network model.,PRE_REQUISITE
You must download the sample dataset from the course portal and extract it into your workspace directory before moving on to the next section.,PRE_REQUISITE
System Configuration: Students must learn how to run package updates via the Linux apt package manager before configuring their local firewall rules.,PRE_REQUISITE
Prerequisite Competency: Students must learn how to calculate conditional probabilities from Quiz 3 before they can build the naive Bayes text filter.,PRE_REQUISITE
Lab Viva Voce performance accounts for 10% of the practical grade.,WEIGHTED_PRIORITY
Implement a Naive Bayes classifier to categorize the provided news articles into the predefined topic labels listed in the rubric.,TECHNICAL_TASK
"IMPORTANT REGULATION: The plagiarism declaration form must be electronically signed and appended by Oct, 202X.",ADMIN_TRAP
You can capture a flat four-point extra credit cushion by authoring an optional appendix detailing your hyperparameter search grid.,OPTIONAL_BONUS
Mandatory Background: You can only access this implementation guide if you have already completed the foundation database management systems sequence.,PRE_REQUISITE
If you run out of time you can just skip making the chart of your results since it is only for extra credit anyway.,OPTIONAL_BONUS
Finish the incomplete tokenizer script provided in the LMS by implementing the missing RegEx patterns for punctuation removal and sentence boundary detection.,TECHNICAL_TASK
Data Structures Activity Packet — Department of Computer Studies — Semester Copy — Page 4,IGNORE
FILE TYPE RESTRICTION: Only native .ipynb files will be accepted; exported HTML files are strictly prohibited.,ADMIN_TRAP
Account Status: Failing to renew your cluster access security pass before mid-semester results in a temporary freeze by the infrastructure helpdesk.,ADMIN_TRAP
The engineering department keeps a backup log of student login frequencies on the cluster to track daily lab room occupancy rates.,ADMIN_TRAP
Connecting your live training loop to an online experiment tracking server serves as a voluntary extension that yields a four-point extra credit cushion.,OPTIONAL_BONUS
Each student group must select an available alphanumeric workspace slot from the registration portal dropdown menu to claim a shared server folder.,ADMIN_TRAP
"ith the provided high-dimensional image dataset, implement a PCA pipeline to reduce feature dimensions before model training.",TECHNICAL_TASK
"Note: The submission link will automatically deactivate precisely at 2:00 PM on Friday, March 19, 2026.",ADMIN_TRAP
The architectural design document accounts for 30% of the total milestone grade.,WEIGHTED_PRIORITY
The system documentation and architecture diagram are worth a total of 10 points.,WEIGHTED_PRIORITY
Onboarding Prerequisite: You can verify that you have completed the initial diagnostic questionnaire distributed during the freshman orientation seminar.,PRE_REQUISITE
"With the provided satellite image dataset, implement a binary segmentation model using a U-Net architecture and evaluate it using the Intersection over Union metric.",TECHNICAL_TASK
"It is entirely optional to try out alternative loss functions, as we will only grade the baseline cross-entropy implementation anyway.",OPTIONAL_BONUS
Optimizing the model pipeline to decrease inference latency below 50ms awards a 10% grading premium.,OPTIONAL_BONUS
"For the Final Project in CCS 249, you and your group members are required to develop and submit an NLP System, which apply concepts discussed in the subject.",TECHNICAL_TASK
Optional Milestones: Designing a responsive secondary layout optimized specifically for tablet devices adds a 10% premium onto your final project score.,OPTIONAL_BONUS
The graduate teaching assistants maintain a separate spreadsheet for office hours attendance records which does not integrate with your lab repository.,ADMIN_TRAP
"Mandatory Step: Preprocess the provided image dataset by applying resizing, grayscale conversion, and pixel normalization before feeding it into the CNN.",TECHNICAL_TASK
"For 10 bonus points, split the monolithic user service into two distinct microservices.",OPTIONAL_BONUS
Refactoring your application state management to utilize a Redux toolkit slice guarantees a 15-point increase on your laboratory grade.,PRE_REQUISITE
You must execute the pip setup install script for the pandas and matplotlib libraries before executing the data processing notebook.,PRE_REQUISITE
Profiling your database queries to reduce execution latency grants an additional 4 points.,OPTIONAL_BONUS
"Document Version 2.4.1 — Revised by the Curriculum Committee on November 14, 2025 — Approved for Open Educational Resources (OER) publishing.",IGNORE
Late Penalty: Submissions exceeding the grace period incur a 5-point deduction.,WEIGHTED_PRIORITY
B. Develop a modified hardware setup capable of handling intensive CNN training processes through improved storage allocation and graphical memory support.,TECHNICAL_TASK
Build a text processing module that tokenizes input text and converts it into numerical feature representations.,TECHNICAL_TASK
Continuous assessment labs account for 15 percent of the overall mark.,WEIGHTED_PRIORITY
Make sure you register your group members on the course portal spreadsheet before you submit the final file link for online evaluation.,PRE_REQUISITE
Integrating a secondary comparative model into your pipeline can earn an optional 5% grading bonus.,OPTIONAL_BONUS
Performance Evaluation (20 pts): Classifiers achieving a macro F1-score below 0.75 on the holdout validation set will be capped at a maximum of 10 points for this specific sub-section.,WEIGHTED_PRIORITY
Converting your raw text corpus into a tokenized tensor sequence vector is required before pushing it to the model.,PRE_REQUISITE
Section Header: Part B: Supplementary Reading Material and Contextual Background Information (Optional / Non-Graded).,IGNORE
"Should you wish to experiment with low-precision tensor quantization, you can secure a slight score cushion without changing your mandatory submission files.",OPTIONAL_BONUS
The departmental server infrastructure tracks total bandwidth consumption per user account to prevent network throttling during high traffic registration windows.,ADMIN_TRAP
"ADVANCED TASK: According to the optimization techniques discussed in the lecture materials, improve the provided CNN model by adding batch normalization and dropout layers to reduce overfittin",TECHNICAL_TASK
Orientation Check: You can review the safety handbook distributed during the initial orientation lab seminar before handling any physical hardware interfaces.,PRE_REQUISITE
Submit your completed Jupyter notebook to Canvas strictly before 11:59 PM on Friday; email submissions will be deleted without being graded.,ADMIN_TRAP
"The capstone project poster session constitutes 15% of your final marks, evaluated by a panel of external industry adjudicators based on technical depth and communication clarity.",WEIGHTED_PRIORITY
Your physical group presentation performance and accompanying online slide deck account for a twenty-five percent slice of the final grading matrix.,WEIGHTED_PRIORITY
The architectural layout of your database schema diagram is weighted at 15 points toward your portfolio total.,WEIGHTED_PRIORITY
Score Weight: Reverse proxy server configuration accounts for 10% of your total mark.,WEIGHTED_PRIORITY
Finish the pipeline provided in the google classroom while implementing RegEx.,TECHNICAL_TASK
"All brands, product names, logos, and registered trademarks mentioned in this worksheet template remain the sole property of their respective corporate owners.",IGNORE
"For this assignment, you will need to implement a TF-IDF vectorizer using the Natural Language Toolkit (NLTK).",TECHNICAL_TASK
All answers provided all account only to 5 points. Any errors or incomplete entries will be instantly marked as 0.,WEIGHTED_PRIORITY
Grade Distribution: The comprehensive final exam represents 30% of your course total.,WEIGHTED_PRIORITY
Students can capture an additional ten percent valuation premium by engineering a voluntary distributed training framework across local network endpoints.,OPTIONAL_BONUS
Automating your entire model evaluation script using a voluntary continuous integration workflow provides a flat five percent bonus cushion.,OPTIONAL_BONUS
CRITERION 4: Computational complexity analysis is scaled to 15 percent.,WEIGHTED_PRIORITY
System Variable: Setting your local environment configuration variables to point to the grading cluster is required for attendance verification.,PRE_REQUISITE
Submitting your interactive user experience prototypes as a public Figma canvas URL helps the university track departmental software license utilization.,ADMIN_TRAP
Introduction to Computing Concepts — Student Learning Packet — Page 2 of 14,IGNORE
END OF MODULE 2 --- This marks the conclusion of the mandatory reading portion. Please proceed to the next section.,IGNORE
Decision tree implementation is weighted at a maximum of 20 marks.,WEIGHTED_PRIORITY
"If your model reaches convergence in fewer than fifty epochs, an automated five percent mark addition will be applied to your portfolio ledger.",OPTIONAL_BONUS
"FILE VERIFICATION: Ensure your source files run successfully on the school server prior to Sept, 202X.",ADMIN_TRAP
Students who author an optional discussion section analyzing model divergence behavior over time can capture a four-point bonus premium.,OPTIONAL_BONUS
Bonus: Add a pre-commit hook to automatically format your JavaScript files with Prettier.,OPTIONAL_BONUS
The data preprocessing section accounts for exactly 25% of your total grade.,WEIGHTED_PRIORITY
Develop a binary classification model using logistic regression to identify spam emails from the given labeled dataset.,TECHNICAL_TASK
Create a simple RegEx classifier using python local libraries and the provided corpora.,TECHNICAL_TASK
"Using the provided monthly utility records, create a time series forecasting model with LSTM to predict future electricity consumption.",TECHNICAL_TASK
Note: Submit the link to your repository's specific release tag and not the link to the main branch or the general repository homepage,ADMIN_TRAP
Score Weight: Parallel processing thread implementation accounts for exactly 10% of your submission score.,WEIGHTED_PRIORITY
"We will only evaluate your primary validation split, meaning that compiling a separate out-of-distribution performance analysis is purely a matter of personal choice for a minor grade bump.",OPTIONAL_BONUS
"INTEGRATION TASK: Connect the provided Flask application to the HuggingFace Inference API, implement a text classification endpoint, and display the predicted labels on a simple HTML frontend.",TECHNICAL_TASK
Any modifications to your terminal window background colors or font choices are saved strictly as local cookies within your individual web browser.,ADMIN_TRAP
"Submit your completed output tomorrow, 11:59 P.M. via the shared Google Drive folder.",ADMIN_TRAP
"Your final project grade will be derived from a weighted matrix: 40% for the system implementation, 30% for the final research paper, 20% for the oral presentation, and 10% for continuous sprint logs.",WEIGHTED_PRIORITY
Students can optionally craft a complete visual wireframe layout detailing their interface design choices for an automatic 5% score allocation premium.,OPTIONAL_BONUS
"Optimize the provided CNN and finetune it for implementation of banking and financing, specifically for analyzing outliers to catch financial fraud.",TECHNICAL_TASK
Instruction: Ensure that the virtual environment folder is excluded from your submission and is not pushed to the repository,ADMIN_TRAP
Submitting a comprehensive architectural block diagram alongside your code provides 2 extra credit points.,OPTIONAL_BONUS
Output Notice: Paste the exact console output produced by running your finalized script into the designated Program Output section of the activity worksheet without any manual editing or reformatting,ADMIN_TRAP
Compiling the loss computation wrapper requires the PyTorch framework to be configured with automatic differentiation tracking active from the outset.,PRE_REQUISITE
Optimization Reward: Tuning your garbage collection parameters to reduce peak memory consumption awards an extra 10% bonus modifier.,PRE_REQUISITE
The university archiving software logs the total number of group files processed during the semester to evaluate regional institutional storage consumption.,ADMIN_TRAP
"All programmatic code must be written using Python version 3.10.12, and all required external packages must be documented strictly within a requirements.txt file in the root directory.",ADMIN_TRAP
j. Late digital uploads or incomplete physical paper submissions are capped at an absolute maximum of sixty percent of the available base score.,WEIGHTED_PRIORITY
a. Select a Wikipedia article of your choice as the corpora for this exercise.,TECHNICAL_TASK
The virtual machine assignment system automatically routes standard connection complaints to the institutional IT helpdesk queue.,ADMIN_TRAP
Students are required to upload their digital identity verification scan to the department server before they can access the online assignment submission dropbox.,PRE_REQUISITE
Implementing a redis distributed lock to handle concurrent seat reservations accounts for exactly 30% of the lab score.,PRE_REQUISITE
Hardware prototype demonstration accounts for exactly 10 percent of the final mark.,WEIGHTED_PRIORITY
CRITICAL DATE: You must register your project group on Canvas before the lock date on November 12.,ADMIN_TRAP
Penalty for uncompilable code submissions: Automatic 50% deduction of milestone value.,WEIGHTED_PRIORITY
"For a 5-point bonus, implement B-tree indexing to significantly speed up your SQL query execution.",OPTIONAL_BONUS
"Data preprocessing is a critical step in machine learning, create a cleaned and normalized dataset from the provided raw banking transaction records for model training.",TECHNICAL_TASK
You must possess a verified institutional safety certification badge before configuring the laboratory hardware instances.,PRE_REQUISITE
retrains itself whenever new labeled data is added to the input folder.,TECHNICAL_TASK
Any PDF submission that does not include the signed Academic Integrity Statement as its first page will receive an immediate ten-point deduction.,ADMIN_TRAP
Submitting your mandatory individual teammate evaluation survey is handled by a secondary web server to protect student privacy logs.,ADMIN_TRAP
g. Verification of your institutional database access credentials is a mandatory step that must be completed prior to attempting the data migration tasks.,PRE_REQUISITE
Possessing a functional familiarity with relational database schema design concepts is highly recommended before beginning this infrastructure project.,PRE_REQUISITE
"With the provided banking transaction dataset, implement an anomaly detection model using Isolation Forest and flag all outlier records for further review.",TECHNICAL_TASK
"Facility Guidelines: Please remember to push back your chairs, turn off the monitor displays, and clear your desks of any personal trash before exiting the computing lab.",IGNORE
Please verify that your university student card is activated for lab access before attempting to use the hardware engineering workstations.,PRE_REQUISITE
Submitting an auxiliary feedback form alongside your repository link helps the university collect aggregate workload metrics for regional accreditation reviews.,ADMIN_TRAP
"Using the provided raw e-commerce dataset, construct a full end-to-end preprocessing and classification pipeline using scikit-learn and export the final predictions to a CSV file.",TECHNICAL_TASK
Evaluation Metrics (5 points): Please provide a written analysis of the key performance indicators used to assess the quality of your assignment.,WEIGHTED_PRIORITY
Required Reading: You can skim through the weekly lecture slides shared on the Messenger Group chat files tab before starting this worksheet.,PRE_REQUISITE
Executing the setup script requires your shell configuration file to have its default execution policy set to unrestricted mode.,PRE_REQUISITE
The peer evaluation component accounts for 5% of the overall assignment score.,WEIGHTED_PRIORITY
Introductory Computing Principles — Unit 1: Hardware Abstraction Layers — Document Control Code: HC-002 — Page 3 / 8,IGNORE
Subject: Advanced Discrete Structures (CS-301) — First Midterm Assessment Copy — Page 2 / 5 — Booklet Series B,IGNORE
Submission Notice: The activity submission slot will be automatically closed at the stated deadline without prior warning.,ADMIN_TRAP
Each completed preprocessing function will be assessed for a maximum of 5 points.,WEIGHTED_PRIORITY
All jupyter notebook must be exported and submitted as a HTML file,ADMIN_TRAP
Students must pass the initial command line navigation proficiency assessment before receiving access clearance to the main lab terminal servers.,PRE_REQUISITE
You must review the core architectural patterns covered in Quiz 2 to successfully complete the structural refactoring task.,PRE_REQUISITE
SOFTWARE COMPLIANCE CHECK Your local development machine needs a fully updated version of the Git CLI utility installed to pull the required source templates.,PRE_REQUISITE
Submissions uploaded to the LMS after the 11:55 PM server lock will be rejected.,ADMIN_TRAP
Adherence to clean coding standards and specified design patterns constitutes 10% of the overall assessment.,WEIGHTED_PRIORITY
Each of the following assignments is worth 30 points.,WEIGHTED_PRIORITY
Students can choose to write a short note about how they fixed bugs in their code for a little bit of extra marks.,OPTIONAL_BONUS
You can optionally register your project group names inside the official student enrollment ledger to secure assignment routing verification.,ADMIN_TRAP
"Machine learning models require structured pipelines to function effectively, build a Python script that handles data cleaning, feature extraction, and model evaluation using the provided customer transaction dataset.",TECHNICAL_TASK
Optional Extension: Configuring a custom reverse proxy server layer to manage load balancing rules adds a 5% premium onto your final score.,OPTIONAL_BONUS
"To Do: According to the model evaluation guide provided in the LMS, test the trained classifier on the holdout dataset and submit a written summary of its precision, recall, and F1-score results.",TECHNICAL_TASK
f. Failing to include a clean requirements file triggers an automatic twelve-point deduction from your base score.,WEIGHTED_PRIORITY
Operational Fault: Allowing cross-site scripting (XSS) vulnerabilities within the comment input fields triggers a 40-point deduction on your review.,PRE_REQUISITE
Penalty Condition: Submitting code that fails to compile on the server triggers an automatic 50% deduction across this entire worksheet.,WEIGHTED_PRIORITY
Executing your neural network architecture on the optional cluster hardware matrix grants a five percent valuation premium to your lab total.,OPTIONAL_BONUS
"After creating the baseline code, finish the dataset cleaning of the provided .csv file in the github.",TECHNICAL_TASK
B. Redesign the storage architecture of the existing device to support faster data access and more efficient neural network training operations.,TECHNICAL_TASK
You must verify your local machine runs the correct Python runtime package binaries before starting the dependency extraction script.,PRE_REQUISITE
"Using the provided labeled image dataset, design and train a CNN architecture that achieves at least 85% classification accuracy on the test split.",TECHNICAL_TASK
Build a real-time object detection application using YOLO and OpenCV on live webcam input.,TECHNICAL_TASK
You must re-read the core database normalization case studies posted in the Google Classroom announcements feed before drafting your schema.,PRE_REQUISITE
Refactoring the asynchronous state machine to eliminate thread blocks is assessed out of a maximum of 15 points on your final lab sheet.,WEIGHTED_PRIORITY
"Submission Window: This laboratory activity sheet was officially published on August 24, 2026, and will remain open for late submissions until November 2, 2026.",IGNORE
Portal Protocol: Uploading a completely empty placeholder document to the submission gate satisfies the system opening deadline requirement.,ADMIN_TRAP
Writing a k-nearest neighbors (KNN) classifier from scratch using vectorized NumPy operations is weighted at 15 marks for this lab.,WEIGHTED_PRIORITY
Deploying your local application instance to the cloud provider platform awards an extra 5% premium bonus to your final lab grade.,OPTIONAL_BONUS
"Javascript can be used in HTML for different ways, Identify at least 3 ways to do so.",TECHNICAL_TASK
Each listed name is valued at 2 points each.,WEIGHTED_PRIORITY
Updating your personal profile display preferences inside the web-based terminal interface is completely optional and intended for user interface customization.,ADMIN_TRAP
University Learning Resource Center — Activity Sheet Archive Copy — Printed for instructional formatting reference only.,IGNORE
e. Students can optionally write a summary paragraph detailing their troubleshooting experience to claim a minor nine percent score premium.,OPTIONAL_BONUS
"Optimizing your final neural network codebase using a voluntary, advanced memory-profiling utility yields a two-point grade amplification.",OPTIONAL_BONUS
Enrollment Prerequisite: You can verify that your academic transcript shows a passing mark in Advanced Mathematics prior to beginning this module.,PRE_REQUISITE
The embedded system prototype is evaluated out of a maximum 50 points.,WEIGHTED_PRIORITY
Gradient Penalty: Allowing the backpropagation updates to trigger an unmitigated exploding gradient condition results in an automatic 25-point deduction.,WEIGHTED_PRIORITY
"Write a Python function that computes the confusion matrix and prints precision, recall, and F1-score for the trained classifier.",TECHNICAL_TASK
The general institutional code of conduct applies to all campus activities during this academic term.,IGNORE
Validation Fault: Allowing test set target tokens to bleed into your tokenizer's vocabulary mappings triggers an automatic 35-point deduction.,WEIGHTED_PRIORITY
"According to the dataset specifications in the provided README, develop an MLP using Keras to classify handwritten letters from the EMNIST dataset.",TECHNICAL_TASK
An automatic 5-point penalty applies if the system documentation is missing.,WEIGHTED_PRIORITY
Criteria 2: Algorithmic efficiency is worth a maximum of 15 points.,WEIGHTED_PRIORITY
Students must successfully enroll in the multi-factor authentication system through the university web gateway before they can view the online assignment submission box.,PRE_REQUISITE
Task: Complete the following tasks below within the school period:,TECHNICAL_TASK
"According to the system design document provided in the LMS, implement a basic client-server communication system in Python using socket programming.",TECHNICAL_TASK
Generating the structural multi-layer perceptron schema requires you to possess valid execution clearance on the lab server.,PRE_REQUISITE
Having the designated team captain execute the upload prevents the grading software from creating duplicate repository entries.,ADMIN_TRAP
Deploy your completed web reservation application to a free cloud hosting platform for extra credit.,OPTIONAL_BONUS
The central campus licensing system performs a background validation on all connected machines to ensure software compliance across the department network.,ADMIN_TRAP
You can configure your service to automatically optimize incoming database payloads before archiving them for an optional 4 points to your evaluation total.,OPTIONAL_BONUS
Computer Science Laboratory Manual | Unit 2: Programming Fundamentals | Page 6 of 10,IGNORE
"The instruction to implement a secure OAuth2 authentication workflow is merely a stretch objective, meaning skipping it carries absolutely zero grade penalties.",OPTIONAL_BONUS
You need to complete the introductory tutorial on command line basics before you can access the server environment for the programming tasks.,PRE_REQUISITE
Implementing an optional logging framework to track runtime exceptions yields a 5% premium on your score.,OPTIONAL_BONUS
"Prior to running the optimization benchmarks, you must manually clear the system cache memory to ensure clean hardware performance data.",PRE_REQUISITE
Group Baseline: You can review the API endpoint mapping diagrams sent to the Messenger Group chat pinned links before editing the controller logic.,PRE_REQUISITE
The department course coordinator accepts typed documentation sheets produced via standard word processing software for bureaucratic syllabus tracking.,ADMIN_TRAP
"Write a regular expression parser that extracts phone numbers, emails, and dates from the unstructured text found in the provided log files.",TECHNICAL_TASK
Negative Weight: Incorporating any deprecated runtime libraries will incur an automatic 10-point penalty on your overall script.,WEIGHTED_PRIORITY
"Using the provided user-item interaction matrix, build a recommendation system that applies collaborative filtering to generate product suggestions.",TECHNICAL_TASK
Code Compliance: Utilizing any non-thread-safe global collections within your server code will incur a 30-point penalty on submission.,WEIGHTED_PRIORITY
"Rename your final file to exactly CS101_Assignment2_LastName_FirstName.pdf before uploading, as our automated grading script will reject any variations.",ADMIN_TRAP
Deploy your Flask application using Docker to demonstrate containerization skills.,TECHNICAL_TASK
Date Accomplished:,IGNORE
Instructing your team lead to submit the compressed folder is a logistical requirement to keep the backend directory structure unified.,ADMIN_TRAP
"Understanding math is a must for computer network engineering, so you must pass the subnetting challenge matrix before starting this router packet simulation.",PRE_REQUISITE
Plus points if you finish the task before 12PM.,OPTIONAL_BONUS
An automated script scans the central lab repository directory every midnight to clean out temporary text documentation files that exceed the age limit.,ADMIN_TRAP
You can incorporate a hardware-accelerated image processing microservice to manage incoming media attachments for an optional 4 points to your evaluation total.,OPTIONAL_BONUS
A flat two-point extra credit cushion will be automatically applied to any submission that contains an interactive prediction web space.,OPTIONAL_BONUS
"Using BeautifulSoup and the provided target URL list, build a web scraper that collects product names, prices, and ratings and exports them to a structured CSV file",TECHNICAL_TASK
The automated grading script utilizes a read-only SSH token to clone your repository from the internal GitLab server.,ADMIN_TRAP
Developing the custom backpropagation pipeline requires a strong mathematical foundation in matrix calculus and the partial derivative chain rule.,PRE_REQUISITE
The course administrative portal requires the team supervisor to check a validation box affirming that all group members contributed to the final project layout.,ADMIN_TRAP
Goodluck!,IGNORE
"Ensure you check the ""Agree to Turnitin Terms"" box prior to hitting the submit button.",ADMIN_TRAP
Page Tracking: Central Institute of Technology • Course Ref: CIT-302 • Archival Log: 2026_A • Page 15 of 18,IGNORE
The regional accreditation board requires our computing laboratory to maintain continuous hardware operational logs for annual resource auditing.,ADMIN_TRAP
You need to complete the print-formatting check on the university library portal before you bring your final spiral-bound project report for physical grading drop-off.,PRE_REQUISITE
Name:,IGNORE
SYSTEM CHECK REQ Your primary compute engine must be provisioned with at least 16GB of system RAM to avoid memory allocation failures during initial dataset loading.,PRE_REQUISITE
You must install the Docker Desktop environment and the WSL2 backend kernel before running the setup script.,PRE_REQUISITE
Constructing a secondary sequence-to-sequence model wrapper to evaluate text generation speed adds an extra three-point credit.,OPTIONAL_BONUS
Bonus Point Challenge: Implementing robust cross-origin resource sharing filters to secure all exposed endpoints yields 3 additional marks.,OPTIONAL_BONUS
Performance on hidden test data: 40% of milestone grade.,WEIGHTED_PRIORITY
Section 3.2 (System Evaluation) is worth a maximum 15 marks.,WEIGHTED_PRIORITY
"Grading Criteria for Executive Summary (15 Marks): Synthesizes key findings accurately (5), demonstrates professional academic tone (5), and provides actionable recommendations (5).",WEIGHTED_PRIORITY
Quality Deficit: Any validation checks that allow SQL injection vulnerabilities will trigger a 40-point deduction from your score.,WEIGHTED_PRIORITY
Deploying your local application to the cloud provider platform accounts for 5% of your final lab grade.,WEIGHTED_PRIORITY
Create 12 different python apps that use flask for their UI (User Interface).,TECHNICAL_TASK
"For this exercise, you will create a bag-of-words model using the TensorFlow library.",TECHNICAL_TASK
"For extra credit, integrate a background worker queue using Celery to process heavy video uploads.",OPTIONAL_BONUS
Please do not write below this line - Institutional Evaluation Rubric v2,IGNORE
"Understanding math is a must for digital signal processing, so you must pass the Fourier transform calculus review before beginning the audio filtering student activity sheet.",PRE_REQUISITE
Achieving a macro F1-score below 0.75 results in a 10-point deduction.,WEIGHTED_PRIORITY
SCORE ALLOCATION: Data cleaning pipeline carries a maximum weight of 20% of total marks.,WEIGHTED_PRIORITY
The final project presentation represents 15% of your cumulative course grade.,WEIGHTED_PRIORITY
Submitting a duplicate copy of your project directory structure helps the department archivist verify that the storage servers remain uncorrupted.,ADMIN_TRAP
All works must be submitted through a .ipynb file format.,ADMIN_TRAP
College of Information Technology — Instructional Resource Series,IGNORE
Constructing a multi-container Docker Compose file to orchestrate the services adds 4 extra,OPTIONAL_BONUS
Deduction: Missing the architecture diagram results in a flat 5-point penalty.,WEIGHTED_PRIORITY
Reference Material: You can confirm you have read the external documentation article link distributed via the official Messenger Group chat.,PRE_REQUISITE
Ensembling predictive nodes using a gradient boosted decision tree framework is assessed out of a maximum of 30 points.,WEIGHTED_PRIORITY
Providing an optional mathematical proof showing that your custom loss function satisfies the triangle inequality adds a three-point premium.,OPTIONAL_BONUS
You must pass the technical laboratory safety induction protocol before you are permitted to request specialized server hardware keys.,PRE_REQUISITE
Compilation Penalty: Leaving unused variable definitions that break the strict production compiler flags triggers an automatic 10-point deduction.,PRE_REQUISITE
PORTAL CLOSURE: Ensure your .zip file is fully processed before the server cutoff on January 15 at midnight.,ADMIN_TRAP
Rubric Segment B: Algorithmic Complexity and Scalability Analysis (Worth 30% of the milestone grade).,WEIGHTED_PRIORITY
A. Modify the provided device to have more VRAM and Storage for training use.,TECHNICAL_TASK
Component Weight: Individual contribution factor modifies the final group score by 20%.,WEIGHTED_PRIORITY
"Write a Python script that reads the provided JSON file, validates its schema, and converts it into a structured pandas DataFrame.",TECHNICAL_TASK
Algorithmic Step: Normalize the feature matrix columns to have a zero mean and unit variance before fitting.,TECHNICAL_TASK
"With the provided raw dataset, develop a Python script that normalizes numerical columns and encodes all categorical features for model input.",TECHNICAL_TASK
"If you have time left over, creating a basic visual layout for your data fields is a purely optional pursuit that adds a quick two extra marks onto your grade.",OPTIONAL_BONUS
Your model's F1-score performance on the validation set will determine 20 points of your overall score.,WEIGHTED_PRIORITY
"Develop a Python script that loads a CSV file, detects missing values, and fills them using mean imputation before model training.",TECHNICAL_TASK
Page 25.,IGNORE
Priority Assessment: Executing the final multithreading load tests successfully will secure the remaining 10 points of your score.,WEIGHTED_PRIORITY
"According to the anomaly thresholds defined in the provided report, implement an autoencoder using TensorFlow to detect irregularities in the network traffic dataset.",TECHNICAL_TASK
Designing a comprehensive data visualizer using an interactive dashboard UI layout will award you 5 extra marks.,OPTIONAL_BONUS
Submission Protocol: Upload your repository link directly to the Canvas portal under the Assignment 3 tab.,ADMIN_TRAP
You must download the pre-trained model weight binaries from the shared repository before initializing the inference classification script.,PRE_REQUISITE
You must fill out and sign the Academic Integrity Statement on page 3 of this document and append it as the very first page of your final PDF report submission.,ADMIN_TRAP
Swapping team members after the add-drop period requires submitting a formal petition form to the computer science department dean.,ADMIN_TRAP
Initializing the stochastic gradient descent optimizer requires the structural configuration of the neural network graph to be locked in memory.,PRE_REQUISITE
Score Weight: Two-factor user authentication implementation accounts for 5% of your baseline total.,WEIGHTED_PRIORITY
The selected group leader must verify that their institutional portal account is fully active before attempting to upload the team project materials.,ADMIN_TRAP
"You will not face any grade penalties if you choose to bypass the containerized microservice design step, although completing it grants a small four-point score dividend.",OPTIONAL_BONUS
Please double-check that you have imported the specified configuration file into your local workspace prior to adjusting any model hyperparameter variables.,PRE_REQUISITE
Achieving a perfect Pylint score of 10.0 is an optional stretch goal worth 5 points.,OPTIONAL_BONUS
Installing software is a must for mobile development; you must download the Android Studio SDK toolchain from the shared Google Drive link before rendering your layout.,PRE_REQUISITE
Your Google Colab notebook must be shared with view-only access to the instructor's email before the submission link is pasted,ADMIN_TRAP
You must verify that your local development package management tool has successfully cached the Tailwind CSS package binaries before generating the interface components.,PRE_REQUISITE
WARNING: Submissions made via cloud sharing links (such as Google Drive or OneDrive) will receive zero credit.,ADMIN_TRAP
"With the provided text corpus, implement a Word2Vec embedding model using Gensim and export the trained vectors to a file.",TECHNICAL_TASK
You can save your final document structure as a flattened PDF file layer before sending.,ADMIN_TRAP
Build a Python script that cleans and preprocesses raw dataset files by handling missing values and removing duplicates.,TECHNICAL_TASK
Developing a voluntary script to visualize hidden layer state space representations adds 2 extra marks.,OPTIONAL_BONUS
Understanding math is a must for data analysis; you must review probability distributions on Google Classroom before calculating standard variances.,PRE_REQUISITE
You must optionally complete the non-credit preparatory software workshop series if you have less than one year of experience with object-oriented design.,PRE_REQUISITE
The complete code coverage metric is scaled out of 30 marks.,WEIGHTED_PRIORITY
Sequence Incentive: Integrating a teacher forcing schedule to accelerate decoder convergence during early training epochs awards an extra 5% bonus.,OPTIONAL_BONUS
MANDATORY COVER PAGE: The official university plagiarism declaration form must be appended to your document.,ADMIN_TRAP
"Submitting all required documents is necessary, failing to do so will earn a 5% grade deduction of grade per missing document.",WEIGHTED_PRIORITY
"VISUALIZATION TASK: Using the provided sales dataset, create an interactive dashboard using Plotly that displays revenue breakdowns by region, product category, and time period.",TECHNICAL_TASK
Students must verify that their primary academic email is correctly mapped to the institutional roster database before the drop deadline.,ADMIN_TRAP
The neural network simulation engine requires the input dimension parameters to match the training vector shape before executing the forward pass.,PRE_REQUISITE
Mandatory Step: Instantiate a new instances of the cryptographic hashing class using SHA-256 encryption.,TECHNICAL_TASK
"All project source code must be submitted via the designated assignment portal on Canvas in a flat directory structure containing no subfolders, accompanied by a video link to your 3-minute Loom presentation; email submissions will not be accepted or graded.",ADMIN_TRAP
An extra 5% allocation will be granted to submissions that integrate a secondary validated dataset for comparison.,OPTIONAL_BONUS
"Confirm that your repository's About section on GitHub has been populated with the course code, activity number, and academic term before submitting the repository link",ADMIN_TRAP
Architectural Premium: Swapping the standard attention heads with a flash attention layer to decrease memory overhead awards an extra 10% bonus modifier.,OPTIONAL_BONUS
The model accuracy on the hidden test dataset accounts for 40% of this milestone.,WEIGHTED_PRIORITY
"Regular attendance during synchronous check-ins is highly encouraged to maximize peer-to-peer collaboration, though sessions are recorded for asynchronous review.",IGNORE
A maximum of 15 points will be awarded for code readability.,WEIGHTED_PRIORITY
Each member is required to log at least three commits in the repository,ADMIN_TRAP
Submission Assignment: Assigning the upload authority role to a single team member prevents the automated grading ledger from crashing due to simultaneous submissions.,ADMIN_TRAP
Converting your final text documentation into a flattened portable document format ensures compatibility with the administrative viewing software.,ADMIN_TRAP
Installing software is a must for advanced compilation; you must download the LLVM compiler toolchain from Google Drive before analyzing the abstract syntax trees.,PRE_REQUISITE
"CHAT BOT: Using HuggingFace, select an appropriate conversational model and deploy it as a simple AI assistant for a customer support use case.",TECHNICAL_TASK
Successfully implementing a real-time progress notification interface will yield an additional 5 marks.,OPTIONAL_BONUS
Successfully passing the advanced distributed deep learning extension unit grants an optional ten percent valuation increase toward your final lab grade.,OPTIONAL_BONUS
Security Dividend: Enforcing Content Security Policy (CSP) headers to mitigate malicious asset injection awards an additional 5% bonus modifier.,PRE_REQUISITE
Optional Feature: You can implement an automated dead-man's switch mechanism to securely wipe local session storage to add a 5% premium onto your final score.,OPTIONAL_BONUS
You need to download the official assignment formatting template from the course page before you begin writing your answers on the online document editor.,PRE_REQUISITE
Creating a verified profile on the shared source code forge is a mandatory first step to gain access to the starter code distribution.,PRE_REQUISITE
B. Create an upgraded version of the provided device that includes expanded VRAM capacity and additional storage for AI model training tasks.,TECHNICAL_TASK
"Build a Python script that connects to the provided REST API, retrieves paginated responses, and stores all records into a local SQLite database.",TECHNICAL_TASK
"While the primary code implementation is graded on a pass/fail basis for functionality, the accompanying performance profiling report carries a weight of 15 points toward your continuous assessment total.",WEIGHTED_PRIORITY
The comprehensive technical documentation section is weighted at 15 marks toward your overall portfolio grade.,WEIGHTED_PRIORITY
"Understanding math is a must for automated game physics, so you must solve the quadratic trajectory equations before calculating the projectile collision matrices.",PRE_REQUISITE
Validation Fault: Test set leakage triggers an automatic 40-point deduction.,WEIGHTED_PRIORITY
Converting your hidden state matrices into a compact truncated backpropagation format is assessed out of a maximum of 15 points on your project grade.,WEIGHTED_PRIORITY
You can verify that your local development environment has cached the global Python virtualenv binaries before you attempt to install the project dependencies.,PRE_REQUISITE
"You do not have to write a script to clean up duplicate data, but if you do it you can get a quick two points added to your score.",OPTIONAL_BONUS
"WARNING: No extensions will be granted past the template cutoff date of Sept, 2XXX.",ADMIN_TRAP
"Understanding math is a must for cryptographic systems, so you must demonstrate mastery over modular inverse operations before tackling the block cipher challenge sheet.",PRE_REQUISITE
Page 4 of 12 — Computer Science Department — Course Code: CS101 — Academic Year 2025-2026 — Term 1.,IGNORE
Integrating an automated automated visual regression pipeline that verifies frontend alignment across breakpoints will award you 5 extra marks.,OPTIONAL_BONUS
Implement an API rate limiter in Python that restricts incoming requests to 100 per minute per user,TECHNICAL_TASK
Please keep in mind that uploading an invalid file format or submitting an uncompilable script triggers an automatic ten-point reduction on that specific module mark.,WEIGHTED_PRIORITY
Optional: Register your finalized model pipeline with a containerized Docker registry for an immediate two-point score boost.,OPTIONAL_BONUS
National College of Technology // Batch 2026 Graduate Thesis Archive Index // Sheet No. 4 // Page x,IGNORE
Due Date: February 2XXX,ADMIN_TRAP
"A maximum of 10 marks will be awarded for the thoroughness of your edge-case handling, specifically regarding how your data pipeline manages null values and malformed API payloads.",WEIGHTED_PRIORITY
Preparatory Task: You can review the interactive prototyping guidelines posted on our shared Figma board workspace before submitting your UI wireframe draft.,PRE_REQUISITE
The rigorous validation of edge cases in your sorting routine accounts for 15 marks of your lab performance.,WEIGHTED_PRIORITY
"All code submissions must compile and run using Python 3.10.12, and all external libraries must be declared in a root requirements.txt file.",ADMIN_TRAP
Successfully completing the error handling optimization will earn you a maximum of 10 points.,WEIGHTED_PRIORITY
"Section 4: Methodology is worth 30 points, distributed as follows: 15 points for data collection design, 10 points for statistical justification, and 5 points for structural clarity.",WEIGHTED_PRIORITY
Formatting Rule: All written answers must be set in 12-point Times New Roman with one-inch margins.,ADMIN_TRAP
Extra Credit Task: Profiling your application's memory usage and eliminating bottlenecks grants 3 additional points.,OPTIONAL_BONUS
The implementation of the public-key cryptography module carries a heavy weight of 25% of the total assignment mark.,WEIGHTED_PRIORITY
Macro F1-score below 0.75 caps your section score at 10 points.,WEIGHTED_PRIORITY
You must study the deployment slides uploaded to Google Classroom under Topic 3 before setting up your virtual environment.,PRE_REQUISITE
Department of Information Technology — System Architecture Workspace — Sheet Ref: SA-401-2026 — Page 18,IGNORE
"The final software artifact will be evaluated using a 100-point rubric, where 50 points are allocated to core backend functionality, 30 points to comprehensive unit testing coverage, and 20 points to the user interface deployment.",WEIGHTED_PRIORITY
Optional Optimization: Refactoring your backend queries to support pagination and cursor-based fetching adds a 5% premium onto your final score.,OPTIONAL_BONUS
Refactoring your custom data generator pipeline to support real-time parallel preprocessing on cluster CPU cores awards ten extra points.,OPTIONAL_BONUS
"Using the classifier built in the previous step, implement a cross-validation strategy to evaluate its generalization performance across 5 folds.",TECHNICAL_TASK
"Create a REST API that supports user management operations including creating, updating, retrieving, and deleting records.",TECHNICAL_TASK
Engineering a fallback offline-first state synchronization engine that caches local changes will award you 5 extra marks.,OPTIONAL_BONUS
"B. Applying deep learning optimization principles, modify the device hardware to accommodate larger VRAM resources and high-speed storage for model development tasks.",TECHNICAL_TASK
Table of contents and introductory curriculum outline.,IGNORE
The methodology section constitutes 30% of your overall project grade.,WEIGHTED_PRIORITY
Assessment Criteria: Evaluation Metrics (10 points),WEIGHTED_PRIORITY
Submission: Upload your outputs to the shared Google Drive Folder - Assignment 2,ADMIN_TRAP
Mandatory Review: You must complete the safety orientation quiz module hosted on the student portal before booking your physical lab bench workspace.,PRE_REQUISITE
Prerequisite Assessment: Students must learn how to manually calculate truth tables from Quiz 1 feedback logs prior to designing the hardware logic circuits.,PRE_REQUISITE
Preprocessing Implementation Rubric (30 points).,WEIGHTED_PRIORITY
"Python is widely used for machine learning development, write a script that loads the provided dataset, preprocesses the features, and trains a basic classification model using scikit-learn.",TECHNICAL_TASK
b. The article should be reasonably long (at least a few thousand words) for good results.,TECHNICAL_TASK
Upload it to your assigned folder in the GitHub repository,ADMIN_TRAP
"Train a word embedding model using the skip-gram architecture with negative sampling, then evaluate whether the learned vectors capture useful semantic relationships.",TECHNICAL_TASK
Document Boundary: End of File detected. All appendix materials for the software engineering handbook are concluded on this page.,IGNORE
Modifying your default dashboard theme inside the institutional portal changes your local visual arrangement but does not modify your academic file structure.,ADMIN_TRAP
Page 6 — Section 2.3: Structural Entity Relationships (Continued on page 7) ---,IGNORE
Configuring a dead-letter queue (DLQ) to handle corrupted message broker payloads guarantees a 20-point increase on your rubric.,PRE_REQUISITE
Configuring a distributed data parallelism (DDP) strategy across multiple local GPU runtimes guarantees a 15-point increase on your laboratory grade.,PRE_REQUISITE
Implementing full geometric field spatial indexing rules inside your transactional database engine grants an optional 4 points to your evaluation total.,OPTIONAL_BONUS
Students who require extended storage allocations must submit a formal infrastructure request directly to the computer science department equipment manager.,ADMIN_TRAP
Configuring a bidirectional LSTM layer to capture temporal patterns in your sequence data accounts for exactly 30% of the evaluation.,WEIGHTED_PRIORITY
You can earn a 5% bonus by optimizing the execution time below the baseline threshold.,OPTIONAL_BONUS
Your objective for this assignment is to develop a functional word embedding model.,TECHNICAL_TASK
Designing the responsive user interface layout represents 20% of your total evaluation score for this module.,WEIGHTED_PRIORITY
Performance Modifier: Implementing HTTP/2 multiplexing to reduce asset loading latency awards an additional 10% bonus modifier to your mark.,PRE_REQUISITE
Developing a voluntary custom visualization script to map out convolutional layer feature activations yields an additional five bonus marks.,OPTIONAL_BONUS
Create a composite primary key using both the transaction identity string and the execution timestamp field.,TECHNICAL_TASK
Build a context analyzer using DistilBERT and chatGPT baselines.,TECHNICAL_TASK
Prerequisite Validation: You can confirm that your user profile has successfully passed the introductory command-line literacy diagnostic test.,PRE_REQUISITE
COLLEGE OF INFORMATION AND COMMUNICATION TECHNOLOGY,IGNORE
Migrating the monolithic schema structure into isolated microservices is evaluated out of a maximum of 30 points.,WEIGHTED_PRIORITY
Confirm that your pull request title follows the format ActivityNumber-LastName-FirstName before requesting a review,ADMIN_TRAP
Creating a dummy empty text folder within your project root is recommended solely to keep the file tree visualization clean.,ADMIN_TRAP
"Write a Python script that splits the provided dataset into training, validation, and test sets using stratified sampling based on the target column.",TECHNICAL_TASK
This technical milestone represents exactly 15 percent of your total course grade.,WEIGHTED_PRIORITY
"""The only way to learn a new programming language is by writing programs in it."" — Dennis Ritchie, Co-Creator of the C Programming Language and Unix.",IGNORE
The mid-term examination accounts for exactly 20% of your final grade.,WEIGHTED_PRIORITY
The engineering division archives historical course enrollment statistics on a legacy magnetic tape storage system for administrative reviews.,ADMIN_TRAP
The mid-term project defense is a high-stakes oral evaluation representing 30% of your overall practical laboratory grade.,WEIGHTED_PRIORITY
The designated group leader must toggle the repository visibility switch to public for exactly five minutes to allow the department indexing bot to log the project.,ADMIN_TRAP
"With the provided annotated NER dataset, fine-tune a spaCy model to recognize domain-specific entities and evaluate it using precision, recall, and F1-score.",TECHNICAL_TASK
This activity sheet was programmatically generated using the university's automated Markdown-to-PDF compilation script version 3.12.,IGNORE
Keep in mind: The submission portal for this activity will only remain open for 72 hours from the time it is published. Students who miss the window due to inactivity will not be granted an individual extension without a valid documented excuse.,ADMIN_TRAP
Students can optionally format their project documentation as a static website hosted via GitHub Pages for an automatic 5% score allocation premium.,OPTIONAL_BONUS
MAIN TASK: Hugginface contains thousands of different AI models that can cater to the needs of all users. Create a text classifier using any model of your choice.,TECHNICAL_TASK
Designing an optional synthetic data generation script to expand your evaluation framework awards five extra credit marks.,OPTIONAL_BONUS
Students must ensure their institutional email accounts are linked to the university registration database to receive automated infrastructure alerts.,ADMIN_TRAP
"A maximum of 15% of your final semester grade is determined by the bi-weekly code review sessions, where grading is heavily dependent on your ability to justify architectural decisions to your teaching assistant.",WEIGHTED_PRIORITY
Visual Grid Boundary: --------------- Notes space. Scratchpad area for manual calculations only. ---------------,IGNORE
Section A: Mathematical Proofs (Worth 25% of assignment score).,WEIGHTED_PRIORITY
Document Metadata: You can update the author metadata attributes inside your final DOCX file properties to show your student ID.,ADMIN_TRAP
Begin by implementing a stemming algorithm in your preferred programming language.,TECHNICAL_TASK
The introductory lecture slides are archived on the departmental file server purely for retrospective syllabus documentation purposes.,ADMIN_TRAP
Students who prefer to draft their initial conceptual frameworks by hand may submit a scanned image of their physical paper notebook page to the course archive.,ADMIN_TRAP
"With the provided graph dataset, implement a breadth-first search algorithm in Python and output the full traversal order for each starting node listed in the task sheet.",TECHNICAL_TASK
"As an additional voluntary milestone, creating an interactive web interface for your model predictions will award five extra credit points.",OPTIONAL_BONUS
Grading Note: Failure to include evaluation metrics results in a 5-point deduction.,WEIGHTED_PRIORITY
"Using the available pretrained LLMs on HugginFace, look for datasets made for a specific domain and use it for fine-tuning. You can use the sample source codes shared in the LMS and update it to your needs.",TECHNICAL_TASK
Word2Vec model on domain corpus accounts for exactly 20% of grade.,WEIGHTED_PRIORITY
A confirmation email is dispatched by the university mail server immediately following file uploads to provide a receipt for your personal records.,ADMIN_TRAP
Competency Prerequisite: Students must learn how to formulate conditional logical statements from the Orientation handbook prior to coding the backend authentication validation rules.,PRE_REQUISITE
You must verify that your network socket connections are open to download the baseline neural weight vectors from the academic server.,PRE_REQUISITE
Extra Credit: Build an interactive Streamlit dashboard to visually display your model's classification metrics.,OPTIONAL_BONUS
The course administration guidelines require the group leader to sign a digital teamwork distribution receipt for official department archive records.,ADMIN_TRAP
"Each weekly laboratory reflection journal is worth 2 points, contributing to a total of 20 points for the continuous assessment portion of the semester.",WEIGHTED_PRIORITY
Environment Readiness: Students must learn how to configure their local paths for the Git version control executable prior to syncing their local activity branches.,PRE_REQUISITE
"A maximum of 15 points will be awarded for code readability, proper commenting, and adherence to styling guidelines.",WEIGHTED_PRIORITY
You can confirm your official prerequisite courses have been fully verified by the engineering department administration desk.,ADMIN_TRAP
You can review the asset specifications shared on our Figma workspace before you start writing any object-oriented game entity classes.,PRE_REQUISITE
"According to the evaluation criteria outlined in the rubric, train and compare a Naive Bayes and SVM classifier on the provided text dataset and report which performs better.",TECHNICAL_TASK
Accessing the remote computing cluster requires your network client to establish a secure Virtual Private Network tunnel to the campus backbone.,PRE_REQUISITE
The administrative assistant requires all team members to accept the digital invitation link to ensure correct alignment on the final grading ledger.,ADMIN_TRAP
Failure to include a comprehensive discussion section results in an automatic 10-point deduction from the final score.,WEIGHTED_PRIORITY
This document is for internal institutional use only and may contain proprietary educational formatting templates protected under creative commons.,IGNORE
Exercise for Unit 2,IGNORE
You can optionallty make a User Interface ( UI ) for demonstration purposes.,OPTIONAL_BONUS
Executing the recurrent neural network script requires the local TensorFlow runtime to be compiled with specific AVX tensor extensions.,PRE_REQUISITE
"Using the provided API credentials, write a Python script that fetches real-time weather data, stores it in a CSV file, and updates the file every 10 minutes.",TECHNICAL_TASK
Page 24 — Section 6.2: Network Topology Visualizations (Index continued on page 25) ---,IGNORE
Containerizing your entire environment with Docker can earn up to 5 additional extra credit marks.,OPTIONAL_BONUS
"Read the provided telemetry CSV file line by line, strip all special characters, and export the cleaned output to a new file.",TECHNICAL_TASK
A small score dividend is available for anyone who decides to design a custom error-handling middleware component alongside the required core files.,OPTIONAL_BONUS
Metropolitan Engineering Academy // Semester 2 Progress Portfolios // Document Control: MEA-910 // Page xii,IGNORE
Note: Confirm that your repository contains no merge conflicts in any tracked file before submitting the repository link,ADMIN_TRAP
Course Reference: Fundamentals of Programming — Weekly Learning Outline,IGNORE
"For the purpose of this assignment, you will need to implement a logistic regression classifier using PyTorch.",TECHNICAL_TASK
You must check your email confirmation receipt to verify that your upload was fully processed.,ADMIN_TRAP
"Design and implement a simple ETL pipeline using Python that extracts data from the provided API, transforms it into a clean schema, and loads it into a local SQLite database.",TECHNICAL_TASK
You must ensure that your internet connection is stable and log into the university learning management portal before you try to open the timed mid-semester quiz link.,PRE_REQUISITE
Grading Priority: Missing feature normalization results in a 10-point deduction.,WEIGHTED_PRIORITY
Mapping out your service infrastructure dependencies visually into a dynamic graphical representation matrix grants an optional 4 points to your evaluation total.,OPTIONAL_BONUS
Points will be distributed evenly across the three primary functional requirements specified in the rubric.,WEIGHTED_PRIORITY
Containerizing your microservices using a multi-stage Docker build is evaluated out of a maximum of 20 points on your final project grade.,WEIGHTED_PRIORITY
Designing a complete dual-factor validation sequence using hardware security keys will award you 5 extra marks.,OPTIONAL_BONUS
Running this test script requires GCC compiler version 11.2 or higher to be pre-installed on your local development machine.,PRE_REQUISITE
Policy Infraction: Leaving unhandled promise rejections in your asynchronous event loop triggers a 25-point deduction from your baseline.,PRE_REQUISITE
Students are required to review the architectural design documentation of the legacy codebase template before altering the core data structure files.,PRE_REQUISITE
Tackling the multi-threaded execution strategy remains a purely secondary exercise—completing it simply provides a slight mark buffer on top of your final score.,OPTIONAL_BONUS
Presenting your hyperparameter tuning logs to the teaching assistants during open office hours awards a flat two-point extra credit cushion. An absolute value of five surplus marks will be tacked onto your final score matrix if you finish the baseline implementation requirements before noon.,OPTIONAL_BONUS
Creating an optional comparative chart tracking training loss across three alternative optimizer variations adds a three-point bonus cushion.,OPTIONAL_BONUS
Website: www.wvsu.edu.ph,IGNORE
You can scale your underlying deployment containers dynamically based on simulated real-time request traffic load spikes for an optional 4 points to your evaluation total.,OPTIONAL_BONUS
Extra Credit (5 pts): Write a comprehensive suite of Pytest fixtures for your database module.,OPTIONAL_BONUS
Introduction to Systems Engineering — Unit 4: Queueing Models — Academic Archive — Page 8 / 11,IGNORE
Configuring an automated health-check endpoint for your container instances accounts for exactly 20% of your total score.,PRE_REQUISITE
Roster Sync: The campus learning portal executes a nightly database synchronization to update student group email lists.,ADMIN_TRAP
Make sure you update your local package manager and install the necessary data science libraries before you start writing any code for this assignment.,PRE_REQUISITE
Asynchronous Learning Guide — Object-Oriented Design Systems — Document Version: Final_v3_2026 — Page 5 / 12,IGNORE
The system deployment verification form must be physically signed and scanned into your report.,ADMIN_TRAP
Deploying your deep learning model as an active microservice endpoint on the university server awards a ten percent optional bonus markup.,OPTIONAL_BONUS
"Understanding math is a must for 3D game engines, so you must resolve the vector cross-product exercises before coding the camera rotation matrix.",PRE_REQUISITE
Printed copy generated from the digital learning repository.,IGNORE
"Load the provided e-commerce sales CSV file, compute monthly revenue totals, and visualize the results using a line chart in Matplotlib.",TECHNICAL_TASK
The model accuracy achieved on the hidden test dataset accounts for 40% of this milestone's weight.,WEIGHTED_PRIORITY
Plagiarism Protocol: Running your code through the automated MOSS comparison utility occurs automatically upon file submission for departmental honor review.,ADMIN_TRAP
You can double-check that your machine has successfully compiled the CMake build tools package before you begin working on the C++ memory management sheet.,PRE_REQUISITE
Evaluation Metrics and Analysis Rubric (25 points),WEIGHTED_PRIORITY
Your development environment must be configured with a local installation of Docker before you can pull the required testing containers.,PRE_REQUISITE
Evaluate the models provided in the github and discuss how they work and where they can be implemented.,TECHNICAL_TASK
"Based on the system architecture described in the provided technical document, set up a Docker container that runs the Flask API and connects to the provided PostgreSQL database.",TECHNICAL_TASK
Please note that the automated test suite execution holds a weighted priority of 40 points out of the total 100 available.,WEIGHTED_PRIORITY
Layout Processing: Uploading your graphic user interface wireframes as a shared Figma project hyperlink allows the grading assistants to verify team identity tags.,ADMIN_TRAP
Bonus Feature Challenge: You can build an intelligent anomaly detection system that flags unusual administrative access patterns to yield 3 additional marks.,OPTIONAL_BONUS
ADDITIONAL MARKS: Designing a custom error-handling middleware component adds an optional 5% to the final grade.,OPTIONAL_BONUS
Demo Guidelines: Record and submit a screen capture of your program running on your local machine saved as demo.mp4,ADMIN_TRAP
"Using the provided schema blueprint, design a REST API in Flask that performs CRUD operations on a SQLite database.",TECHNICAL_TASK
Modifying the default editor font magnification settings within the integrated terminal window is saved locally for individual ergonomics preferences.,ADMIN_TRAP
"MAIN TASK: Using any model available on HuggingFace, create a named entity recognition system trained on the provided annotated dataset.",TECHNICAL_TASK
BONUS CHALLENGE SECTION Compiling an automatic execution script for your database cleanup tasks is an entirely voluntary milestone that carries an extra six percent reward buffer.,OPTIONAL_BONUS
Please note that the configuration profile you submit is processed by a secondary software program that tracks computer lab seat utilization rates.,ADMIN_TRAP
EXTRA CREDIT: Achieving a precision rate above the stated baseline criteria adds 4 points to the assignment totals.,OPTIONAL_BONUS
Evaluation Penalty: Any instances of hardcoded sensitive credentials will incur an immediate 20-point penalty on your script submission.,WEIGHTED_PRIORITY
Submit the activity on or before 11:59 P.M. May 2XXX,ADMIN_TRAP
Team Registration: Registering your designated group acronym string with the teaching assistant coordinator locks your team roster for the semester.,ADMIN_TRAP
You can capture an additional two-point grade boost by electing to build a custom tensor logging utility from scratch.,OPTIONAL_BONUS
The project coordinator requires each group to nominate a single point of contact who will receive all automated system maintenance email dispatches.,ADMIN_TRAP
Course Reference Footer: CS-204 Laboratory Exercise Series | Prepared for classroom distribution | Page 9 of 12,IGNORE
Footer Index: University of Science and Technology • IT-311 Data Communications • Sheet ID: 9942 • Page 14 of 14,IGNORE
Implementing an L1/L2 regularization loop from scratch without using deep learning libraries is weighted at 20 marks toward your total.,PRE_REQUISITE
"Using a simple CNN algorithm, create a word classifier.",TECHNICAL_TASK
Submission deadline: April 2XXX,ADMIN_TRAP
Penalty Condition: Unevaluated holdout dataset triggers a 15-point deduction.,WEIGHTED_PRIORITY
Model comparison table is weighted at a maximum of 15 marks.,WEIGHTED_PRIORITY
Grade Impact: Failure to clear the buffer arrays will result in an automatic 15-point deduction from your functional correctness grade.,WEIGHTED_PRIORITY
Filename:,IGNORE
"CRITICAL DATE: Project proposals must be uploaded to the LMS portal before Friday, Oct, 202X.",ADMIN_TRAP
You must ensure you have carefully read the research paper link shared in our Messenger Group chat before you draft your comparative algorithm summary.,PRE_REQUISITE
"Optional Feature: You can create an interactive, step-by-step onboarding walkthrough guide for new system administrators to add a 5% premium onto your final score.",OPTIONAL_BONUS
Your local firewall configuration must allow inbound traffic on network port 8080 to permit the backend API to establish a handshake.,PRE_REQUISITE
You must have completed Data Structures and Algorithms with a minimum grade of C to remain enrolled.,PRE_REQUISITE
"Finish the incomplete Flask application provided in the repository by implementing the missing route handlers for user login, registration, and profile update.",TECHNICAL_TASK
Please submit the following:,ADMIN_TRAP
"Using the skip-gram architecture, train a Word2Vec model on the provided corpus and test whether the learned embeddings capture semantic relationships.",TECHNICAL_TASK
System Update: The institutional helpdesk will push a mandatory security patch to all virtual lab machines during the upcoming weekend downtime.,ADMIN_TRAP
"Play a few rounds of the game of 4 Pics 1 Word, either on your phone or on this website: https://poki.com/en/g/4-pics-1-word, then answer the following questions.",TECHNICAL_TASK
Canvas Boundary: --------------- Drafting canvas. This area is reserved for freehand architectural sketching. ---------------,IGNORE
"Write a Python function that accepts a raw string input, applies all preprocessing steps from the provided pipeline, and returns a cleaned and tokenized output.",TECHNICAL_TASK
Students can choose to draft an optional deployment manifest for an automatic 5% score allocation premium.,OPTIONAL_BONUS
Understanding math is a must for computer graphics; you must solve the geometric dot product exercises on Google Classroom before rendering custom light sources.,PRE_REQUISITE
"Analytical Report Rubric (40 Marks Total): Literature synthesis is weighted at 15 marks, methodological rigor at 15 marks, and professional formatting and citation accuracy at 10 marks.",WEIGHTED_PRIORITY
Develop a Python script that connects to the provided PostgreSQL database credentials and exports query results to a formatted Excel report.,TECHNICAL_TASK
Finish the data cleaning notebook provided in the LMS by handling all remaining null values and encoding the categorical columns using one-hot encoding.,TECHNICAL_TASK
Completing the database normalization step correctly accounts for 35% of your final laboratory score.,WEIGHTED_PRIORITY
The department archivist requires all final project files to use a lowercase extension naming scheme to prevent backend Unix directory sorting errors.,ADMIN_TRAP
Deduction Clause: Submitting an application that triggers a memory leak results in an immediate 25-point penalty on your evaluation.,WEIGHTED_PRIORITY
Students must download the structural framework blueprint files straight from the instructor's shared Google Drive directory before building the interface on Figma.,PRE_REQUISITE
"The .gitignore file must be configured to exclude all virtual environment folders, compiled bytecode, and system-generated files before the final push",ADMIN_TRAP
The automated portal timestamp serves as the definitive legal proof of your assignment completion time for the registrar files.,ADMIN_TRAP
ADVANCED TRACK EXTENSION Submitting your pipeline inside a containerized layout remains a voluntary exercise designed to award a minor score supplement.,OPTIONAL_BONUS
You can optionally download the official evaluation rubric checklist template from the departmental portal repository to verify your section page counts.,ADMIN_TRAP
Score Weight: Docker image size optimization below 150MB accounts for 5% of your score.,WEIGHTED_PRIORITY
You must cross-reference the networking protocols explained in Quiz 1 before modifying the backend API routing structure.,PRE_REQUISITE
"With the provided tabular dataset, perform feature selection using a correlation matrix and remove all columns that have a correlation coefficient below 0.2.",TECHNICAL_TASK
"A. To enhance computational performance, modify the existing device configuration to include upgraded VRAM modules and faster storage components for machine learning applications.",TECHNICAL_TASK
Saving your assignment using the exact standardized naming format allows the automated parser to organize the backend storage directories.,ADMIN_TRAP
Finish the incomplete data pipeline provided in the Google Classroom by adding the missing normalization and encoding steps before the model training cell,TECHNICAL_TASK
Bonus Point Challenge: You can develop a middleware plugin that logs all outbound third-party network payloads to encrypted files to yield 3 additional marks.,OPTIONAL_BONUS
"With the provided multi-label text dataset, train a One-vs-Rest logistic regression classifier and report the micro and macro F1-scores on the test split.",TECHNICAL_TASK
Stretch goal: Modify your binary search tree into a self-balancing AVL tree for extra credit.,OPTIONAL_BONUS
DEPLOYMENT TASK: Containerize the provided Python machine learning application using Docker and write a docker-compose file that runs the app alongside a Redis caching service.,TECHNICAL_TASK
Providing an alternative academic contact email within the configuration header is strictly used for emergency administrative communication.,ADMIN_TRAP
c. Up to seven additional surplus marks can be captured by electing to configure your data processing code to execute concurrently across multiple CPU threads.,OPTIONAL_BONUS
Acquiring an active developer access token for the remote deep learning machine array is an absolute prerequisite to execute the network layers.,PRE_REQUISITE
You can book a dedicated calendar appointment slot with the teaching assistants to discuss grading criteria questions.,ADMIN_TRAP
Design a microservices architecture using Docker Compose that runs a Flask API alongside a Redis caching layer.,TECHNICAL_TASK
Mathematical Background: You can verify you understand the concepts of Big-O asymptotic notation limits before analyzing the worst-case sorting runtimes.,PRE_REQUISITE
Demonstrating thorough error analysis and edge-case handling can recover up to 5 marks deducted from previous sections.,WEIGHTED_PRIORITY
Partial credit of up to 50% will be given if the mathematical proofs are conceptually correct but contain minor calculation errors.,WEIGHTED_PRIORITY
You can execute the pip package installation command for the transformers and scikit-learn libraries before compiling the pipeline.,PRE_REQUISITE
Build a real-time sentiment classifier using DistilBERT that accepts user input through a simple Flask web interface.,TECHNICAL_TASK
Bonus Point Challenge: Developing a middleware plugin that logs all outbound third-party network payloads to encrypted files yields 3 additional marks.,OPTIONAL_BONUS
You must have maintained a cumulative grade point average above the minimum departmental threshold to qualify for this advanced systems engineering track.,PRE_REQUISITE
"With the provided imbalanced classification dataset, apply SMOTE oversampling to balance the class distribution and retrain the model to compare performance before and after.",TECHNICAL_TASK
"Using scikit-learn, implement a random forest classifier to predict housing prices from the provided dataset.",TECHNICAL_TASK
Clean the raw text by striping out special punctuation characters and converting all strings to lowercase.,TECHNICAL_TASK
Students who implement an optional distributed training scheme across local cluster endpoints will receive an additional five bonus points.,OPTIONAL_BONUS
Printing your optional project overview sheet requires linking your personal campus print quota account to the local library server.,ADMIN_TRAP
You must have completed the basic Discrete Mathematics sequence before you are permitted to attempt the logic gate simulation worksheet.,PRE_REQUISITE
"Upload your finalized text document directly to the repository before Nov, 2XXX.",ADMIN_TRAP
"CRITICAL DATE: You must register your project group on Canvas before Oct 15, 202X.",ADMIN_TRAP
A. Distribute all data evenly using a python script created from scratch under 5 minutes.,TECHNICAL_TASK
Configuring your virtual container to mount the storage drive housing the training files is a mandatory first step before initializing the network.,PRE_REQUISITE
"Grading Breakdown: Laboratory Rubric Assessment Criteria: Functional Correctness (50%), Code Readability and Style (30%), Written Documentation Quality (20%).",IGNORE
Integrating an automatic translation engine that localizes all UI text elements will award you 5 extra marks.,OPTIONAL_BONUS
Understanding math is a must for network engineering; you must solve the graph theory adjacency matrix problems before writing the shortest-path algorithm.,PRE_REQUISITE
Score Cap: Validation accuracy below 75% limits your score to a maximum of 10 points.,WEIGHTED_PRIORITY
Documenting your model's adversarial robustness testing process adds an optional three-point extra credit layer onto your structural rubric row.,OPTIONAL_BONUS
Plotting a clean ROC-AUC curve matrix alongside macro-averaged precision-recall scores is weighted at 15 points toward your total.,PRE_REQUISITE
Stratified train-test splitting accounts for exactly 20% of your grade.,WEIGHTED_PRIORITY
IMPORTANT: The peer evaluation spreadsheet must be uploaded separately from your main report document.,ADMIN_TRAP
Failure to submit the architectural blueprint results in an automatic ten-point deduction.,WEIGHTED_PRIORITY
Optional: Evaluate your trained model against an adversarial perturbation attack vector to earn an extra five percent credit.,OPTIONAL_BONUS
You must complete the probability distribution quiz on Google Classroom before working on the predictive data modeling activity.,PRE_REQUISITE
Submission Rule: All source files must be compiled into a single .tar.gz archive.,ADMIN_TRAP
Please remember that any submission missing the required architectural block diagram will be capped at a maximum of forty marks total.,WEIGHTED_PRIORITY
COMPARISON TASK: Train both a decision tree and a random forest classifier on the provided dataset and produce a side-by-side comparison of their confusion matrices.,TECHNICAL_TASK
Build a real-time face detection system using OpenCV and Haar Cascade classifiers.,TECHNICAL_TASK
Exceeding the standard baseline accuracy by 5% adds 3 points to your project total.,OPTIONAL_BONUS
You can review the foundational setup guidelines distributed during the freshman orientation seminar before you begin installing any specialized SDK modules.,PRE_REQUISITE
Build a data pipeline using Apache Airflow that automates the ingestion and transformation of daily sales records from the provided source folder.,TECHNICAL_TASK
Continuous agile sprint logs carry a weight of 10 percent.,WEIGHTED_PRIORITY
Page 7 of 15 --- Section 3: Algorithmic Paradigms --- Continued on next page ---,IGNORE
The validation accuracy score determines 40% of the practical exam weight.,WEIGHTED_PRIORITY
Implementing an optional distributed training scheme across local cluster endpoints will add an automatic five bonus points to your submission.,OPTIONAL_BONUS
"For each named figure in computing, a maximum of 5 points can be added and 1 point reduced per spelling error.",WEIGHTED_PRIORITY
Students must download the baseline database relational schema structure from the shared Google Classroom stream before attempting to write any SQL optimization scripts.,PRE_REQUISITE
Achieving a validation accuracy score greater than ninety-five percent on the evaluation data splits your grade matrix into a bonus tier.,OPTIONAL_BONUS
Students can optionally draft an exhaustive architectural decision record detailing why specific design frameworks were selected for an automatic 5% score allocation premium.,OPTIONAL_BONUS
Documentation Note: Ensure that the version of the programming language used in your implementation is explicitly stated in the first line of your README file,ADMIN_TRAP
Understanding math is a must for machine learning applications; you must grasp partial derivatives before optimizing the gradient vectors.,PRE_REQUISITE
"An additional four marks will be added to your raw score if you choose to optimize your database index layouts, though you can safely ignore this if you run out of time.",OPTIONAL_BONUS
Submit your work in a Github repository and for private repositories invite me as a collaborator.,ADMIN_TRAP
Criterion 3: Model evaluation and reporting is worth a maximum of 20 points.,WEIGHTED_PRIORITY
Pagination Footer: Computer Science Activity Sheets | Module 4: Relational Databases | Sheet Ref: CS-202-REV3 | Page 12,IGNORE
Installing software is a must for this web backend lab; you must install the PostgreSQL database engine service before testing any relational query optimization tasks.,PRE_REQUISITE
Negative Weight: Deprecated scikit-learn functions incur a 5-point penalty.,WEIGHTED_PRIORITY
Note: Write your answers in a one whole sheet of paper.,ADMIN_TRAP
Write a Monte Carlo simulation in Python to estimate the probability of profit for a given investment portfolio.,TECHNICAL_TASK
"Important Date: Midterm Examination Period: October 12, 2026, through October 17, 2026 — Please consult the university registrar website for room assignments.",IGNORE
"Queries regarding the activity must be posted exclusively in the discussion board, any questions sent through the instructor's email or social media will not receive a response.",ADMIN_TRAP
Deploying your image processing function as an AWS Lambda instance awards 5 extra marks.,OPTIONAL_BONUS
TO DO. Create a simple file duplicator using python and C++ as your main coding languages.,TECHNICAL_TASK
"Submission is individual, but make sure to write both of your names in the field above.",ADMIN_TRAP
The automated submission portal marks the entire team assignment as received the moment the primary group representative clicks the confirmation button.,ADMIN_TRAP
Partial credit of up to 50% is available for incomplete derivations.,OPTIONAL_BONUS
"Based on the discussions found on the provided resource materials, answer the following questions:",TECHNICAL_TASK
Page 16 — Section 4.5: Distributed Ledger Topologies (Index continued on page 17) ---,IGNORE
Any AI-assisted content included in the submission must be declared in a dedicated AI Use Disclosure section.,ADMIN_TRAP
"Writing an optional, non-mandatory technical report that walks through your neural network weight matrix dimensions adds three bonus marks.",OPTIONAL_BONUS
Environment Prerequisite: Students must learn how to configure environment variables within their local bash profile prior to initializing the database schema sheet.,PRE_REQUISITE
"You can capture an additional three-point score premium by electing to implement a secondary, alternative custom loss module.",OPTIONAL_BONUS
"For the provided task, complete 8 sentences related to Machine Learning.",TECHNICAL_TASK
CRITERIA MODULE 3 The code optimization phase carries a heavy fixed weight of twenty-five percent toward the module total.,WEIGHTED_PRIORITY
Restructuring your application layer to communicate entirely through asynchronous message queues grants an optional 4 points to your evaluation total.,OPTIONAL_BONUS
The local deployment framework requires the neural network node clusters to be provisioned with dynamic routing access before the training phase.,PRE_REQUISITE
Write a function in Python that tokenizes and removes stopwords from the given corpus of text in the repository.,TECHNICAL_TASK
"Open the Jupyter Notebook provided in the Google Classroom, complete all empty code cells for the data visualization section, and export the finished notebook as a PDF.",TECHNICAL_TASK
Submit your final output using the .py file format,ADMIN_TRAP
The lab monitoring utility records the background system temperature of the physical server racks for facility climate tracking.,ADMIN_TRAP
Optimization Fault: Utilizing an un-vectorized nested loops execution for matrix multiplications triggers an automatic 30-point deduction.,PRE_REQUISITE
Optional Feature: Creating a dynamic onboarding tutorial walkthrough interface for new administrators,OPTIONAL_BONUS
Please respond by writing your answers in its entirety on a single sheet of paper.,ADMIN_TRAP
The university computing division schedules a mandatory cluster storage maintenance cycle at the conclusion of every academic semester.,ADMIN_TRAP
"""Your talent determines what you can do. Your motivation determines how much you are willing to do."" — Lou Holtz",IGNORE
This structural document layout is intended solely for internal academic distribution.,IGNORE
You must download the derivative formula cheat sheet from the shared Google Drive folder before you begin calculating the neural network gradient descents.,PRE_REQUISITE
Designing a secondary backup route for your system API (which is completely non-mandatory and carries zero penalty if left out) unlocks a loose grading cushion.,OPTIONAL_BONUS
"The individual contribution factor, derived from peer evaluations and GitHub commit histories, will be used as a multiplier (ranging from 0.0 to 1.2) against the total team project score.",WEIGHTED_PRIORITY
Implementing end-to-end TLS encryption across all active network channels accounts for exactly 25% of your final grade.,WEIGHTED_PRIORITY
Design and implement a convolutional neural network (CNN) that accurately classifies handwritten digits from the MNIST dataset.,TECHNICAL_TASK
"Your baseline marks are completely safe if you skip the distributed execution pipeline entirely, but tackling it will yield a three-point bonus envelope.",OPTIONAL_BONUS
Refactoring the legacy data ingestion logic into a clean repository pattern is assessed out of a maximum of 30 points.,WEIGHTED_PRIORITY
You must successfully complete the introductory object-oriented programming module as a mandatory baseline requirement for this lab workspace.,PRE_REQUISITE
Efficiency Incentive: Compiling the final trained transformer weights down to a TensorRT optimized engine awards an extra 10% bonus modifier.,PRE_REQUISITE
The comprehensive literature review section contributes 25 points to the final thesis proposal grade.,WEIGHTED_PRIORITY
"Using the baseline CNN provided in the repository, apply hyperparameter tuning with Optuna to find the best learning rate, batch size, and number of layers.",TECHNICAL_TASK
Functional Step: Parse the raw CSV input matrix to extract missing feature values before scaling your dataset attributes.,TECHNICAL_TASK
The unique workspace authentication hash generated at enrollment is used exclusively to validate your current enrollment status.,ADMIN_TRAP
"Instructions: Before writing any code, review the following raw data extracct representing a university student database.",TECHNICAL_TASK
Data cleaning pipeline accounts for 30% of your score.,WEIGHTED_PRIORITY
You must review the core feedback points from your previous Presentation Slides before drafting this technical brief.,PRE_REQUISITE
"Graphic Caption: Figure 1.2: A stylized decorative vector graphic representing a cloud database icon, used purely for visual aesthetics and page layout design.",IGNORE
Implementing a multi-threaded execution strategy is entirely optional and offers a 10% score premium.,OPTIONAL_BONUS
Prior Verification: Students must learn the structural differences between linear and non-linear data structures prior to downloading the graph traversal activity sheet.,PRE_REQUISITE
FEATURE METRIC Implementing a principal component analysis (PCA) pipeline to reduce dimensional redundancy accounts for exactly 20% of your total score.,WEIGHTED_PRIORITY
Note: Save your Python source codes into a single .ipynb file or multiple python files.,ADMIN_TRAP
Optional Feature: You can engineer a background data-syncing worker that operates quietly when your app is minimized to add a 5% premium onto your final score.,OPTIONAL_BONUS
A maximum of 40 points will be awarded for the accuracy and completeness of the data pipeline implementation.,WEIGHTED_PRIORITY
Each completed task will be assessed for 5 points.,WEIGHTED_PRIORITY
"You can easily bypass the hyperparameter grid-search phase without hurting your base grade, but running it anyway unlocks a loose four-point performance bounty.",OPTIONAL_BONUS
Develop a Flask web application that allows users to upload data files and view processed outputs through a simple interface,TECHNICAL_TASK
You can optionally engineer an automated script that checks your source files for hardcoded secrets or API keys for an automatic 5% score allocation premium.,OPTIONAL_BONUS
"With the given medical dataset, train an SVM to distinguish between malignant and benign tumor classifications and report its accuracy.",TECHNICAL_TASK
You can review the foundational design rules shared on the Figma board before you begin building out the responsive CSS grid layout.,PRE_REQUISITE
Penalty: Incorrect naming conventions will result in a 2-point deduction.,WEIGHTED_PRIORITY
"To successfully execute the baseline scripts, students are required to pre-install the official CUDA Toolkit version 11.8 on their local workstations.",PRE_REQUISITE
Deadline: May 2XXX,ADMIN_TRAP
Bonus Point Challenge: You can expose a dedicated web-hook endpoint that broadcasts server lifecycle notifications to yield 3 additional marks.,OPTIONAL_BONUS
"Using the word embeddings trained in the previous activity, visualize the vector space of the top 50 words using PCA and plot the results using Matplotlib.",TECHNICAL_TASK
"According to the sentiment labels defined in the annotation guide, fine-tune a BERT model on the provided customer feedback dataset and evaluate its classification performance",TECHNICAL_TASK
Dependency Baseline: Students must learn how to execute global package installations via the Node Package Manager (npm) before initializing their frontend framework sheets.,PRE_REQUISITE
"Paste the exact repository URL from your browser's address bar into the submission text field and not a shortened link, redirect URL, or QR code equivalent",ADMIN_TRAP
Note: Ensure that your text formatting strictly adheres to the standard IEEE two-column conference template.,ADMIN_TRAP
"Build a Python script that reads the provided XML data file, parses all relevant fields, and converts the output into a clean pandas DataFrame for analysis.",TECHNICAL_TASK
The code styling and documentation criteria are worth 10 points total.,WEIGHTED_PRIORITY
"Failure to achieve a passing mark of 50% on this final project deliverable will result in an automatic failing grade for the entire course module, regardless of your cumulative points.",WEIGHTED_PRIORITY
Portal Instructions: You can review the institutional handbook regarding late submissions on the course homepage syllabus tracker.,ADMIN_TRAP
Document Pagination: State Technical University • Course Ref: STU-401 • Archive Log: 2026_B • Page 17 of 20,IGNORE
Exporting your design mockups from Figma into a standard raster graphic format ensures the administrative layout viewer can render it properly.,ADMIN_TRAP
LEARNING MODEL: Create a simple self-learning model that can easily be fed new data and learn from it using chatGPT3.1,TECHNICAL_TASK
Quality Infraction: Hardcoding the database credentials into your version-controlled source files triggers an automatic 50-point deduction.,PRE_REQUISITE
Please verify that you have installed the lockdown browser extension and tested your web camera prior to launching the final assessment session.,PRE_REQUISITE
Confirm that your submitted repository is accessible to the instructor's GitHub account by verifying the collaborator invitation has been accepted before the deadline,ADMIN_TRAP
Optional Feature: Integrating a secure OAuth2 authentication workflow adds 5 bonus points to your project total.,OPTIONAL_BONUS
Abstracting your external data access through a clean Data Access Object (DAO) pattern is weighted at 15 marks for this lab.,PRE_REQUISITE
"Luna St., La Paz, Iloilo City 5000",IGNORE
Registering your finalized model pipeline with a containerized Docker registry remains entirely optional and provides an immediate two-point score boost.,OPTIONAL_BONUS
"Using the provided raw text corpus, write a Python RegEx script that extracts all email addresses, dates, and monetary values.",TECHNICAL_TASK
CHAT BOT: Using huggingface.com. find a model and create a simpe AI chat bot assistant.,TECHNICAL_TASK
"Dont forget to submit your file via google classroom on May, 21 2026",ADMIN_TRAP
The following section provides contextual information for academic reading.,IGNORE
"According to the architecture diagram provided, design a CNN that classifies plant diseases from the given collection of leaf images.",TECHNICAL_TASK
The registration desk requires an electronic copy of your text documentation file to verify that the project matches the official university syllabus description.,ADMIN_TRAP
Introduction to Cloud Infrastructure — Unit 5: Virtualization Clusters — Academic Distribution — Page 9 / 13,IGNORE
Optional Feature: Developing an accessible voice-command navigation overlay for the user interface adds a 5% premium onto your final score.,OPTIONAL_BONUS
"To earn a small grading dividend, students can voluntarily author a supplementary markdown file comparing different activation function behaviors.",OPTIONAL_BONUS
"Your fundamental assignment total will not be harmed if you skip writing the comparative baseline report, though taking the time to draft this optional analysis adds a clean cushion onto your final marks.",OPTIONAL_BONUS
The application engine must accept raw binary streams directly from the standard input buffer and process them sequentially.,TECHNICAL_TASK
Implementing a comprehensive automated regression testing workflow using GitHub Actions will reward you with 5 additional marks.,OPTIONAL_BONUS
The system documentation section is evaluated out of a maximum of 15 marks.,WEIGHTED_PRIORITY
Your peer evaluation score modifies the final group grade by 10%.,WEIGHTED_PRIORITY
Implementing an automated daily backup routine that exports database snapshots to secure cloud storage will award you 5 extra marks.,OPTIONAL_BONUS
Implement a k-means clustering algorithm from scratch to group customer segments by purchasing behavior.,TECHNICAL_TASK
Refactoring the sequential decoding pipeline to execute a parallel beam search routine is evaluated out of a maximum of 20 points.,WEIGHTED_PRIORITY
"Using all the preprocessing, training, and evaluation steps completed in the previous activities, assemble a complete end-to-end NLP pipeline and document each stage in a written report.",TECHNICAL_TASK
Mandatory Step: Configure the custom network socket connection to retry handshakes up to three times before throwing a timeout.,TECHNICAL_TASK
"Based on your earlier research, create a short essay about how electronic devices receive and send data.",TECHNICAL_TASK
Binding the structural neural network hyperparameter values inside your global configuration script is required before compilation.,PRE_REQUISITE
Core Expectation: Students must learn the principles of linear combinations and vector spaces before they can begin mapping 3D asset rotations.,PRE_REQUISITE
Enforcing strict Role-Based Access Control (RBAC) to restrict unauthorized API route execution guarantees a 30-point increase on your sheet.,PRE_REQUISITE
Each bi-weekly laboratory report carries a weight of 5% toward the semester total.,WEIGHTED_PRIORITY
Fine-tuning a convolutional neural network (CNN) to achieve over 92% validation accuracy accounts for exactly 30% of the lab score.,PRE_REQUISITE
Please ensure your official student ID number is clearly printed on the top-right header.,ADMIN_TRAP
You must download the core localization JSON schemas from the shared class Google Drive folder before you begin translation configurations.,PRE_REQUISITE
Establishing a persistent WebSocket connection for real-time dashboard updates accounts for exactly 25% of your practical grade.,PRE_REQUISITE
Students must possess a fundamental understanding of asymptotic Big-O runtime analysis before attempting the advanced algorithmic modules.,PRE_REQUISITE
Writing comprehensive unit tests for your routing paths is assessed out of a maximum of 15 marks.,WEIGHTED_PRIORITY
Metric Infraction: Training a classification model while leaving unhandled missing values in the feature matrix triggers a 25-point deduction.,WEIGHTED_PRIORITY
"Understanding math is a must for statistical computing, so you must resolve the matrix transposition equations before executing any data-frame manipulation scripts.",PRE_REQUISITE
Grade Weight: Third-party API endpoint integration accounts for 5% of your cumulative grade.,WEIGHTED_PRIORITY
"Open the provided Jupyter Notebook from the Google Classroom, complete all missing code cells related to feature engineering, and rerun the full pipeline before submitting.",TECHNICAL_TASK
Implement a logistic regression classifier from scratch using NumPy and evaluate its accuracy on the provided binary classification dataset.,TECHNICAL_TASK
You must ensure your hardware memory pool has at least 4GB of VRAM available to load the multi-layered perceptron layers into the graphics pipeline.,PRE_REQUISITE
Please check that your digital portfolio profile is set to public view before you paste your final project link into the assessment portal.,PRE_REQUISITE
Implement a responsive dark mode toggle in your CSS for a 10-point bonus.,OPTIONAL_BONUS
Students can optionally compile their project setup instructions into an interactive video tutorial for an automatic 5% score allocation premium.,OPTIONAL_BONUS
"According to the data structure outlined in the provided documentation, create a web scraper using BeautifulSoup that extracts headlines and publication dates.",TECHNICAL_TASK
Score Weight: Teacher forcing schedule integration accounts for 5% of your total score.,WEIGHTED_PRIORITY
Department of Computer Science and Engineering Course Syllabus Fall Semester 2026.,IGNORE
"Load the provided JSON dataset into a pandas DataFrame, inspect its structure, and document all columns that contain null or inconsistent values before proceeding.",TECHNICAL_TASK
The course administrative board accepts hand-drawn architectural wireframes provided they are converted into a standard image format for long-term server archival.,ADMIN_TRAP
Bonus Task Challenge: Constructing a modular plugins architecture to load third-party extension modules dynamically yields 3 additional marks.,OPTIONAL_BONUS
i. The comprehensive in-person presentation phase carries a maximum weight of fifteen percent toward your total engineering design grade.,WEIGHTED_PRIORITY
"If you finish early, consider configuring a custom logger—the teaching assistants will award a small score premium for the added effort.",OPTIONAL_BONUS
Optimizing your SQL query execution paths accounts for exactly 25% of the final grade on this assignment.,WEIGHTED_PRIORITY
Create a database-driven inventory management system using MySQL and Python for CRUD operations.,TECHNICAL_TASK
Bonus Point Challenge: You can integrate an interactive chat command system to trigger administrative system actions to yield 3 additional marks.,OPTIONAL_BONUS
h. Completing the mandatory academic integrity training module is a strict condition that must be met before students can unlock the assignment submission portal.,PRE_REQUISITE
Download the Dataset for this project at our Google classroom.,PRE_REQUISITE
"Before attempting to train the deep neural network layer, ensure you have downloaded and unzipped the complete raw image archive into your project directory.",PRE_REQUISITE
"Your total score is calculated as a percentage of the possible points, equating to 25% of the maximum 50-point total.",ADMIN_TRAP
Your university account profile must be updated with an active recovery contact link to avoid system lockouts during automated software reboots.,ADMIN_TRAP
You must install the optimized matrix multiplication library binaries into your local path before executing the forward calculation loop.,PRE_REQUISITE
Federal Polytechnic School // Semester 1 Laboratory Syllabi // Publication Code: FPS-104 // Page xv,IGNORE
C. Enhance the device specifications by incorporating modern memory management solutions and faster storage technologies for AI development tasks.,TECHNICAL_TASK
"According to the annotation guidelines provided in the task sheet, label at least 200 entries from the raw dataset and export the annotated output in JSON format.",TECHNICAL_TASK
An automatic penalty of 2 points per 24-hour period will be deducted from the total 50-point pool for any submissions received after the Friday midnight deadline.,WEIGHTED_PRIORITY
West Visayas State University,IGNORE
Mandatory Baseline: You can complete the diagnostic review quiz on the student portal to unlock access to the advanced code repository.,PRE_REQUISITE
Convergence Reward: Optimizing the stochastic gradient descent vector using a custom Adam optimizer updates awards an additional 10% bonus modifier.,PRE_REQUISITE
Administrative Guideline: You can adjust the top and bottom header dimensions to meet the standard DOCX formatting template.,ADMIN_TRAP
"With the base model provided in the GitHub repository, extend its architecture by adding two additional hidden layers and retrain it on the provided dataset.",TECHNICAL_TASK
Extra Credit Challenge: Profiling your active database query execution times and eliminating indexing bottlenecks yields 3 bonus marks.,OPTIONAL_BONUS
Implementing a biometric authentication fallback mechanism for the mobile application layer grants an optional 4 points to your evaluation total.,OPTIONAL_BONUS
Evaluation Matrix: The final project report constitutes 35% of total marks.,WEIGHTED_PRIORITY
Developing an optional shell script to automate the entire installation process awards a 5% score premium.,OPTIONAL_BONUS
You can optionally configure a multi-tenant isolation policy within your database tables to secure individual workspace clusters for an automatic 10% score allocation premium.,OPTIONAL_BONUS
Optional: Export your final trained neural network weights into an optimized low-precision floating-point format for a two-point score boost.,OPTIONAL_BONUS
The automated verification bot cross-references your student login credentials against the current registrar enrollment files to clear your portal account access.,ADMIN_TRAP
Designing an entity-relationship diagram (ERD) that meets third normal form standards is weighted at 15 points toward your total.,PRE_REQUISITE
Writing a voluntary script to plot the confusion matrix and ROC curves of your validation output awards a three-point premium.,OPTIONAL_BONUS
"Construct an image preprocessing pipeline that resizes, augments, and normalizes images before model training.",TECHNICAL_TASK
Configure the provided Flask application to handle POST requests and return structured JSON responses for each API endpoint.,TECHNICAL_TASK
The configuration of your automated deployment workflow is weighted at 15 marks of your laboratory performance tracker.,WEIGHTED_PRIORITY
The midterm prototype submission is a gateway assessment worth 15 points; students who receive fewer than 7 points will be required to resubmit their architectural plans before they can unlock the final deployment phase.,WEIGHTED_PRIORITY
Students must download the starter template dependencies directly from the Google Classroom materials tab before writing any code loops.,PRE_REQUISITE
Further background context and supplementary reading resources are cataloged in the appendix.,IGNORE
"According to the feature engineering steps discussed in the lecture, extract at least five new features from the provided datetime column and add them to the dataset before training",TECHNICAL_TASK
Analyzer: Build and evaluate a dataset analyzer and cleaner using the provided libraries in python.,TECHNICAL_TASK
End of Supplementary Examples --- Proceed to the next activity page.,IGNORE
SECTION 5: EXTRA CREDIT OPPORTUNITIES Voluntarily optimizing your model inferencing engine to run on edge computing hardware yields a five percent grade amplification.,OPTIONAL_BONUS
Note: Incorporating advanced hyperparameter tuning via Optuna is entirely optional (+5 points maximum).,OPTIONAL_BONUS
"With the provided customer feedback dataset, apply LDA topic modeling using Gensim and identify the top 5 topics present across all reviews.",TECHNICAL_TASK
Grading Priority: Failing to implement proper input validation will result in an automatic 5-point deduction from this section.,WEIGHTED_PRIORITY
Deploying the predictive inference model as a high-throughput Triton inference server container guarantees a 20-point increase on your rubric.,PRE_REQUISITE
You can re-watch the step-by-step repository cloning video tutorial that was pinned in the class Messenger Group chat before initializing your local code workspace.,PRE_REQUISITE
Students must download the starter configuration workspace archive directly from the shared Google Drive root folder before building out the routing structures.,PRE_REQUISITE
You must review the concepts of infinite geometric series from your calculus notes before analyzing the convergence of recursive algorithms.,PRE_REQUISITE
Running the training loop requires you to pre-download the ImageNet dataset archive and unpack it into your localized data directory path.,PRE_REQUISITE
You must run the global npm installation command for the Tailwind CSS and Vite packages before starting your dev server.,PRE_REQUISITE
System Maintenance: The campus computing cluster undergoes a weekly infrastructure reboot every Sunday evening for scheduled hardware diagnostic sweeps.,ADMIN_TRAP
Assessment Criteria: Output format and structure is worth a maximum of 10 points.,WEIGHTED_PRIORITY
Create a data visualization dashboard using Matplotlib and Seaborn that displays the sales trends found in the provided Excel file.,TECHNICAL_TASK
"Note: The submission portal locks automatically on Dec 12, 202X, and will not accept late files.",ADMIN_TRAP
"Using the HuggingFace Inference API, connect the provided Flask application to a pretrained text classification model and display the results on a simple HTML frontend.",TECHNICAL_TASK
Throughput Incentive: Implementing database connection pooling to handle high concurrent read volumes awards an extra 10% bonus modifier.,PRE_REQUISITE
"Using the provided audio feature dataset, train a k-nearest neighbors classifier to identify music genres and evaluate its accuracy using 10-fold cross-validation.",TECHNICAL_TASK
Train and evaluate a decision tree classifier for predicting customer churn using the provided banking dataset.,TECHNICAL_TASK
"Ensure that your program's README file contains a brief description, setup instructions, and a sample run section in that exact order as prescribed in the activity sheet",ADMIN_TRAP
"Using the Hugging Face Transformers library, build a text summarization tool trained on the article dataset linked in the repository.",TECHNICAL_TASK
"API TASK: Using the provided OpenWeatherMap API key, build a Flask application that accepts a city name from the user and returns the current temperature and weather condition.",TECHNICAL_TASK
"Students must not forward, redistribute, or post the digital copy of the activity sheet to any public channel, group chat, or social media platform",ADMIN_TRAP
Policy Compliance: The automated system records your account profile metadata upon login to maintain a log for institutional attendance compliance.,ADMIN_TRAP
You must have a working knowledge of matrix multiplication and vector dot products before attempting the 3D graphics rendering sheet.,PRE_REQUISITE
Discrete Math Prep: You can solve the practice truth tables posted on the Messenger Group chat files before starting the digital logic circuit worksheet.,PRE_REQUISITE
"REGISTRATION PROTCOL: Teams are required to update their metadata on the class server by Feb, 2XXX.",ADMIN_TRAP
"Final Project Weight: Implementation (50%), Report (30%), Presentation (20%).",WEIGHTED_PRIORITY
Foundation Check: Students must learn how to trace binary tree traversals from the Week 2 lecture handouts prior to starting the recursive search activity sheet.,PRE_REQUISITE
You must download the asset specification spreadsheet from the shared Google Drive directory before you start mapping out the interface assets on Figma.,PRE_REQUISITE
This assignment constitutes 15% of your cumulative laboratory grade.,WEIGHTED_PRIORITY
"A. Using advanced training requirements as a basis, improve the provided device architecture to support efficient data handling, expanded VRAM capacity, and reliable storage performance.",TECHNICAL_TASK
Configuring your virtual python environment to include the Scikit-learn and Pandas packages is mandatory before loading the training dataset.,PRE_REQUISITE
Document Identification: Institute of Technical Studies • Course Ref: ITS-204 • Maintenance Window: 2026_Q2 • Page 14 of 16,IGNORE
Submit output on or before Nov 2XXX,ADMIN_TRAP
Course Module Reference: Introduction to Software Tools — Department Copy — Academic Term 2025-2026 — Revision 1.3,IGNORE
Complete classification report is evaluated out of a maximum of 10 points.,WEIGHTED_PRIORITY
Partial credit of up to 5 points is available if the mathematical derivation is theoretically sound but contains minor calculation errors.,WEIGHTED_PRIORITY
C. Construct an upgraded device configuration capable of handling large-scale artificial intelligence applications with improved storage and memory resources.,TECHNICAL_TASK
Students can optionally containerize their testing suite to automatically run on isolated virtual environments for an automatic 5% score allocation premium.,OPTIONAL_BONUS
Writing a voluntary software benchmark report comparing CPU versus GPU matrix multiplication speeds adds three bonus points.,OPTIONAL_BONUS
The structural organization of topics is subject to change at the discretion of the instructing faculty.,IGNORE
Unformatted code submission incurs a 5-point deduction.,WEIGHTED_PRIORITY
"Final project archives must be uploaded to the portal by Nov, 2XXX, at 11:59 PM.",ADMIN_TRAP
All registered trademarks and software copyrights mentioned herein belong to their respective owners.,IGNORE
Optional Extension: You can establish a robust peer-to-peer data streaming protocol between local cluster instances to add a 10% premium onto your final score.,OPTIONAL_BONUS
B. Optimize the existing device for artificial intelligence applications by expanding both storage performance and VRAM utilization.,TECHNICAL_TASK
You must successfully run the global package updates for the Node.js runtime environment before you can initialize this development workbook.,PRE_REQUISITE
Installing software is a must for this systems lab; you must install the Docker Desktop daemon on your machine before running the containerized routing sheet.,PRE_REQUISITE
"With the provided user authentication script, implement SHA-256 password hashing and add input validation to prevent SQL injection on all form fields.",TECHNICAL_TASK
"Motivational Footer: ""Success is the sum of small efforts, repeated day in and day out."" — Enjoy your weekly laboratory exploration!",IGNORE
"Recommended reading: Chapters 4 and 5 of the optional textbook ""Introduction to Computing Systems"" offer great supplemental insights if you wish to read further.",IGNORE
The university administrative archiving engine requires a flattened image file of any hand-drawn diagrams to satisfy regional historical documentation guidelines.,ADMIN_TRAP
Section divider for course modules and weekly instructional blocks.,IGNORE
Continuous Flow: --------------- This margin intentionally left blank for printing alignments ---------------,IGNORE
Connecting your training loop to a remote experiment tracking server (which remains entirely non-mandatory and carries zero baseline grade penalties) unlocks a loose reward bounty.,OPTIONAL_BONUS
Note: A peer assessment template will be made available for distribution immediately following the conclusion of your group's live demonstration session.,ADMIN_TRAP
"With the provided raw hospital records, build a data cleaning script in Python that removes duplicates, fills missing values, and exports the cleaned output to a new CSV file",TECHNICAL_TASK
You can optionally draft an exhaustive architectural decision record detailing why specific design frameworks were selected for an automatic 5% score allocation premium.,OPTIONAL_BONUS
Sheet 4-A • Foundational Data Structures • Course Code: COMP-201 • Page 9 / 10 • Total Marks: 100,IGNORE
"Using the three trained models provided in the GitHub repository, evaluate each one on the test dataset and create a comparison table of their performance metrics.",TECHNICAL_TASK
You must have downloaded the supplemental dataset archive from the shared Google Drive folder link before starting the data transformation pipeline.,PRE_REQUISITE
Bonus Point Challenge: Implementing robust cross-origin resource sharing filters to completely secure all endpoints yields 3 additional marks.,OPTIONAL_BONUS
You can review the introductory slides pinned in the Messenger Group chat before you attempt to answer the conditional probability questions.,PRE_REQUISITE
"Write a Python script that reads the provided CSV file, computes descriptive statistics for all numerical columns, and exports the summary to a formatted Excel file.",TECHNICAL_TASK
Prerequisite Math: You can review the set theory and predicate logic notation from Chapter 2 before solving the relational algebra queries.,PRE_REQUISITE
Mandatory Action: Students must install the Docker Desktop environment on their local machines prior to extracting the repository files.,PRE_REQUISITE
Constructing an automated data augmentation pipeline to resolve class imbalances accounts for exactly 25% of your practical grade.,PRE_REQUISITE
Read the incoming telemetry stream line-by-line and strip away any carriage return characters.,TECHNICAL_TASK
Code optimization and algorithmic efficiency will be evaluated out of a maximum of 20 points.,WEIGHTED_PRIORITY
Statistical Baseline: You can verify you have read the variance and standard deviation article on Google Classroom before plotting the data distribution charts.,PRE_REQUISITE
Implement a standard breadth-first search algorithm to traverse the generated graph structure completely.,TECHNICAL_TASK
A submission link will be provided for your outputs follow the file naming conventions below:,ADMIN_TRAP
The Github repository must contain a README.md file describing the project structure.,ADMIN_TRAP
Creating idempotent API endpoints that gracefully prevent duplicate transaction processing guarantees a 15-point increase on your track.,PRE_REQUISITE
The team secretary must input the full legal names of all group participants into the portal sidebar to link the grading profiles properly.,ADMIN_TRAP
Executing the deep neural network requires a CUDA-compliant graphics processing unit with drivers updated to version 12.0.,PRE_REQUISITE
Scaling your underlying deployment containers dynamically based on simulated real-time request traffic load spikes grants an optional 4 points to your evaluation total.,OPTIONAL_BONUS
"Using the provided dataset in the repository, build a text classification model using any pretrained model from HuggingFace.",TECHNICAL_TASK
"Using XGBoost and the provided medical records dataset, train a gradient boosting model to classify patient diagnoses.",TECHNICAL_TASK
"According to the data dictionary provided in the repository, clean and encode all categorical variables in the dataset and verify the output using a correlation heatmap.",TECHNICAL_TASK
Please note that missing the mandatory in-person demonstration block will reduce your overall laboratory grade by a flat twenty points.,WEIGHTED_PRIORITY
Department of Computer Studies | Laboratory Notes | Prepared for classroom reference,IGNORE
(10 points each) Add 5 RegEx patterns to capture:,WEIGHTED_PRIORITY
Layout Separator: ------------------ DO NOT DETACH THIS SHEET ------------------,IGNORE
Bonus Point Challenge: Integrating a rate-limiting middleware layer to prevent API endpoint abuse yields 3 additional marks.,OPTIONAL_BONUS
Year and Section:,IGNORE
Cloning the primary project source repository requires you to successfully authenticating via your secure SSH protocol keys.,PRE_REQUISITE
Provide 7 examples of how you can easily benefit from the use of computers.,TECHNICAL_TASK
INITIAL REQ LOGISTICS You must successfully establish an active account on the external compute cluster platform prior to submitting any jobs for evaluation.,PRE_REQUISITE
"C. By integrating high-speed storage solutions, improve the provided device architecture for more reliable machine learning operations.",TECHNICAL_TASK
Note: Any submission received after the digital portal locks will automatically be given a zero.,ADMIN_TRAP
Optional Extension: Configuring automated health check endpoints for your containerized microservices adds a 5% premium onto your final score.,OPTIONAL_BONUS
"Your performance on the live system demonstration is worth 25 points, with up to 10 points deducted if the application crashes or fails to handle unexpected user inputs in real-time.",WEIGHTED_PRIORITY
Score Impact: Search algorithm runtime optimization is evaluated out of a maximum of 10 points.,WEIGHTED_PRIORITY
Restructuring the monolithic codebase into decoupled gRPC microservices accounts for exactly 35% of the total score.,PRE_REQUISITE
"System Policy: Exceeding the maximum session duration limit on the shared development server results in a harmless, automated disconnection by the network daemon.",ADMIN_TRAP
Writing a comprehensive suite of integration tests for your API endpoints awards an optional 5 marks.,OPTIONAL_BONUS
You can double-check the interface style guide requirements posted directly on the class Figma design board before you write any responsive CSS rules.,PRE_REQUISITE
You must install the local runtime virtualization engine for VirtualBox and Vagrant before you can initialize this specific network administration lab guide.,PRE_REQUISITE
You must ensure that your local development machine has completed the global installation for the Java Development Kit (JDK 21) before running the test suite.,PRE_REQUISITE
The comprehensive software implementation is evaluated out of a baseline 50-point pool.,WEIGHTED_PRIORITY
Developing an interactive dashboard to visualize model inferences will yield 5 additional marks.,OPTIONAL_BONUS
Weekly git commit consistency accounts for exactly 10 percent of the grade.,WEIGHTED_PRIORITY
Output Deliverables: .ipynb or HTML file and project documentation,ADMIN_TRAP
"Using the provided customer churn dataset, develop a gradient boosting model, tune its hyperparameters using GridSearchCV, and submit the final evaluation report.",TECHNICAL_TASK
Make sure Pytorch or Tensorflow is installed.,PRE_REQUISITE
"For those looking to push their skills further, an extra five percent is up for grabs if you run a benchmark on a cluster node.",OPTIONAL_BONUS
Integrating an end-to-end user authentication system using JSON Web Tokens will earn you an extra 5 marks.,OPTIONAL_BONUS
Document Control: Learning Module Copy — Version 1.2 — Academic Resource Archive,IGNORE
Document Navigation: Back to Top | Table of Contents | Appendix B: Standard Library Reference Glossary | Page iii,IGNORE
Accomplish the self-assessment table printed on the second-to-last page of the activity sheet by rating your own performance on each criterion using the prescribed 1 to 5 scale.,ADMIN_TRAP
Students must review the mathematical definition of feedforward activation functions prior to designing the custom deep neural network layers.,PRE_REQUISITE
You can execute a local validation scan to ensure your text matches the university plagiarism policy margins.,ADMIN_TRAP
You must review the design team wireframes shared in the Figma workspace group before creating your frontend layout files.,PRE_REQUISITE
"If your custom matrix multiplication routine executes faster than the reference implementation, you will receive three additional extra credit points.",OPTIONAL_BONUS
You are required to link your repository account to the automated grading portal prior to pushing your code for final verification.,PRE_REQUISITE
"Using the provided image dataset, implement a data augmentation pipeline with at least five transformation techniques before feeding the images into the CNN.",TECHNICAL_TASK
"Parse the raw log files provided in the repository using Python RegEx, extract all critical error entries, and store the results in a structured DataFrame.",TECHNICAL_TASK
Students must download the structural code templates directly from the shared Google Classroom assignment folder before they compile their local test suites.,PRE_REQUISITE
Generating a dense Word2Vec vocabulary index from your custom text corpus accounts for exactly 25% of your practical grade.,WEIGHTED_PRIORITY
Creating a comprehensive OpenAPI specification document for your RESTful routes is weighted at 20 marks toward your total.,PRE_REQUISITE
"Sparks Technological Institute — ""Knowledge through Innovation"" — Established June 15, 1998 — Certified Quality Management System Document.",IGNORE
Students can optionally execute an in-depth security audit report identifying potential vulnerability vectors for an automatic 5% score allocation premium.,OPTIONAL_BONUS
Optional: Deploy your model to a public Hugging Face Space for a flat 5% bonus.,OPTIONAL_BONUS
Score Weight: Flash attention layer integration accounts for 10% of your total score.,WEIGHTED_PRIORITY
"Final project archives must be uploaded to the portal by October 24, 2026, at 11:59 PM.",ADMIN_TRAP
Resolving the race conditions in your concurrency controller represents exactly 30% of the total marks for this module.,WEIGHTED_PRIORITY
"Using the provided pretrained ResNet model from HuggingFace, fine-tune it on the given image dataset and report the top-1 and top-5 accuracy on the validation split.",TECHNICAL_TASK
Complete the sentiment analysis pipeline provided in the Google Classroom using the NLTK library and the given movie review dataset.,TECHNICAL_TASK
Please note that the university network infrastructure will undergo routine maintenance this coming Saturday from 2:00 AM to 6:00 AM.,IGNORE
Optional Extension: Students may analyze an additional out-of-distribution dataset for a 10% score premium.,OPTIONAL_BONUS
"Using Flask and SQLite, build a simple web application that allows users to submit text input and receive a real-time sentiment classification result.",TECHNICAL_TASK
Optional: Conduct an ablation study that isolates the performance impact of your structural attention heads for a two-point grade boost.,OPTIONAL_BONUS
Answer:,IGNORE
"Using the provided raw social media dataset, clean all text entries by removing HTML tags, special characters, and duplicate posts before applying TF-IDF vectorization",TECHNICAL_TASK
Bonus Milestone: Submitting a working proof-of-concept by week 3 earns 2 extra credit marks.,OPTIONAL_BONUS
Preliminary Check: Students must learn how to interpret the algorithmic complexity curves from the Orientation Slide Deck prior to filling out this lab worksheet.,PRE_REQUISITE
You must install the local database instance engine and configure the specified runtime variables before running the automated setup script.,PRE_REQUISITE
A flat 8-point deduction will be enforced for any missing structural diagrams.,WEIGHTED_PRIORITY
Section 2: Data Preprocessing Pipeline (Worth 25% of total points).,WEIGHTED_PRIORITY
Telefax No.: (033) 320-0879,IGNORE
Be aware that failure to hand in the physical paper appendix worksheets alongside the online text file limits your maximum possible score to fifty points.,WEIGHTED_PRIORITY
Mandatory Step: Fine-tune a pretrained BERT model from HuggingFace using the provided domain-specific dataset and report the final evaluation metrics.,TECHNICAL_TASK
"According to the schema provided in the task document, design and populate a MySQL database with at least three related tables and verify all foreign key relationships.",TECHNICAL_TASK
(25 points): Develop comprehensive unit tests for each preprocessing function.,WEIGHTED_PRIORITY
Attach your work to the submission thread via .ipynb file format,ADMIN_TRAP
Orientation Prerequisite: You can confirm you have read the institutional code of conduct booklet distributed during the first-day orientation seminar.,PRE_REQUISITE
Rubric Part C: Experimental Validation (35 Marks). Deductions of up to 15 marks will be applied if the baseline comparison models are omitted or if the cross-validation folds are statistically insufficient.,WEIGHTED_PRIORITY
Individual peer evaluation forms must be submitted along with the .ipynb file.,ADMIN_TRAP
Your local integrated development environment must have the Java Development Kit version 17 software binaries actively selected.,PRE_REQUISITE
Acquiring administrative sudo permissions on your virtual workstation sandbox is an absolute prerequisite before initializing the local database server daemon.,PRE_REQUISITE
Layout Reference: Figure 4.1 continued from page 3 // Refer to the primary volume for text explanations // Page ix,IGNORE
Accessing the distributed tensor processing cluster requires your terminal to complete a secure handshake with the neural network backend node.,PRE_REQUISITE
Write a SQL script that joins the three provided tables and retrieves the top 10 customers ranked by total purchase value.,TECHNICAL_TASK
"Using the provided university student records, design a relational database schema and implement it using MySQL with proper foreign key constraints.",TECHNICAL_TASK
Deploying your compiled application logic inside a multi-container local environment grants an optional 4 points to your evaluation total.,OPTIONAL_BONUS
The digital repository code quality and optimization phase stands for exactly a fifteen percent installment of the cumulative assignment mark.,WEIGHTED_PRIORITY
"Before running the neural network training iterations, you must instantiate the tensor weight matrices using Xavier normal distributions.",PRE_REQUISITE
Layout Boundaries: --------------- End of theoretical documentation. Appendix tables start below. ---------------,IGNORE
You can earn an extra five percent credit by authoring an optional comprehensive write-up comparing your network performance against a traditional linear baseline.,OPTIONAL_BONUS
You must grasp basic modular arithmetic operations and prime number theory before attempting the RSA cryptography implementation sheet.,PRE_REQUISITE
Document Index: Information Systems Management Lab • Course Ref: ISM-102 • Revision Cycle: 2026_V1 • Page 13 of 15,IGNORE
You will receive up to 80% partial credit if the core algorithm passes the primary unit tests but fails the scalability constraints.,WEIGHTED_PRIORITY
"Optional Feature: Developing a clean, interactive dark-mode theme toggler adds a 5% premium onto your final assignment score.",OPTIONAL_BONUS
Identify 5 different types of data that can be used for gathering.,TECHNICAL_TASK
Overfitting Penalty: Submitting an architecture that exhibits severe data leakage between train and test sets triggers an automatic 40-point deduction.,PRE_REQUISITE
Section 5: Network Protocols Topology Diagrams --- Page 11 of 22,IGNORE
"Given the following documents and query, determine what documents are similar to the query. Complete the table for the Query and Doc 1, and generate the tables for Doc 2 and 3. Use cosine similarity.",TECHNICAL_TASK
Providing an interactive user interface alongside your core implementation yields a 10% premium on the final mark.,OPTIONAL_BONUS
Worksheet,IGNORE
Running the provided shell initialization script installs the required Python dependencies into your isolated virtual environment prior to workspace setup.,PRE_REQUISITE
Bag-of-words pipeline accounts for exactly 15% of your total score.,WEIGHTED_PRIORITY
Index of accompanying diagrams and supplementary charts located at the end of the file.,IGNORE
"Please note that authoring an independent code documentation file is an entirely non-mandatory task, but tackling it adds a quick three bonus marks on top of your final results.",OPTIONAL_BONUS
Roster Verification: Registering your student ID inside the grading server database is required purely for administrative attendance tracking.,ADMIN_TRAP
The theoretical validation section is graded out of a maximum 20 marks.,WEIGHTED_PRIORITY
You need to clear your browser cache and update your security settings before attempting to connect to the remote lab environment for your practical tasks.,PRE_REQUISITE
Important: You must invite the course teaching assistant as a collaborator on your repository.,ADMIN_TRAP
Ensure the file name follows this format: Lastname_Firstname_Activity2,ADMIN_TRAP
You must clone the boilerplate repository from the shared Google Classroom link prior to configuring your environment variables.,PRE_REQUISITE
Implement a classic binary search algorithm to locate the target index within the pre-sorted array.,TECHNICAL_TASK
You can construct an interactive timeline interface that visualizes past system configuration changes for an extra 5 marks.,OPTIONAL_BONUS
The final score for this activity sheet will be calculated based on the 100-point rubric attached on page 4.,WEIGHTED_PRIORITY
Make sure to name your file as Lastnames_Project.pdf,ADMIN_TRAP
Implementing a fully containerized deployment pipeline will award an optional 5 bonus points.,OPTIONAL_BONUS
"Optional Feature: Creating an interactive, step-by-step onboarding walkthrough guide for new system administrators adds a 5% premium onto your final score.",OPTIONAL_BONUS
The final project implementation accounts for 50% of your overall course grade.,WEIGHTED_PRIORITY
You must download the localized language pack dependencies from the departmental repository mirror link before configuring your multi-tenant environment.,PRE_REQUISITE
Bonus Feature Challenge: Designing a real-time system performance telemetry monitoring board yields 3 additional marks.,OPTIONAL_BONUS
Date:,IGNORE
"The project prototype is weighted at 25 points, distributed evenly between backend functionality and UI responsiveness.",WEIGHTED_PRIORITY
Pre-lecture Checklist: You can review the introductory presentation slides uploaded to Google Classroom prior to attending the first lab session.,PRE_REQUISITE
Your deep neural network architecture must be configured with exactly four hidden dense layers before processing the input feature vector.,PRE_REQUISITE
You can integrate an automated visual regression pipeline that verifies frontend alignment across breakpoints to earn 5 extra marks.,OPTIONAL_BONUS
Please remember that the unit testing suite coverage holds a weighted priority of 30 marks out of the total 100.,WEIGHTED_PRIORITY
Bonus Feature Challenge: Architecting your system to dynamically handle real-time WebSockets connections yields 3 additional marks.,OPTIONAL_BONUS
Submission Gudeline: Only one submission per group is accepted.,ADMIN_TRAP
Operating Systems Lab Manual // Autumn Semester 2026 // Document Serial: OS-REV-04 // Page vi,IGNORE
"You can safely pass over the step where you optimize your images for web viewports without losing any core marks, though a small three-point bonus is available if you choose to do it.",OPTIONAL_BONUS
Model training component holds a weighted priority of 35 points.,WEIGHTED_PRIORITY
Failure to meet the minimum threshold of 80% test coverage will result in a flat 20-point deduction from the overall software development grade.,WEIGHTED_PRIORITY
Exporting your deep learning pipeline into an optimized ONNX format for cross-platform execution awards ten extra points.,OPTIONAL_BONUS
Extra Credit: Translating your application's user interface into a secondary language yields 3 bonus marks.,OPTIONAL_BONUS
Extra Credit: Writing a custom validation script to sanitize user input fields grants an additional 3 points.,OPTIONAL_BONUS
You must download the convolutional kernel bias matrices from the shared network drive before you can run the image classification network.,PRE_REQUISITE
Documentation and code commenting: Maximum 10 points.,WEIGHTED_PRIORITY
Model training loop configuration is weighted at a maximum of 10 marks.,WEIGHTED_PRIORITY
Code Compliance: PEP 8 violations incur a 10-point penalty on submission.,WEIGHTED_PRIORITY
Demonstrating a clear understanding of edge cases during the live demo is worth 10 points.,WEIGHTED_PRIORITY
This page was converted from DOCX format using the institutional document publishing template.,IGNORE
Students are required to attend the library orientation session on research tools prior to drafting their initial literature review.,PRE_REQUISITE
Make sure to name your file as Lastnames_Project.ipynb,ADMIN_TRAP
Computing an accurate cosine similarity matrix to evaluate semantic vector alignment is weighted at 15 points toward your total.,WEIGHTED_PRIORITY
Container Registry: Pushing your compiled model weights to the secure school registry acts as a backup for academic integrity audits.,ADMIN_TRAP
Students can optionally draft a detailed markdown-formatted deployment runbook alongside their core scripts for an automatic 5% score allocation premium.,OPTIONAL_BONUS
This page contains supporting material for document formatting continuity.,IGNORE
Continued from previous page: Supplemental Notes and Reading References --- Page 8,IGNORE
"Note that a small grading dividend is available for students who choose to generate a validation confusion matrix, although your core assignment implementation will be evaluated completely independently of this step.",OPTIONAL_BONUS
Isolating your application components within private subnet topologies is evaluated out of a maximum of 20 points on your laboratory worksheet.,WEIGHTED_PRIORITY
Adjusting the local timezone configuration settings inside your virtual desktop environment is strictly used to match your personal regional calendar.,ADMIN_TRAP
Students can optionally choose to optimize their query execution paths for a 10% premium on the final grade.,OPTIONAL_BONUS
A. Upgrade the provided device to achieve better training performance through enhanced graphical memory and storage expansion.,TECHNICAL_TASK
"ENVIRONMENT SETUP NOTE Before you begin coding, you must ensure that your system has Python 3.10 or higher installed along with an active virtual environment.",PRE_REQUISITE
Setting up a Redis caching layer to significantly lower data retrieval times will award you 5 extra marks.,OPTIONAL_BONUS
Your personal workstation must have at least eight gigabytes of available random access memory to run the local simulation suite successfully.,PRE_REQUISITE
The academic board archives a static snapshot of all course workspace metadata to satisfy state higher education accreditation auditing guidelines.,ADMIN_TRAP
The engineering department server tracks the timestamp of your remote login session solely to generate internal system utilization metrics for the faculty.,ADMIN_TRAP
You can implement a custom graph-based visualization layer to display complex data relationships for an extra 5 marks.,OPTIONAL_BONUS
Modifying your personal avatar display icon within the shared code repository server is optional and intended for profile customization.,ADMIN_TRAP
"Your project grade will not drop if you do not make the custom webpage, but doing it adds a small bonus on top of your points.",OPTIONAL_BONUS
c. Determine which part of the code (codeline) this part is:,TECHNICAL_TASK
"The 100 total marks for the final research thesis are heavily weighted toward the data analysis and discussion chapters, which combined represent 60% of the overall evaluation.",WEIGHTED_PRIORITY
Earn a 2-point bonus by implementing a regex pattern to validate email addresses.,OPTIONAL_BONUS
Group Chat Sync: You can watch the brief screen-recording clip pinned in our Messenger Group chat before you attempt to sync your project forks.,PRE_REQUISITE
"Using the provided labeled dataset from the repository, train a multi-class classification model using PyTorch and log the loss and accuracy for every epoch.",TECHNICAL_TASK
Completing the optional course feedback evaluation form provides the engineering department with data for accreditation reporting cycles.,ADMIN_TRAP
C. Create a hardware-enhanced version of the device that can efficiently manage deep learning workloads and large training datasets.,TECHNICAL_TASK
Changing your personal display name inside the course portal changes your visual layout but has no effect on your backend database entries.,ADMIN_TRAP
"Parse the provided unstructured log file using Python RegEx, extract all warning and error level entries, and organize them into a structured pandas DataFrame.",TECHNICAL_TASK
Students can optionally engineer a machine-learning scoring algorithm to rank incoming file uploads for an automatic 10% score allocation premium.,OPTIONAL_BONUS
Porting your completed neural network architecture into a WebGL context for browser-based execution awards ten bonus marks.,OPTIONAL_BONUS
Page 3 — Continuation of introductory discussion,IGNORE
Course/Year Level/Section:,IGNORE
Your compressed folder must strictly contain the `.py` source scripts and a single documentation `.pdf`.,ADMIN_TRAP
Connecting your live training loop to an online experiment tracking server yields an additional four-point extra credit cushion.,OPTIONAL_BONUS
You must execute the dependency migration script for the global Node Package Manager (npm) environment before executing the automated unit testing activity.,PRE_REQUISITE
Construct a recommendation system that generates suggestions based on user interaction history and similarity scoring.,TECHNICAL_TASK
The university archiving daemon logs the student identification number of whichever group representative happens to finalize the submission portal interaction.,ADMIN_TRAP
"Code quality, modular design, and strict adherence to PEP 8 standards will be assessed out of 25 points using the rubric provided in Appendix B.",WEIGHTED_PRIORITY
Integrating a voluntary data augmentation pipeline to expand your training corpus yields an additional five bonus marks.,OPTIONAL_BONUS
Academic Condition: Students must learn the core mechanics of binary matrix multiplication prior to coding the custom transformation shaders.,PRE_REQUISITE
The university helpdesk requires all computer science students to register their hardware MAC addresses for building Wi-Fi access.,ADMIN_TRAP
You can optionally deploy an edge-network caching layer via a content delivery network to dramatically improve global file retrieval speeds for an automatic 5% score allocation premium.,OPTIONAL_BONUS
REGISTRATION REQUIREMENT: Your team must register your project title on the shared class spreadsheet by Monday.,ADMIN_TRAP
Students must download the starter template archive folder straight from the shared Google Drive root directory before modifying any local source configurations.,PRE_REQUISITE
The campus printing network requires an active student identification pass to release physical hardcopies of any optional course syllabus packets.,ADMIN_TRAP
Understanding math is a must for this cryptography lab; you must master modular arithmetic before decrypting the cipher strings.,PRE_REQUISITE
"Technological University of the Philippines — Department of Computer Studies — First Semester, Academic Year 2025-2026.",IGNORE
Documentation quality: A score of 66.7% (20/30) indicates a satisfactory level of documentation organization and clarity.,WEIGHTED_PRIORITY
Missing the confusion matrix results in a flat 10-point penalty.,WEIGHTED_PRIORITY
Building a second simple model to check your main model is just a fun challenge that gives a tiny grade boost if you want to try it.,OPTIONAL_BONUS
"Understanding math is a must for this module, so you must pass the Quiz 2 arithmetic check before opening the algorithmic complexity sheet.",PRE_REQUISITE
Your overall assignment portfolio grade is evaluated out of a fixed distribution where the physical lab execution stands for exactly forty percent of the final total.,WEIGHTED_PRIORITY
Building a voluntary interactive dashboard to visualize hidden state layers during inference provides an extra five percent credit cushion.,OPTIONAL_BONUS
Submitted to:,IGNORE
Email Address: cict@wvsu.edu.ph,IGNORE
Provisioning your application database using an automated Terraform configuration script grants an optional 4 points to your evaluation total.,OPTIONAL_BONUS
Bonus Points: Successfully deploying your application architecture to AWS provides 4 extra credit points.,OPTIONAL_BONUS
Running the integration test suite requires a PostgreSQL instance running locally on your machine with a default database initialized.,PRE_REQUISITE
Tuning Reward: Executing a randomized grid search to discover optimal hyperparameter combinations awards an extra 10% bonus modifier.,OPTIONAL_BONUS
You can write an advanced bash shell script that automates your entire environment provisioning steps for an optional 4 points to your evaluation total.,OPTIONAL_BONUS
Construct a robust exception handler to catch runtime timeout errors during the third-party API handshake.,TECHNICAL_TASK
"d. To secure a minor two-point grade supplement, students can optionally implement a custom exception handler to capture runtime database connection failures.",OPTIONAL_BONUS
CRITERIA SPECIFICATION SECTION 4 The functional implementation of your pipeline module carries a fixed weight of thirty-five points toward the project total.,WEIGHTED_PRIORITY
Uploading your final Jupyter notebook file to the designated university portal must occur before 11:59 PM on Friday.,ADMIN_TRAP
Setting up a centralized log aggregator using an ELK stack configuration is weighted at 20 marks toward your profile.,PRE_REQUISITE
"Your project baseline won't be penalized if you skip the quantization step, though completing it nets a clean three bonus marks.",OPTIONAL_BONUS
Assessment Criteria: Output Format (30 points),WEIGHTED_PRIORITY
Mandatory Step: Connect the provided Python script to the PostgreSQL database using SQLAlchemy and execute the queries defined in the task sheet.,TECHNICAL_TASK
Build a Python script that scrapes product data from an e-commerce website and stores it in a structured CSV file.,TECHNICAL_TASK
You must present your ID at the laboratory desk and scan the access QR code before you can get the localized decryption key for your dataset.,PRE_REQUISITE
Criteria 3: Data Visualization and Insights (Maximum 15 points).,WEIGHTED_PRIORITY
Deduction Clause: Runtime errors during execution result in a 20-point penalty.,WEIGHTED_PRIORITY
Automated Unit Test Suite Accuracy: Worth a maximum 20 points.,WEIGHTED_PRIORITY
Upload with the filename format: Course_Group_XX_Finals,ADMIN_TRAP
GRADING POLICY SUMMARY The baseline execution of your source code is evaluated out of an absolute ceiling of seventy points.,WEIGHTED_PRIORITY
Designating your primary team representative username inside the metadata header simplifies the department mailing list generation.,ADMIN_TRAP
"Building an intuitive, interactive data migration wizard to upgrade legacy schema versions grants an optional 4 points to your evaluation total.",OPTIONAL_BONUS
Storage Quota: Exceeding your allocated home directory storage limit on the university cluster flags your account for administrative system cleanup.,ADMIN_TRAP
"Using the trained decision tree from the previous task, create a feature importance analysis and visualize the results as a bar chart.",TECHNICAL_TASK
"Build a Python-based sentiment analysis system that preprocesses customer reviews, extracts TF-IDF features, and classifies sentiments using a Support Vector Machine (SVM).",TECHNICAL_TASK
Enrollment Notice: You can update your profile contact preferences within the university management system to receive assignment deadline alters.,ADMIN_TRAP
Written model interpretation section is evaluated out of 10 points.,WEIGHTED_PRIORITY
"After training the provided model on the given dataset, generate a full classification report including precision, recall, F1-score, and a rendered confusion matrix.",TECHNICAL_TASK
"Writing a voluntary, non-mandatory comparative summary between your transformer layout and a convolutional layer baseline adds a four-point bonus.",OPTIONAL_BONUS
An automatic 5-point deduction will be applied for each day the laboratory report is submitted late.,WEIGHTED_PRIORITY
Writing an integration test suite for your API endpoints is a voluntary pursuit that merely grants a minor grade supplement at the grader's discretion.,OPTIONAL_BONUS
System Check: Students must execute the dependency verification script for the NumPy and Pandas libraries prior to loading the data matrices.,PRE_REQUISITE
Designing a stateless session management flow using encrypted tokens is weighted at 15 marks toward your overall total.,WEIGHTED_PRIORITY
Developing an automated script to fetch fresh training data from an external API is encouraged as an optional extension.,OPTIONAL_BONUS
System Profiling and Bottleneck Analysis (Scaled out of 15 marks).,WEIGHTED_PRIORITY
Make sure you complete the mandatory system compatibility test on your home computer before trying to access the virtual exam application.,PRE_REQUISITE
Rename your project directory to Group_XX_Assignment before compiling the final build.,ADMIN_TRAP
Entry Requirement: You can provide documented proof of completing the fundamental discrete structures course to the department chair for manual enrollment overrides.,PRE_REQUISITE
The final evaluation matrix weights the oral defense at 25 percent.,WEIGHTED_PRIORITY
Please verify that you have successfully cloned the baseline template repository into your local directory before proceeding to any subsequent modules.,PRE_REQUISITE
Create and include a clear confusion matrix visualization as part of your submission (worth 50/30 points).,WEIGHTED_PRIORITY
"According to the preprocessing steps outlined in the provided module, apply tokenization, lemmatization, and stopword removal to the given text corpus using NLTK.",TECHNICAL_TASK
Including interactive training loss dashboards inside your final workspace repository yields an automatic four-point grade expansion.,OPTIONAL_BONUS
GRADING BREAKDOWN DOWNSTREAM The digital code documentation metric accounts for a twenty percent allocation of the final score sheet.,WEIGHTED_PRIORITY
Optional: Achieve greater than 90% test coverage using PyTest for a 10% score bump.,OPTIONAL_BONUS
The departmental IT support team handles all incoming tickets regarding physical workstation keyboard and monitor malfunctions in the central computing lab.,ADMIN_TRAP
Ensure that you have completed the prerequisite online safety module on the department web page before you attend the in-person electrical testing session.,PRE_REQUISITE
Trunkline: (063) (033) 320-0870 loc 1403,IGNORE
"Assessment will be based on model performance, with a maximum score of 30 allocated to accuracy alone.",WEIGHTED_PRIORITY
"C. Using advanced AI optimization techniques, redesign the provided device to support larger VRAM capacity and faster storage performance for model training.",TECHNICAL_TASK
Optional: Implement an adversarial data generation script to earn an additional ten percent score premium.,OPTIONAL_BONUS
Include a system architecture diagram as a separate page in your activity report immediately before the implementation section,ADMIN_TRAP
This instructional material is provided exclusively for educational review and reference purposes.,IGNORE
Perform the following preprocessing techniques using RegEx.,TECHNICAL_TASK
You can double-check the interface scaling metrics that were published on our shared Figma board before you write the media queries for the CSS worksheet.,PRE_REQUISITE
The automated archiving system saves a temporary compressed duplicate of all submitted folder directories as a safeguard against regional storage cluster failures.,ADMIN_TRAP
Electing to write a comprehensive mathematical proof for your custom activation layer function grants an extra two-point grade boost.,OPTIONAL_BONUS
"Partial credit of up to 40% may be awarded for non-functional code submissions, provided the accompanying architectural diagrams and pseudo-code are theoretically sound.",WEIGHTED_PRIORITY
"Create a data preprocessing pipeline that handles missing values, normalizes numerical features, and encodes categorical variables for machine learning.",TECHNICAL_TASK
Completing the dynamic memory allocation routine correctly determines 40% of your total score for this exercise.,WEIGHTED_PRIORITY
Leadership Record: Documenting the chosen student organizer on the project title sheet is used strictly by the registrar to track leadership metrics.,ADMIN_TRAP
Constructing a comprehensive unit test matrix (which accounts for exactly fifteen percent of your overall lab grade) must be finalized before the deadline.,WEIGHTED_PRIORITY
"Using the skip-gram Word2Vec model trained in the previous task, find the top 10 most similar words for each keyword listed in the provided evaluation sheet.",TECHNICAL_TASK
Design Baseline: You can verify that your layout asset dimensions precisely match the global grid styles defined on the instructor's shared Figma board.,PRE_REQUISITE
Develop and implement a Python script that preprocesses customer review data and classifies sentiments using a machine learning algorithm.,TECHNICAL_TASK
Optional Optimization: Compiling your Python source scripts into an optimized standalone binary adds a 10% premium onto your final grade.,OPTIONAL_BONUS
You must download and review the foundational project brief docx file stored inside the public Google Drive folder before joining your group's brainstorming session.,PRE_REQUISITE
Updating your personal profile interface language or font scaling preferences inside the user dashboard does not alter the underlying lab database settings.,ADMIN_TRAP
Layout Note: Blank space below is reserved for instructor annotations after document printing and review.,IGNORE
You can design an automated database schema migration roll-back verification pipeline to earn an extra 5 marks.,OPTIONAL_BONUS
You must successfully fork the official base repository template into your private namespace before modifying any local structural files.,PRE_REQUISITE
"Using the provided product review dataset, apply TF-IDF vectorization and train an SVM classifier to distinguish between positive and negative sentiments.",TECHNICAL_TASK
Pytorch and tensorflow is a must for this project.,PRE_REQUISITE
Optional: Refactor your Android application architecture to use the MVVM pattern for extra points.,OPTIONAL_BONUS
Running the provided shell initialization script installs the required Python dependencies into your isolated virtual environment prior to workspace setup.,ADMIN_TRAP
Foundations of Cyber Security — Unit 3: Cryptographic Baselines — Operational Framework Copy — Page 7 / 9,IGNORE
"The system implementation archive must be uploaded no later than Nov, 2XXX, at midnight.",ADMIN_TRAP
You must download the linear transformation matrix visualization assets from the shared Figma board before solving the coordinate system rotation problems.,PRE_REQUISITE
"As an additional challenge for students who finish early, implementing an ensemble voting layer will yield five extra credit points.",OPTIONAL_BONUS
"Please note that the conceptual design phase accounts for 10% of the overall project grade, but failure to secure a passing mark on this milestone will bar your team from proceeding to the implementation phase.",WEIGHTED_PRIORITY
Evaluate 5 different logistic regression models that can predict customer churn rate.,TECHNICAL_TASK
Notice: Code submitted without the mandatory licensing text block at the top of each file is invalid.,ADMIN_TRAP
Task Breakdown (10 points total): Backend API implementation.,WEIGHTED_PRIORITY
Running the statistical evaluation module requires Python version 3.10 or higher with the NumPy library pre-installed.,PRE_REQUISITE
Reproducible experiment setup is evaluated out of a maximum of 10 marks.,WEIGHTED_PRIORITY
Building an extra toy model to run a comparative performance check against your primary architecture is a purely secondary challenge that rewards an additional eight percent score cushion.,OPTIONAL_BONUS
Score Weight: Randomized grid search hyperparameter tuning accounts for 10% of your total score.,WEIGHTED_PRIORITY
EVALUATION NOTE (NON-MANDATORY): Authoring a voluntary structural breakdown of your attention heads yields a 4-point credit buffer.,OPTIONAL_BONUS
Analyzer: Evaluate the three machine learning models provided in the GitHub repository and document where each model performs best based on the test results.,TECHNICAL_TASK
Students must download the global configuration variables from the shared Google Drive folder before executing the local runtime compilation scripts.,PRE_REQUISITE
"b. Take note of the following properties with Word2Vec, vector size and window.",TECHNICAL_TASK
Application latency performance under load determines exactly 35% of the practical grade.,WEIGHTED_PRIORITY
WARNING: Late submissions uploaded after the December 5th deadline will not be accepted under any circumstances.,ADMIN_TRAP
"Using the provided raw transaction logs, clean and structure the data by removing duplicates and normalizing all numerical columns.",TECHNICAL_TASK
"Faculty Contact: Office Hours: Mondays and Wednesdays from 1:00 PM to 3:30 PM at the Faculty Engineering Building, Room 402, or via the official institutional Zoom link.",IGNORE
Template Notice:This worksheet layout was exported from the official DOCX template and may preserve hidden spacing markers after PDF conversion.,IGNORE
Academic Standard: Students must learn how to construct formal induction proofs prior to analyzing the computational complexity of recursive loops.,PRE_REQUISITE
