text,label
Download the NLTK package and import webtext.,PRE_REQUISITE
Discuss your findings with your group members during the lab. Visualise vectors using PCA after fine-tuning.,TECHNICAL_TASK
Please read the instructions carefully before starting.,IGNORE
Discuss your findings with your group members during the lab. Integrate a domain-specific dataset from Hugging Face.,TECH_STACK
Please read the instructions carefully before starting. Integrate a domain-specific dataset from Hugging Face.,TECH_STACK
Please read the instructions carefully before starting.,IGNORE
"Good luck with your implementation. Implement association rule mining, classification, and clustering.",TECHNICAL_TASK
Discuss your findings with your group members during the lab.,IGNORE
Visualise vectors using PCA after fine-tuning.,TECHNICAL_TASK
This exercise is designed to test your understanding of Unit 2. Submit a PDF report containing the methodology and results.,ADMIN_TRAP
Final project must include a full pipeline from preprocessing to evaluation.,ADMIN_TRAP
Visualise vectors using PCA after fine-tuning.,TECHNICAL_TASK
Final project must include a full pipeline from preprocessing to evaluation.,ADMIN_TRAP
Discuss your findings with your group members during the lab. Submit a PDF report containing the methodology and results.,ADMIN_TRAP
Integrate a domain-specific dataset from Hugging Face.,TECH_STACK
Welcome to the second semester of the computer science program.,IGNORE
Visualise vectors using PCA after fine-tuning.,TECHNICAL_TASK
Discuss your findings with your group members during the lab.,IGNORE
Discuss your findings with your group members during the lab.,IGNORE
Welcome to the second semester of the computer science program.,IGNORE
Please read the instructions carefully before starting. Integrate a domain-specific dataset from Hugging Face.,TECH_STACK
Perform thorough evaluation using confusion matrices and F1-scores.,WEIGHTED_PRIORITY
Welcome to the second semester of the computer science program. Integrate a domain-specific dataset from Hugging Face.,TECH_STACK
Discuss your findings with your group members during the lab.,IGNORE
Welcome to the second semester of the computer science program. Perform thorough evaluation using confusion matrices and F1-scores.,WEIGHTED_PRIORITY
Discuss your findings with your group members during the lab. Perform thorough evaluation using confusion matrices and F1-scores.,WEIGHTED_PRIORITY
Integrate a domain-specific dataset from Hugging Face.,TECH_STACK
Final project must include a full pipeline from preprocessing to evaluation.,ADMIN_TRAP
Welcome to the second semester of the computer science program.,IGNORE
Welcome to the second semester of the computer science program. Download the NLTK package and import webtext.,PRE_REQUISITE
Visualise vectors using PCA after fine-tuning.,TECHNICAL_TASK
Please read the instructions carefully before starting.,IGNORE
Final project must include a full pipeline from preprocessing to evaluation.,ADMIN_TRAP
Integrate a domain-specific dataset from Hugging Face.,TECH_STACK
"Discuss your findings with your group members during the lab. Implement association rule mining, classification, and clustering.",TECHNICAL_TASK
Discuss your findings with your group members during the lab. Integrate a domain-specific dataset from Hugging Face.,TECH_STACK
Discuss your findings with your group members during the lab. Integrate a domain-specific dataset from Hugging Face.,TECH_STACK
Please read the instructions carefully before starting. Visualise vectors using PCA after fine-tuning.,TECHNICAL_TASK
"Good luck with your implementation. Implement association rule mining, classification, and clustering.",TECHNICAL_TASK
Please read the instructions carefully before starting. Download the NLTK package and import webtext.,PRE_REQUISITE
Welcome to the second semester of the computer science program.,IGNORE
Integrate a domain-specific dataset from Hugging Face.,TECH_STACK
"Implement association rule mining, classification, and clustering.",TECHNICAL_TASK
Good luck with your implementation.,IGNORE
Discuss your findings with your group members during the lab. Perform thorough evaluation using confusion matrices and F1-scores.,WEIGHTED_PRIORITY
Download the NLTK package and import webtext.,PRE_REQUISITE
Discuss your findings with your group members during the lab. Final project must include a full pipeline from preprocessing to evaluation.,ADMIN_TRAP
"Implement association rule mining, classification, and clustering.",TECHNICAL_TASK
Final project must include a full pipeline from preprocessing to evaluation.,ADMIN_TRAP
This exercise is designed to test your understanding of Unit 2. Submit a PDF report containing the methodology and results.,ADMIN_TRAP
Please read the instructions carefully before starting.,IGNORE
Final project must include a full pipeline from preprocessing to evaluation.,ADMIN_TRAP
Good luck with your implementation. Perform thorough evaluation using confusion matrices and F1-scores.,WEIGHTED_PRIORITY
Good luck with your implementation. Integrate a domain-specific dataset from Hugging Face.,TECH_STACK
Discuss your findings with your group members during the lab.,IGNORE
Welcome to the second semester of the computer science program. Final project must include a full pipeline from preprocessing to evaluation.,ADMIN_TRAP
Discuss your findings with your group members during the lab.,IGNORE
Final project must include a full pipeline from preprocessing to evaluation.,ADMIN_TRAP
Welcome to the second semester of the computer science program.,IGNORE
Perform thorough evaluation using confusion matrices and F1-scores.,WEIGHTED_PRIORITY
This exercise is designed to test your understanding of Unit 2.,IGNORE
Good luck with your implementation. Integrate a domain-specific dataset from Hugging Face.,TECH_STACK
This exercise is designed to test your understanding of Unit 2.,IGNORE
Please read the instructions carefully before starting.,IGNORE
Visualise vectors using PCA after fine-tuning.,TECHNICAL_TASK
Discuss your findings with your group members during the lab. Submit a PDF report containing the methodology and results.,ADMIN_TRAP
Integrate a domain-specific dataset from Hugging Face.,TECH_STACK
Good luck with your implementation.,IGNORE
"Please read the instructions carefully before starting. Implement association rule mining, classification, and clustering.",TECHNICAL_TASK
Welcome to the second semester of the computer science program. Final project must include a full pipeline from preprocessing to evaluation.,ADMIN_TRAP
Visualise vectors using PCA after fine-tuning.,TECHNICAL_TASK
Final project must include a full pipeline from preprocessing to evaluation.,ADMIN_TRAP
Perform thorough evaluation using confusion matrices and F1-scores.,WEIGHTED_PRIORITY
Discuss your findings with your group members during the lab.,IGNORE
Visualise vectors using PCA after fine-tuning.,TECHNICAL_TASK
Welcome to the second semester of the computer science program. Integrate a domain-specific dataset from Hugging Face.,TECH_STACK
Final project must include a full pipeline from preprocessing to evaluation.,ADMIN_TRAP
Perform thorough evaluation using confusion matrices and F1-scores.,WEIGHTED_PRIORITY
Integrate a domain-specific dataset from Hugging Face.,TECH_STACK
Please read the instructions carefully before starting.,IGNORE
Discuss your findings with your group members during the lab.,IGNORE
This exercise is designed to test your understanding of Unit 2.,IGNORE
"Discuss your findings with your group members during the lab. Implement association rule mining, classification, and clustering.",TECHNICAL_TASK
Final project must include a full pipeline from preprocessing to evaluation.,ADMIN_TRAP
Please read the instructions carefully before starting. Download the NLTK package and import webtext.,PRE_REQUISITE
Visualise vectors using PCA after fine-tuning.,TECHNICAL_TASK
Integrate a domain-specific dataset from Hugging Face.,TECH_STACK
Final project must include a full pipeline from preprocessing to evaluation.,ADMIN_TRAP
Download the NLTK package and import webtext.,PRE_REQUISITE
Please read the instructions carefully before starting. Download the NLTK package and import webtext.,PRE_REQUISITE
Perform thorough evaluation using confusion matrices and F1-scores.,WEIGHTED_PRIORITY
"Implement association rule mining, classification, and clustering.",TECHNICAL_TASK
Discuss your findings with your group members during the lab. Download the NLTK package and import webtext.,PRE_REQUISITE
Perform thorough evaluation using confusion matrices and F1-scores.,WEIGHTED_PRIORITY
Good luck with your implementation.,IGNORE
Submit a PDF report containing the methodology and results.,ADMIN_TRAP
Please read the instructions carefully before starting. Final project must include a full pipeline from preprocessing to evaluation.,ADMIN_TRAP
Download the NLTK package and import webtext.,PRE_REQUISITE
Discuss your findings with your group members during the lab.,IGNORE
Final project must include a full pipeline from preprocessing to evaluation.,ADMIN_TRAP
Please read the instructions carefully before starting.,IGNORE
Good luck with your implementation.,IGNORE
Final project must include a full pipeline from preprocessing to evaluation.,ADMIN_TRAP
Please read the instructions carefully before starting. Download the NLTK package and import webtext.,PRE_REQUISITE
Visualise vectors using PCA after fine-tuning.,TECHNICAL_TASK
Discuss your findings with your group members during the lab. Integrate a domain-specific dataset from Hugging Face.,TECH_STACK
This exercise is designed to test your understanding of Unit 2.,IGNORE
"Discuss your findings with your group members during the lab. Implement association rule mining, classification, and clustering.",TECHNICAL_TASK
Discuss your findings with your group members during the lab.,IGNORE
Perform thorough evaluation using confusion matrices and F1-scores.,WEIGHTED_PRIORITY
Final project must include a full pipeline from preprocessing to evaluation.,ADMIN_TRAP
"Please read the instructions carefully before starting. Implement association rule mining, classification, and clustering.",TECHNICAL_TASK
Perform thorough evaluation using confusion matrices and F1-scores.,WEIGHTED_PRIORITY
Submit a PDF report containing the methodology and results.,ADMIN_TRAP
Good luck with your implementation. Download the NLTK package and import webtext.,PRE_REQUISITE
Welcome to the second semester of the computer science program. Final project must include a full pipeline from preprocessing to evaluation.,ADMIN_TRAP
This exercise is designed to test your understanding of Unit 2. Perform thorough evaluation using confusion matrices and F1-scores.,WEIGHTED_PRIORITY
Please read the instructions carefully before starting.,IGNORE
Discuss your findings with your group members during the lab.,IGNORE
Welcome to the second semester of the computer science program.,IGNORE
"Implement association rule mining, classification, and clustering.",TECHNICAL_TASK
Good luck with your implementation. Visualise vectors using PCA after fine-tuning.,TECHNICAL_TASK
Final project must include a full pipeline from preprocessing to evaluation.,ADMIN_TRAP
"Implement association rule mining, classification, and clustering.",TECHNICAL_TASK
Download the NLTK package and import webtext.,PRE_REQUISITE
Welcome to the second semester of the computer science program. Integrate a domain-specific dataset from Hugging Face.,TECH_STACK
Download the NLTK package and import webtext.,PRE_REQUISITE
Welcome to the second semester of the computer science program.,IGNORE
This exercise is designed to test your understanding of Unit 2. Visualise vectors using PCA after fine-tuning.,TECHNICAL_TASK
Welcome to the second semester of the computer science program. Submit a PDF report containing the methodology and results.,ADMIN_TRAP
Final project must include a full pipeline from preprocessing to evaluation.,ADMIN_TRAP
Welcome to the second semester of the computer science program.,IGNORE
Good luck with your implementation. Download the NLTK package and import webtext.,PRE_REQUISITE
"Implement association rule mining, classification, and clustering.",TECHNICAL_TASK
Good luck with your implementation. Download the NLTK package and import webtext.,PRE_REQUISITE
Welcome to the second semester of the computer science program.,IGNORE
Please read the instructions carefully before starting.,IGNORE
Final project must include a full pipeline from preprocessing to evaluation.,ADMIN_TRAP
This exercise is designed to test your understanding of Unit 2. Download the NLTK package and import webtext.,PRE_REQUISITE
Visualise vectors using PCA after fine-tuning.,TECHNICAL_TASK
Final project must include a full pipeline from preprocessing to evaluation.,ADMIN_TRAP
Download the NLTK package and import webtext.,PRE_REQUISITE
Submit a PDF report containing the methodology and results.,ADMIN_TRAP
Please read the instructions carefully before starting.,IGNORE
"Discuss your findings with your group members during the lab. Implement association rule mining, classification, and clustering.",TECHNICAL_TASK
"Discuss your findings with your group members during the lab. Implement association rule mining, classification, and clustering.",TECHNICAL_TASK
Welcome to the second semester of the computer science program. Integrate a domain-specific dataset from Hugging Face.,TECH_STACK
This exercise is designed to test your understanding of Unit 2.,IGNORE
Discuss your findings with your group members during the lab.,IGNORE
This exercise is designed to test your understanding of Unit 2.,IGNORE
This exercise is designed to test your understanding of Unit 2.,IGNORE
This exercise is designed to test your understanding of Unit 2. Integrate a domain-specific dataset from Hugging Face.,TECH_STACK
Download the NLTK package and import webtext.,PRE_REQUISITE
Visualise vectors using PCA after fine-tuning.,TECHNICAL_TASK
Please read the instructions carefully before starting.,IGNORE
Good luck with your implementation.,IGNORE
Discuss your findings with your group members during the lab. Perform thorough evaluation using confusion matrices and F1-scores.,WEIGHTED_PRIORITY
"Please read the instructions carefully before starting. Implement association rule mining, classification, and clustering.",TECHNICAL_TASK
Good luck with your implementation. Final project must include a full pipeline from preprocessing to evaluation.,ADMIN_TRAP
Final project must include a full pipeline from preprocessing to evaluation.,ADMIN_TRAP
Please read the instructions carefully before starting. Integrate a domain-specific dataset from Hugging Face.,TECH_STACK
This exercise is designed to test your understanding of Unit 2. Visualise vectors using PCA after fine-tuning.,TECHNICAL_TASK
This exercise is designed to test your understanding of Unit 2. Visualise vectors using PCA after fine-tuning.,TECHNICAL_TASK
This exercise is designed to test your understanding of Unit 2.,IGNORE
Good luck with your implementation.,IGNORE
"Welcome to the second semester of the computer science program. Implement association rule mining, classification, and clustering.",TECHNICAL_TASK
Discuss your findings with your group members during the lab. Visualise vectors using PCA after fine-tuning.,TECHNICAL_TASK
Welcome to the second semester of the computer science program.,IGNORE
This exercise is designed to test your understanding of Unit 2. Download the NLTK package and import webtext.,PRE_REQUISITE
Download the NLTK package and import webtext.,PRE_REQUISITE
Discuss your findings with your group members during the lab.,IGNORE
Good luck with your implementation. Perform thorough evaluation using confusion matrices and F1-scores.,WEIGHTED_PRIORITY
Integrate a domain-specific dataset from Hugging Face.,TECH_STACK
This exercise is designed to test your understanding of Unit 2.,IGNORE
Download the NLTK package and import webtext.,PRE_REQUISITE
Integrate a domain-specific dataset from Hugging Face.,TECH_STACK
"Implement association rule mining, classification, and clustering.",TECHNICAL_TASK
"This exercise is designed to test your understanding of Unit 2. Implement association rule mining, classification, and clustering.",TECHNICAL_TASK
Good luck with your implementation. Final project must include a full pipeline from preprocessing to evaluation.,ADMIN_TRAP
Discuss your findings with your group members during the lab. Final project must include a full pipeline from preprocessing to evaluation.,ADMIN_TRAP
Welcome to the second semester of the computer science program. Perform thorough evaluation using confusion matrices and F1-scores.,WEIGHTED_PRIORITY
Perform thorough evaluation using confusion matrices and F1-scores.,WEIGHTED_PRIORITY
Welcome to the second semester of the computer science program.,IGNORE
Please read the instructions carefully before starting.,IGNORE
Discuss your findings with your group members during the lab.,IGNORE
Final project must include a full pipeline from preprocessing to evaluation.,ADMIN_TRAP
Welcome to the second semester of the computer science program. Integrate a domain-specific dataset from Hugging Face.,TECH_STACK
Good luck with your implementation. Visualise vectors using PCA after fine-tuning.,TECHNICAL_TASK
This exercise is designed to test your understanding of Unit 2.,IGNORE
Please read the instructions carefully before starting. Download the NLTK package and import webtext.,PRE_REQUISITE
Welcome to the second semester of the computer science program. Perform thorough evaluation using confusion matrices and F1-scores.,WEIGHTED_PRIORITY
"Implement association rule mining, classification, and clustering.",TECHNICAL_TASK
This exercise is designed to test your understanding of Unit 2. Perform thorough evaluation using confusion matrices and F1-scores.,WEIGHTED_PRIORITY
Perform thorough evaluation using confusion matrices and F1-scores.,WEIGHTED_PRIORITY
Download the NLTK package and import webtext.,PRE_REQUISITE
Discuss your findings with your group members during the lab. Submit a PDF report containing the methodology and results.,ADMIN_TRAP
Please read the instructions carefully before starting. Visualise vectors using PCA after fine-tuning.,TECHNICAL_TASK
Final project must include a full pipeline from preprocessing to evaluation.,ADMIN_TRAP
Please read the instructions carefully before starting.,IGNORE
Discuss your findings with your group members during the lab.,IGNORE
Discuss your findings with your group members during the lab.,IGNORE
Submit a PDF report containing the methodology and results.,ADMIN_TRAP
Please read the instructions carefully before starting. Final project must include a full pipeline from preprocessing to evaluation.,ADMIN_TRAP
Please read the instructions carefully before starting. Submit a PDF report containing the methodology and results.,ADMIN_TRAP
Submit a PDF report containing the methodology and results.,ADMIN_TRAP
Please read the instructions carefully before starting.,IGNORE
Please read the instructions carefully before starting. Visualise vectors using PCA after fine-tuning.,TECHNICAL_TASK
Please read the instructions carefully before starting.,IGNORE
Visualise vectors using PCA after fine-tuning.,TECHNICAL_TASK
"This exercise is designed to test your understanding of Unit 2. Implement association rule mining, classification, and clustering.",TECHNICAL_TASK
Discuss your findings with your group members during the lab. Visualise vectors using PCA after fine-tuning.,TECHNICAL_TASK
Download the NLTK package and import webtext.,PRE_REQUISITE
Welcome to the second semester of the computer science program.,IGNORE
This exercise is designed to test your understanding of Unit 2.,IGNORE
Submit a PDF report containing the methodology and results.,ADMIN_TRAP
Good luck with your implementation. Final project must include a full pipeline from preprocessing to evaluation.,ADMIN_TRAP
Welcome to the second semester of the computer science program. Final project must include a full pipeline from preprocessing to evaluation.,ADMIN_TRAP
Perform thorough evaluation using confusion matrices and F1-scores.,WEIGHTED_PRIORITY
"Please read the instructions carefully before starting. Implement association rule mining, classification, and clustering.",TECHNICAL_TASK
Please read the instructions carefully before starting.,IGNORE
Good luck with your implementation.,IGNORE
Good luck with your implementation. Submit a PDF report containing the methodology and results.,ADMIN_TRAP
This exercise is designed to test your understanding of Unit 2.,IGNORE
"Implement association rule mining, classification, and clustering.",TECHNICAL_TASK
Perform thorough evaluation using confusion matrices and F1-scores.,WEIGHTED_PRIORITY
Please read the instructions carefully before starting.,IGNORE
Good luck with your implementation. Final project must include a full pipeline from preprocessing to evaluation.,ADMIN_TRAP
Discuss your findings with your group members during the lab.,IGNORE
Download the NLTK package and import webtext.,PRE_REQUISITE
Submit a PDF report containing the methodology and results.,ADMIN_TRAP
Final project must include a full pipeline from preprocessing to evaluation.,ADMIN_TRAP
This exercise is designed to test your understanding of Unit 2.,IGNORE
Welcome to the second semester of the computer science program. Integrate a domain-specific dataset from Hugging Face.,TECH_STACK
Discuss your findings with your group members during the lab. Submit a PDF report containing the methodology and results.,ADMIN_TRAP
Discuss your findings with your group members during the lab. Final project must include a full pipeline from preprocessing to evaluation.,ADMIN_TRAP
Good luck with your implementation.,IGNORE
Integrate a domain-specific dataset from Hugging Face.,TECH_STACK
Welcome to the second semester of the computer science program. Perform thorough evaluation using confusion matrices and F1-scores.,WEIGHTED_PRIORITY
"Implement association rule mining, classification, and clustering.",TECHNICAL_TASK
Perform thorough evaluation using confusion matrices and F1-scores.,WEIGHTED_PRIORITY
"This exercise is designed to test your understanding of Unit 2. Implement association rule mining, classification, and clustering.",TECHNICAL_TASK
Welcome to the second semester of the computer science program.,IGNORE
Please read the instructions carefully before starting. Integrate a domain-specific dataset from Hugging Face.,TECH_STACK
Welcome to the second semester of the computer science program. Perform thorough evaluation using confusion matrices and F1-scores.,WEIGHTED_PRIORITY
"Implement association rule mining, classification, and clustering.",TECHNICAL_TASK
This exercise is designed to test your understanding of Unit 2.,IGNORE
"Implement association rule mining, classification, and clustering.",TECHNICAL_TASK
This exercise is designed to test your understanding of Unit 2.,IGNORE
"Implement association rule mining, classification, and clustering.",TECHNICAL_TASK
Final project must include a full pipeline from preprocessing to evaluation.,ADMIN_TRAP
Please read the instructions carefully before starting.,IGNORE
Discuss your findings with your group members during the lab.,IGNORE
Welcome to the second semester of the computer science program. Submit a PDF report containing the methodology and results.,ADMIN_TRAP
Please read the instructions carefully before starting.,IGNORE
Integrate a domain-specific dataset from Hugging Face.,TECH_STACK
Welcome to the second semester of the computer science program.,IGNORE
This exercise is designed to test your understanding of Unit 2. Perform thorough evaluation using confusion matrices and F1-scores.,WEIGHTED_PRIORITY
Good luck with your implementation. Integrate a domain-specific dataset from Hugging Face.,TECH_STACK
Perform thorough evaluation using confusion matrices and F1-scores.,WEIGHTED_PRIORITY
Please read the instructions carefully before starting.,IGNORE
Welcome to the second semester of the computer science program. Perform thorough evaluation using confusion matrices and F1-scores.,WEIGHTED_PRIORITY
Good luck with your implementation. Integrate a domain-specific dataset from Hugging Face.,TECH_STACK
Please read the instructions carefully before starting. Visualise vectors using PCA after fine-tuning.,TECHNICAL_TASK
Download the NLTK package and import webtext.,PRE_REQUISITE
Good luck with your implementation.,IGNORE
Perform thorough evaluation using confusion matrices and F1-scores.,WEIGHTED_PRIORITY
Submit a PDF report containing the methodology and results.,ADMIN_TRAP
Download the NLTK package and import webtext.,PRE_REQUISITE
Integrate a domain-specific dataset from Hugging Face.,TECH_STACK
Welcome to the second semester of the computer science program.,IGNORE
Please read the instructions carefully before starting.,IGNORE
This exercise is designed to test your understanding of Unit 2. Submit a PDF report containing the methodology and results.,ADMIN_TRAP
Good luck with your implementation. Visualise vectors using PCA after fine-tuning.,TECHNICAL_TASK
Good luck with your implementation. Submit a PDF report containing the methodology and results.,ADMIN_TRAP
Please read the instructions carefully before starting. Visualise vectors using PCA after fine-tuning.,TECHNICAL_TASK
Discuss your findings with your group members during the lab. Integrate a domain-specific dataset from Hugging Face.,TECH_STACK
"Implement association rule mining, classification, and clustering.",TECHNICAL_TASK
Final project must include a full pipeline from preprocessing to evaluation.,ADMIN_TRAP
Integrate a domain-specific dataset from Hugging Face.,TECH_STACK
Good luck with your implementation.,IGNORE
Visualise vectors using PCA after fine-tuning.,TECHNICAL_TASK
Good luck with your implementation. Visualise vectors using PCA after fine-tuning.,TECHNICAL_TASK
Discuss your findings with your group members during the lab. Perform thorough evaluation using confusion matrices and F1-scores.,WEIGHTED_PRIORITY
Welcome to the second semester of the computer science program.,IGNORE
Welcome to the second semester of the computer science program. Submit a PDF report containing the methodology and results.,ADMIN_TRAP
Welcome to the second semester of the computer science program. Visualise vectors using PCA after fine-tuning.,TECHNICAL_TASK
"Welcome to the second semester of the computer science program. Implement association rule mining, classification, and clustering.",TECHNICAL_TASK
Visualise vectors using PCA after fine-tuning.,TECHNICAL_TASK
Discuss your findings with your group members during the lab.,IGNORE
Visualise vectors using PCA after fine-tuning.,TECHNICAL_TASK
Discuss your findings with your group members during the lab.,IGNORE
Good luck with your implementation. Submit a PDF report containing the methodology and results.,ADMIN_TRAP
Final project must include a full pipeline from preprocessing to evaluation.,ADMIN_TRAP
Integrate a domain-specific dataset from Hugging Face.,TECH_STACK
Good luck with your implementation. Submit a PDF report containing the methodology and results.,ADMIN_TRAP
Welcome to the second semester of the computer science program.,IGNORE
Perform thorough evaluation using confusion matrices and F1-scores.,WEIGHTED_PRIORITY
"Discuss your findings with your group members during the lab. Implement association rule mining, classification, and clustering.",TECHNICAL_TASK
"Implement association rule mining, classification, and clustering.",TECHNICAL_TASK
Discuss your findings with your group members during the lab. Download the NLTK package and import webtext.,PRE_REQUISITE
This exercise is designed to test your understanding of Unit 2. Visualise vectors using PCA after fine-tuning.,TECHNICAL_TASK
Good luck with your implementation.,IGNORE
Good luck with your implementation. Download the NLTK package and import webtext.,PRE_REQUISITE
Good luck with your implementation.,IGNORE
Discuss your findings with your group members during the lab. Download the NLTK package and import webtext.,PRE_REQUISITE
Please read the instructions carefully before starting.,IGNORE
"Implement association rule mining, classification, and clustering.",TECHNICAL_TASK
"Good luck with your implementation. Implement association rule mining, classification, and clustering.",TECHNICAL_TASK
Perform thorough evaluation using confusion matrices and F1-scores.,WEIGHTED_PRIORITY
Welcome to the second semester of the computer science program.,IGNORE
Download the NLTK package and import webtext.,PRE_REQUISITE
Please read the instructions carefully before starting. Visualise vectors using PCA after fine-tuning.,TECHNICAL_TASK
Perform thorough evaluation using confusion matrices and F1-scores.,WEIGHTED_PRIORITY
Welcome to the second semester of the computer science program. Perform thorough evaluation using confusion matrices and F1-scores.,WEIGHTED_PRIORITY
Integrate a domain-specific dataset from Hugging Face.,TECH_STACK
Good luck with your implementation.,IGNORE
Welcome to the second semester of the computer science program. Perform thorough evaluation using confusion matrices and F1-scores.,WEIGHTED_PRIORITY
Please read the instructions carefully before starting.,IGNORE
Good luck with your implementation.,IGNORE
Welcome to the second semester of the computer science program.,IGNORE
Welcome to the second semester of the computer science program.,IGNORE
Welcome to the second semester of the computer science program. Integrate a domain-specific dataset from Hugging Face.,TECH_STACK
Discuss your findings with your group members during the lab. Integrate a domain-specific dataset from Hugging Face.,TECH_STACK
Good luck with your implementation.,IGNORE
"Implement association rule mining, classification, and clustering.",TECHNICAL_TASK
This exercise is designed to test your understanding of Unit 2. Integrate a domain-specific dataset from Hugging Face.,TECH_STACK
This exercise is designed to test your understanding of Unit 2. Integrate a domain-specific dataset from Hugging Face.,TECH_STACK
Discuss your findings with your group members during the lab. Download the NLTK package and import webtext.,PRE_REQUISITE
This exercise is designed to test your understanding of Unit 2. Submit a PDF report containing the methodology and results.,ADMIN_TRAP
"Implement association rule mining, classification, and clustering.",TECHNICAL_TASK
This exercise is designed to test your understanding of Unit 2.,IGNORE
Please read the instructions carefully before starting.,IGNORE
Perform thorough evaluation using confusion matrices and F1-scores.,WEIGHTED_PRIORITY
Submit a PDF report containing the methodology and results.,ADMIN_TRAP
Integrate a domain-specific dataset from Hugging Face.,TECH_STACK
Good luck with your implementation. Submit a PDF report containing the methodology and results.,ADMIN_TRAP
Download the NLTK package and import webtext.,PRE_REQUISITE
Please read the instructions carefully before starting.,IGNORE
"This exercise is designed to test your understanding of Unit 2. Implement association rule mining, classification, and clustering.",TECHNICAL_TASK
"Please read the instructions carefully before starting. Implement association rule mining, classification, and clustering.",TECHNICAL_TASK
Discuss your findings with your group members during the lab. Submit a PDF report containing the methodology and results.,ADMIN_TRAP
"Implement association rule mining, classification, and clustering.",TECHNICAL_TASK
Submit a PDF report containing the methodology and results.,ADMIN_TRAP
"Implement association rule mining, classification, and clustering.",TECHNICAL_TASK
Good luck with your implementation.,IGNORE
Perform thorough evaluation using confusion matrices and F1-scores.,WEIGHTED_PRIORITY
"Implement association rule mining, classification, and clustering.",TECHNICAL_TASK
Visualise vectors using PCA after fine-tuning.,TECHNICAL_TASK
This exercise is designed to test your understanding of Unit 2.,IGNORE
Good luck with your implementation. Integrate a domain-specific dataset from Hugging Face.,TECH_STACK
Welcome to the second semester of the computer science program.,IGNORE
Good luck with your implementation. Submit a PDF report containing the methodology and results.,ADMIN_TRAP
Perform thorough evaluation using confusion matrices and F1-scores.,WEIGHTED_PRIORITY
Good luck with your implementation.,IGNORE
Final project must include a full pipeline from preprocessing to evaluation.,ADMIN_TRAP
Good luck with your implementation.,IGNORE
Discuss your findings with your group members during the lab.,IGNORE
Download the NLTK package and import webtext.,PRE_REQUISITE
This exercise is designed to test your understanding of Unit 2.,IGNORE
Submit a PDF report containing the methodology and results.,ADMIN_TRAP
Discuss your findings with your group members during the lab. Submit a PDF report containing the methodology and results.,ADMIN_TRAP
Submit a PDF report containing the methodology and results.,ADMIN_TRAP
Please read the instructions carefully before starting. Visualise vectors using PCA after fine-tuning.,TECHNICAL_TASK
Please read the instructions carefully before starting. Final project must include a full pipeline from preprocessing to evaluation.,ADMIN_TRAP
"Please read the instructions carefully before starting. Implement association rule mining, classification, and clustering.",TECHNICAL_TASK
Discuss your findings with your group members during the lab.,IGNORE
Please read the instructions carefully before starting. Perform thorough evaluation using confusion matrices and F1-scores.,WEIGHTED_PRIORITY
Integrate a domain-specific dataset from Hugging Face.,TECH_STACK
"Implement association rule mining, classification, and clustering.",TECHNICAL_TASK
Submit a PDF report containing the methodology and results.,ADMIN_TRAP
Good luck with your implementation. Submit a PDF report containing the methodology and results.,ADMIN_TRAP
Good luck with your implementation.,IGNORE
Discuss your findings with your group members during the lab.,IGNORE
Visualise vectors using PCA after fine-tuning.,TECHNICAL_TASK
Please read the instructions carefully before starting.,IGNORE
Good luck with your implementation.,IGNORE
Please read the instructions carefully before starting. Visualise vectors using PCA after fine-tuning.,TECHNICAL_TASK
Download the NLTK package and import webtext.,PRE_REQUISITE
Submit a PDF report containing the methodology and results.,ADMIN_TRAP
This exercise is designed to test your understanding of Unit 2.,IGNORE
Discuss your findings with your group members during the lab.,IGNORE
This exercise is designed to test your understanding of Unit 2. Integrate a domain-specific dataset from Hugging Face.,TECH_STACK
Please read the instructions carefully before starting. Visualise vectors using PCA after fine-tuning.,TECHNICAL_TASK
Good luck with your implementation.,IGNORE
Perform thorough evaluation using confusion matrices and F1-scores.,WEIGHTED_PRIORITY
Perform thorough evaluation using confusion matrices and F1-scores.,WEIGHTED_PRIORITY
Discuss your findings with your group members during the lab.,IGNORE
Good luck with your implementation. Integrate a domain-specific dataset from Hugging Face.,TECH_STACK
Discuss your findings with your group members during the lab.,IGNORE
Welcome to the second semester of the computer science program. Submit a PDF report containing the methodology and results.,ADMIN_TRAP
Please read the instructions carefully before starting. Perform thorough evaluation using confusion matrices and F1-scores.,WEIGHTED_PRIORITY
Good luck with your implementation. Integrate a domain-specific dataset from Hugging Face.,TECH_STACK
Please read the instructions carefully before starting. Integrate a domain-specific dataset from Hugging Face.,TECH_STACK
Download the NLTK package and import webtext.,PRE_REQUISITE
This exercise is designed to test your understanding of Unit 2. Visualise vectors using PCA after fine-tuning.,TECHNICAL_TASK
Discuss your findings with your group members during the lab. Final project must include a full pipeline from preprocessing to evaluation.,ADMIN_TRAP
Discuss your findings with your group members during the lab.,IGNORE
Submit a PDF report containing the methodology and results.,ADMIN_TRAP
This exercise is designed to test your understanding of Unit 2.,IGNORE
Perform thorough evaluation using confusion matrices and F1-scores.,WEIGHTED_PRIORITY
This exercise is designed to test your understanding of Unit 2.,IGNORE
This exercise is designed to test your understanding of Unit 2.,IGNORE
"This exercise is designed to test your understanding of Unit 2. Implement association rule mining, classification, and clustering.",TECHNICAL_TASK
This exercise is designed to test your understanding of Unit 2.,IGNORE
Download the NLTK package and import webtext.,PRE_REQUISITE
Welcome to the second semester of the computer science program.,IGNORE
Integrate a domain-specific dataset from Hugging Face.,TECH_STACK
"Discuss your findings with your group members during the lab. Implement association rule mining, classification, and clustering.",TECHNICAL_TASK
Please read the instructions carefully before starting.,IGNORE
Please read the instructions carefully before starting. Visualise vectors using PCA after fine-tuning.,TECHNICAL_TASK
Please read the instructions carefully before starting. Perform thorough evaluation using confusion matrices and F1-scores.,WEIGHTED_PRIORITY
Good luck with your implementation. Visualise vectors using PCA after fine-tuning.,TECHNICAL_TASK
Visualise vectors using PCA after fine-tuning.,TECHNICAL_TASK
Final project must include a full pipeline from preprocessing to evaluation.,ADMIN_TRAP
Submit a PDF report containing the methodology and results.,ADMIN_TRAP
This exercise is designed to test your understanding of Unit 2.,IGNORE
Good luck with your implementation.,IGNORE
Perform thorough evaluation using confusion matrices and F1-scores.,WEIGHTED_PRIORITY
Submit a PDF report containing the methodology and results.,ADMIN_TRAP
"Implement association rule mining, classification, and clustering.",TECHNICAL_TASK
Good luck with your implementation.,IGNORE
Good luck with your implementation. Final project must include a full pipeline from preprocessing to evaluation.,ADMIN_TRAP
Welcome to the second semester of the computer science program.,IGNORE
Download the NLTK package and import webtext.,PRE_REQUISITE
Welcome to the second semester of the computer science program.,IGNORE
"Good luck with your implementation. Implement association rule mining, classification, and clustering.",TECHNICAL_TASK
This exercise is designed to test your understanding of Unit 2.,IGNORE
Final project must include a full pipeline from preprocessing to evaluation.,ADMIN_TRAP
This exercise is designed to test your understanding of Unit 2. Perform thorough evaluation using confusion matrices and F1-scores.,WEIGHTED_PRIORITY
Integrate a domain-specific dataset from Hugging Face.,TECH_STACK
Final project must include a full pipeline from preprocessing to evaluation.,ADMIN_TRAP
Final project must include a full pipeline from preprocessing to evaluation.,ADMIN_TRAP
Discuss your findings with your group members during the lab. Integrate a domain-specific dataset from Hugging Face.,TECH_STACK
Download the NLTK package and import webtext.,PRE_REQUISITE
Visualise vectors using PCA after fine-tuning.,TECHNICAL_TASK
Good luck with your implementation.,IGNORE
This exercise is designed to test your understanding of Unit 2. Submit a PDF report containing the methodology and results.,ADMIN_TRAP
Integrate a domain-specific dataset from Hugging Face.,TECH_STACK
Download the NLTK package and import webtext.,PRE_REQUISITE
Integrate a domain-specific dataset from Hugging Face.,TECH_STACK
This exercise is designed to test your understanding of Unit 2.,IGNORE
This exercise is designed to test your understanding of Unit 2.,IGNORE
Welcome to the second semester of the computer science program.,IGNORE
Perform thorough evaluation using confusion matrices and F1-scores.,WEIGHTED_PRIORITY
Discuss your findings with your group members during the lab.,IGNORE
Perform thorough evaluation using confusion matrices and F1-scores.,WEIGHTED_PRIORITY
"Discuss your findings with your group members during the lab. Implement association rule mining, classification, and clustering.",TECHNICAL_TASK
"Implement association rule mining, classification, and clustering.",TECHNICAL_TASK
This exercise is designed to test your understanding of Unit 2. Visualise vectors using PCA after fine-tuning.,TECHNICAL_TASK
This exercise is designed to test your understanding of Unit 2.,IGNORE
"Welcome to the second semester of the computer science program. Implement association rule mining, classification, and clustering.",TECHNICAL_TASK
"This exercise is designed to test your understanding of Unit 2. Implement association rule mining, classification, and clustering.",TECHNICAL_TASK
"Good luck with your implementation. Implement association rule mining, classification, and clustering.",TECHNICAL_TASK
"Please read the instructions carefully before starting. Implement association rule mining, classification, and clustering.",TECHNICAL_TASK
This exercise is designed to test your understanding of Unit 2. Download the NLTK package and import webtext.,PRE_REQUISITE
Good luck with your implementation.,IGNORE
Good luck with your implementation.,IGNORE
Visualise vectors using PCA after fine-tuning.,TECHNICAL_TASK
This exercise is designed to test your understanding of Unit 2.,IGNORE
Please read the instructions carefully before starting. Integrate a domain-specific dataset from Hugging Face.,TECH_STACK
Download the NLTK package and import webtext.,PRE_REQUISITE
Discuss your findings with your group members during the lab. Final project must include a full pipeline from preprocessing to evaluation.,ADMIN_TRAP
This exercise is designed to test your understanding of Unit 2.,IGNORE
This exercise is designed to test your understanding of Unit 2.,IGNORE
"Discuss your findings with your group members during the lab. Implement association rule mining, classification, and clustering.",TECHNICAL_TASK
Good luck with your implementation.,IGNORE
This exercise is designed to test your understanding of Unit 2. Visualise vectors using PCA after fine-tuning.,TECHNICAL_TASK
Discuss your findings with your group members during the lab. Perform thorough evaluation using confusion matrices and F1-scores.,WEIGHTED_PRIORITY
Perform thorough evaluation using confusion matrices and F1-scores.,WEIGHTED_PRIORITY
Final project must include a full pipeline from preprocessing to evaluation.,ADMIN_TRAP
This exercise is designed to test your understanding of Unit 2.,IGNORE
Download the NLTK package and import webtext.,PRE_REQUISITE
"Implement association rule mining, classification, and clustering.",TECHNICAL_TASK
Perform thorough evaluation using confusion matrices and F1-scores.,WEIGHTED_PRIORITY
"Welcome to the second semester of the computer science program. Implement association rule mining, classification, and clustering.",TECHNICAL_TASK
Good luck with your implementation. Visualise vectors using PCA after fine-tuning.,TECHNICAL_TASK
This exercise is designed to test your understanding of Unit 2. Submit a PDF report containing the methodology and results.,ADMIN_TRAP
Discuss your findings with your group members during the lab.,IGNORE
Submit a PDF report containing the methodology and results.,ADMIN_TRAP
Please read the instructions carefully before starting.,IGNORE
Welcome to the second semester of the computer science program. Submit a PDF report containing the methodology and results.,ADMIN_TRAP
This exercise is designed to test your understanding of Unit 2.,IGNORE
Good luck with your implementation.,IGNORE
Discuss your findings with your group members during the lab. Visualise vectors using PCA after fine-tuning.,TECHNICAL_TASK
"Implement association rule mining, classification, and clustering.",TECHNICAL_TASK
"Implement association rule mining, classification, and clustering.",TECHNICAL_TASK
Integrate a domain-specific dataset from Hugging Face.,TECH_STACK
Please read the instructions carefully before starting.,IGNORE
Welcome to the second semester of the computer science program.,IGNORE
Submit a PDF report containing the methodology and results.,ADMIN_TRAP
Please read the instructions carefully before starting.,IGNORE
Discuss your findings with your group members during the lab.,IGNORE
Submit a PDF report containing the methodology and results.,ADMIN_TRAP
This exercise is designed to test your understanding of Unit 2.,IGNORE
Final project must include a full pipeline from preprocessing to evaluation.,ADMIN_TRAP
Good luck with your implementation.,IGNORE
Discuss your findings with your group members during the lab.,IGNORE
This exercise is designed to test your understanding of Unit 2. Integrate a domain-specific dataset from Hugging Face.,TECH_STACK
Welcome to the second semester of the computer science program. Download the NLTK package and import webtext.,PRE_REQUISITE
Discuss your findings with your group members during the lab.,IGNORE
"Implement association rule mining, classification, and clustering.",TECHNICAL_TASK
Please read the instructions carefully before starting.,IGNORE
Please read the instructions carefully before starting. Integrate a domain-specific dataset from Hugging Face.,TECH_STACK
Perform thorough evaluation using confusion matrices and F1-scores.,WEIGHTED_PRIORITY
Integrate a domain-specific dataset from Hugging Face.,TECH_STACK
This exercise is designed to test your understanding of Unit 2. Integrate a domain-specific dataset from Hugging Face.,TECH_STACK
"Implement association rule mining, classification, and clustering.",TECHNICAL_TASK
Perform thorough evaluation using confusion matrices and F1-scores.,WEIGHTED_PRIORITY
Integrate a domain-specific dataset from Hugging Face.,TECH_STACK
Integrate a domain-specific dataset from Hugging Face.,TECH_STACK
Good luck with your implementation. Submit a PDF report containing the methodology and results.,ADMIN_TRAP
Download the NLTK package and import webtext.,PRE_REQUISITE
Discuss your findings with your group members during the lab.,IGNORE
"Good luck with your implementation. Implement association rule mining, classification, and clustering.",TECHNICAL_TASK
Welcome to the second semester of the computer science program.,IGNORE
Final project must include a full pipeline from preprocessing to evaluation.,ADMIN_TRAP
Visualise vectors using PCA after fine-tuning.,TECHNICAL_TASK
Please read the instructions carefully before starting. Submit a PDF report containing the methodology and results.,ADMIN_TRAP
Integrate a domain-specific dataset from Hugging Face.,TECH_STACK
Please read the instructions carefully before starting. Final project must include a full pipeline from preprocessing to evaluation.,ADMIN_TRAP
Discuss your findings with your group members during the lab.,IGNORE
Good luck with your implementation.,IGNORE
Integrate a domain-specific dataset from Hugging Face.,TECH_STACK
Integrate a domain-specific dataset from Hugging Face.,TECH_STACK
"Implement association rule mining, classification, and clustering.",TECHNICAL_TASK
Good luck with your implementation.,IGNORE
Good luck with your implementation. Download the NLTK package and import webtext.,PRE_REQUISITE
Discuss your findings with your group members during the lab.,IGNORE
Welcome to the second semester of the computer science program.,IGNORE
This exercise is designed to test your understanding of Unit 2. Submit a PDF report containing the methodology and results.,ADMIN_TRAP
Download the NLTK package and import webtext.,PRE_REQUISITE
Final project must include a full pipeline from preprocessing to evaluation.,ADMIN_TRAP
Welcome to the second semester of the computer science program.,IGNORE
"Discuss your findings with your group members during the lab. Implement association rule mining, classification, and clustering.",TECHNICAL_TASK
Final project must include a full pipeline from preprocessing to evaluation.,ADMIN_TRAP
Perform thorough evaluation using confusion matrices and F1-scores.,WEIGHTED_PRIORITY
Discuss your findings with your group members during the lab. Visualise vectors using PCA after fine-tuning.,TECHNICAL_TASK
Download the NLTK package and import webtext.,PRE_REQUISITE
Discuss your findings with your group members during the lab. Submit a PDF report containing the methodology and results.,ADMIN_TRAP
Integrate a domain-specific dataset from Hugging Face.,TECH_STACK
Download the NLTK package and import webtext.,PRE_REQUISITE
This exercise is designed to test your understanding of Unit 2.,IGNORE
Welcome to the second semester of the computer science program. Perform thorough evaluation using confusion matrices and F1-scores.,WEIGHTED_PRIORITY
Good luck with your implementation. Integrate a domain-specific dataset from Hugging Face.,TECH_STACK
Final project must include a full pipeline from preprocessing to evaluation.,ADMIN_TRAP
"Implement association rule mining, classification, and clustering.",TECHNICAL_TASK
Visualise vectors using PCA after fine-tuning.,TECHNICAL_TASK
Please read the instructions carefully before starting.,IGNORE
Welcome to the second semester of the computer science program. Visualise vectors using PCA after fine-tuning.,TECHNICAL_TASK
Welcome to the second semester of the computer science program. Final project must include a full pipeline from preprocessing to evaluation.,ADMIN_TRAP
This exercise is designed to test your understanding of Unit 2.,IGNORE
Good luck with your implementation. Integrate a domain-specific dataset from Hugging Face.,TECH_STACK
This exercise is designed to test your understanding of Unit 2.,IGNORE
Integrate a domain-specific dataset from Hugging Face.,TECH_STACK
Perform thorough evaluation using confusion matrices and F1-scores.,WEIGHTED_PRIORITY
Submit a PDF report containing the methodology and results.,ADMIN_TRAP
Please read the instructions carefully before starting. Visualise vectors using PCA after fine-tuning.,TECHNICAL_TASK
Perform thorough evaluation using confusion matrices and F1-scores.,WEIGHTED_PRIORITY
Visualise vectors using PCA after fine-tuning.,TECHNICAL_TASK
Please read the instructions carefully before starting. Submit a PDF report containing the methodology and results.,ADMIN_TRAP
Discuss your findings with your group members during the lab.,IGNORE
Submit a PDF report containing the methodology and results.,ADMIN_TRAP
Perform thorough evaluation using confusion matrices and F1-scores.,WEIGHTED_PRIORITY
Please read the instructions carefully before starting.,IGNORE
Download the NLTK package and import webtext.,PRE_REQUISITE
Discuss your findings with your group members during the lab. Submit a PDF report containing the methodology and results.,ADMIN_TRAP
Download the NLTK package and import webtext.,PRE_REQUISITE
Visualise vectors using PCA after fine-tuning.,TECHNICAL_TASK
Integrate a domain-specific dataset from Hugging Face.,TECH_STACK
Good luck with your implementation.,IGNORE
Perform thorough evaluation using confusion matrices and F1-scores.,WEIGHTED_PRIORITY
Good luck with your implementation.,IGNORE
Discuss your findings with your group members during the lab. Perform thorough evaluation using confusion matrices and F1-scores.,WEIGHTED_PRIORITY
Please read the instructions carefully before starting. Perform thorough evaluation using confusion matrices and F1-scores.,WEIGHTED_PRIORITY
Discuss your findings with your group members during the lab. Final project must include a full pipeline from preprocessing to evaluation.,ADMIN_TRAP
This exercise is designed to test your understanding of Unit 2. Final project must include a full pipeline from preprocessing to evaluation.,ADMIN_TRAP
"Discuss your findings with your group members during the lab. Implement association rule mining, classification, and clustering.",TECHNICAL_TASK
This exercise is designed to test your understanding of Unit 2. Perform thorough evaluation using confusion matrices and F1-scores.,WEIGHTED_PRIORITY
Final project must include a full pipeline from preprocessing to evaluation.,ADMIN_TRAP
Welcome to the second semester of the computer science program. Download the NLTK package and import webtext.,PRE_REQUISITE
Perform thorough evaluation using confusion matrices and F1-scores.,WEIGHTED_PRIORITY
Submit a PDF report containing the methodology and results.,ADMIN_TRAP
"Implement association rule mining, classification, and clustering.",TECHNICAL_TASK
Submit a PDF report containing the methodology and results.,ADMIN_TRAP
Discuss your findings with your group members during the lab.,IGNORE
Final project must include a full pipeline from preprocessing to evaluation.,ADMIN_TRAP
Please read the instructions carefully before starting. Download the NLTK package and import webtext.,PRE_REQUISITE
Discuss your findings with your group members during the lab. Visualise vectors using PCA after fine-tuning.,TECHNICAL_TASK
Welcome to the second semester of the computer science program. Integrate a domain-specific dataset from Hugging Face.,TECH_STACK
Perform thorough evaluation using confusion matrices and F1-scores.,WEIGHTED_PRIORITY
Final project must include a full pipeline from preprocessing to evaluation.,ADMIN_TRAP
Integrate a domain-specific dataset from Hugging Face.,TECH_STACK
Download the NLTK package and import webtext.,PRE_REQUISITE
Discuss your findings with your group members during the lab. Visualise vectors using PCA after fine-tuning.,TECHNICAL_TASK
Download the NLTK package and import webtext.,PRE_REQUISITE
Final project must include a full pipeline from preprocessing to evaluation.,ADMIN_TRAP
Please read the instructions carefully before starting. Download the NLTK package and import webtext.,PRE_REQUISITE
"This exercise is designed to test your understanding of Unit 2. Implement association rule mining, classification, and clustering.",TECHNICAL_TASK
Welcome to the second semester of the computer science program.,IGNORE
Perform thorough evaluation using confusion matrices and F1-scores.,WEIGHTED_PRIORITY
Please read the instructions carefully before starting.,IGNORE
Please read the instructions carefully before starting. Perform thorough evaluation using confusion matrices and F1-scores.,WEIGHTED_PRIORITY
Please read the instructions carefully before starting.,IGNORE
Submit a PDF report containing the methodology and results.,ADMIN_TRAP
Final project must include a full pipeline from preprocessing to evaluation.,ADMIN_TRAP
Please read the instructions carefully before starting. Download the NLTK package and import webtext.,PRE_REQUISITE
Welcome to the second semester of the computer science program. Integrate a domain-specific dataset from Hugging Face.,TECH_STACK
This exercise is designed to test your understanding of Unit 2.,IGNORE
This exercise is designed to test your understanding of Unit 2.,IGNORE
Please read the instructions carefully before starting. Visualise vectors using PCA after fine-tuning.,TECHNICAL_TASK
Discuss your findings with your group members during the lab. Visualise vectors using PCA after fine-tuning.,TECHNICAL_TASK
"Implement association rule mining, classification, and clustering.",TECHNICAL_TASK
This exercise is designed to test your understanding of Unit 2.,IGNORE
This exercise is designed to test your understanding of Unit 2.,IGNORE
Please read the instructions carefully before starting.,IGNORE
Good luck with your implementation. Perform thorough evaluation using confusion matrices and F1-scores.,WEIGHTED_PRIORITY
Welcome to the second semester of the computer science program.,IGNORE
Final project must include a full pipeline from preprocessing to evaluation.,ADMIN_TRAP
This exercise is designed to test your understanding of Unit 2.,IGNORE
This exercise is designed to test your understanding of Unit 2.,IGNORE
Welcome to the second semester of the computer science program. Integrate a domain-specific dataset from Hugging Face.,TECH_STACK
Integrate a domain-specific dataset from Hugging Face.,TECH_STACK
Discuss your findings with your group members during the lab.,IGNORE
Good luck with your implementation. Final project must include a full pipeline from preprocessing to evaluation.,ADMIN_TRAP
"Implement association rule mining, classification, and clustering.",TECHNICAL_TASK
Download the NLTK package and import webtext.,PRE_REQUISITE
Welcome to the second semester of the computer science program. Perform thorough evaluation using confusion matrices and F1-scores.,WEIGHTED_PRIORITY
Welcome to the second semester of the computer science program.,IGNORE
"Discuss your findings with your group members during the lab. Implement association rule mining, classification, and clustering.",TECHNICAL_TASK
Good luck with your implementation. Download the NLTK package and import webtext.,PRE_REQUISITE
Final project must include a full pipeline from preprocessing to evaluation.,ADMIN_TRAP
Welcome to the second semester of the computer science program. Integrate a domain-specific dataset from Hugging Face.,TECH_STACK
This exercise is designed to test your understanding of Unit 2. Visualise vectors using PCA after fine-tuning.,TECHNICAL_TASK
Integrate a domain-specific dataset from Hugging Face.,TECH_STACK
Discuss your findings with your group members during the lab.,IGNORE
Final project must include a full pipeline from preprocessing to evaluation.,ADMIN_TRAP
Submit a PDF report containing the methodology and results.,ADMIN_TRAP
Discuss your findings with your group members during the lab.,IGNORE
Submit a PDF report containing the methodology and results.,ADMIN_TRAP
Visualise vectors using PCA after fine-tuning.,TECHNICAL_TASK
Welcome to the second semester of the computer science program. Perform thorough evaluation using confusion matrices and F1-scores.,WEIGHTED_PRIORITY
Good luck with your implementation. Submit a PDF report containing the methodology and results.,ADMIN_TRAP
Good luck with your implementation.,IGNORE
Final project must include a full pipeline from preprocessing to evaluation.,ADMIN_TRAP
"Implement association rule mining, classification, and clustering.",TECHNICAL_TASK
"Implement association rule mining, classification, and clustering.",TECHNICAL_TASK
"Implement association rule mining, classification, and clustering.",TECHNICAL_TASK
Welcome to the second semester of the computer science program. Visualise vectors using PCA after fine-tuning.,TECHNICAL_TASK
Download the NLTK package and import webtext.,PRE_REQUISITE
Perform thorough evaluation using confusion matrices and F1-scores.,WEIGHTED_PRIORITY
Good luck with your implementation.,IGNORE
Integrate a domain-specific dataset from Hugging Face.,TECH_STACK
"Please read the instructions carefully before starting. Implement association rule mining, classification, and clustering.",TECHNICAL_TASK
Visualise vectors using PCA after fine-tuning.,TECHNICAL_TASK
Good luck with your implementation.,IGNORE
Please read the instructions carefully before starting.,IGNORE
"Welcome to the second semester of the computer science program. Implement association rule mining, classification, and clustering.",TECHNICAL_TASK
Please read the instructions carefully before starting.,IGNORE
Welcome to the second semester of the computer science program. Submit a PDF report containing the methodology and results.,ADMIN_TRAP
"Discuss your findings with your group members during the lab. Implement association rule mining, classification, and clustering.",TECHNICAL_TASK
"Good luck with your implementation. Implement association rule mining, classification, and clustering.",TECHNICAL_TASK
Submit a PDF report containing the methodology and results.,ADMIN_TRAP
Perform thorough evaluation using confusion matrices and F1-scores.,WEIGHTED_PRIORITY
Welcome to the second semester of the computer science program.,IGNORE
Discuss your findings with your group members during the lab.,IGNORE
Please read the instructions carefully before starting. Submit a PDF report containing the methodology and results.,ADMIN_TRAP
Good luck with your implementation. Final project must include a full pipeline from preprocessing to evaluation.,ADMIN_TRAP
Visualise vectors using PCA after fine-tuning.,TECHNICAL_TASK
This exercise is designed to test your understanding of Unit 2.,IGNORE
"Good luck with your implementation. Implement association rule mining, classification, and clustering.",TECHNICAL_TASK
Good luck with your implementation. Final project must include a full pipeline from preprocessing to evaluation.,ADMIN_TRAP
This exercise is designed to test your understanding of Unit 2.,IGNORE
"Implement association rule mining, classification, and clustering.",TECHNICAL_TASK
Good luck with your implementation. Submit a PDF report containing the methodology and results.,ADMIN_TRAP
Welcome to the second semester of the computer science program. Perform thorough evaluation using confusion matrices and F1-scores.,WEIGHTED_PRIORITY
Please read the instructions carefully before starting.,IGNORE
Discuss your findings with your group members during the lab. Download the NLTK package and import webtext.,PRE_REQUISITE
Discuss your findings with your group members during the lab.,IGNORE
Discuss your findings with your group members during the lab. Perform thorough evaluation using confusion matrices and F1-scores.,WEIGHTED_PRIORITY
Final project must include a full pipeline from preprocessing to evaluation.,ADMIN_TRAP
Good luck with your implementation. Submit a PDF report containing the methodology and results.,ADMIN_TRAP
Good luck with your implementation. Integrate a domain-specific dataset from Hugging Face.,TECH_STACK
Discuss your findings with your group members during the lab. Submit a PDF report containing the methodology and results.,ADMIN_TRAP
Welcome to the second semester of the computer science program. Final project must include a full pipeline from preprocessing to evaluation.,ADMIN_TRAP
Visualise vectors using PCA after fine-tuning.,TECHNICAL_TASK
Discuss your findings with your group members during the lab. Download the NLTK package and import webtext.,PRE_REQUISITE
Please read the instructions carefully before starting.,IGNORE
Discuss your findings with your group members during the lab. Integrate a domain-specific dataset from Hugging Face.,TECH_STACK
"Implement association rule mining, classification, and clustering.",TECHNICAL_TASK
Discuss your findings with your group members during the lab.,IGNORE
This exercise is designed to test your understanding of Unit 2. Submit a PDF report containing the methodology and results.,ADMIN_TRAP
Welcome to the second semester of the computer science program.,IGNORE
Please read the instructions carefully before starting.,IGNORE
Welcome to the second semester of the computer science program. Download the NLTK package and import webtext.,PRE_REQUISITE
Please read the instructions carefully before starting. Final project must include a full pipeline from preprocessing to evaluation.,ADMIN_TRAP
This exercise is designed to test your understanding of Unit 2.,IGNORE
Please read the instructions carefully before starting.,IGNORE
Submit a PDF report containing the methodology and results.,ADMIN_TRAP
Good luck with your implementation. Integrate a domain-specific dataset from Hugging Face.,TECH_STACK
Download the NLTK package and import webtext.,PRE_REQUISITE
Integrate a domain-specific dataset from Hugging Face.,TECH_STACK
"Implement association rule mining, classification, and clustering.",TECHNICAL_TASK
This exercise is designed to test your understanding of Unit 2. Visualise vectors using PCA after fine-tuning.,TECHNICAL_TASK
Integrate a domain-specific dataset from Hugging Face.,TECH_STACK
Final project must include a full pipeline from preprocessing to evaluation.,ADMIN_TRAP
Welcome to the second semester of the computer science program.,IGNORE
Perform thorough evaluation using confusion matrices and F1-scores.,WEIGHTED_PRIORITY
Please read the instructions carefully before starting.,IGNORE
Perform thorough evaluation using confusion matrices and F1-scores.,WEIGHTED_PRIORITY
Welcome to the second semester of the computer science program.,IGNORE
Visualise vectors using PCA after fine-tuning.,TECHNICAL_TASK
Final project must include a full pipeline from preprocessing to evaluation.,ADMIN_TRAP
Download the NLTK package and import webtext.,PRE_REQUISITE
Welcome to the second semester of the computer science program.,IGNORE
Perform thorough evaluation using confusion matrices and F1-scores.,WEIGHTED_PRIORITY
Final project must include a full pipeline from preprocessing to evaluation.,ADMIN_TRAP
Discuss your findings with your group members during the lab. Final project must include a full pipeline from preprocessing to evaluation.,ADMIN_TRAP
Welcome to the second semester of the computer science program. Integrate a domain-specific dataset from Hugging Face.,TECH_STACK
Download the NLTK package and import webtext.,PRE_REQUISITE
Please read the instructions carefully before starting. Submit a PDF report containing the methodology and results.,ADMIN_TRAP
Good luck with your implementation. Final project must include a full pipeline from preprocessing to evaluation.,ADMIN_TRAP
Perform thorough evaluation using confusion matrices and F1-scores.,WEIGHTED_PRIORITY
This exercise is designed to test your understanding of Unit 2.,IGNORE
Welcome to the second semester of the computer science program.,IGNORE
Welcome to the second semester of the computer science program.,IGNORE
Please read the instructions carefully before starting. Perform thorough evaluation using confusion matrices and F1-scores.,WEIGHTED_PRIORITY
Submit a PDF report containing the methodology and results.,ADMIN_TRAP
This exercise is designed to test your understanding of Unit 2.,IGNORE
Please read the instructions carefully before starting.,IGNORE
"Discuss your findings with your group members during the lab. Implement association rule mining, classification, and clustering.",TECHNICAL_TASK
Final project must include a full pipeline from preprocessing to evaluation.,ADMIN_TRAP
"Implement association rule mining, classification, and clustering.",TECHNICAL_TASK
Please read the instructions carefully before starting.,IGNORE
This exercise is designed to test your understanding of Unit 2.,IGNORE
Good luck with your implementation.,IGNORE
"Implement association rule mining, classification, and clustering.",TECHNICAL_TASK
Please read the instructions carefully before starting. Visualise vectors using PCA after fine-tuning.,TECHNICAL_TASK
Download the NLTK package and import webtext.,PRE_REQUISITE
Download the NLTK package and import webtext.,PRE_REQUISITE
This exercise is designed to test your understanding of Unit 2.,IGNORE
Discuss your findings with your group members during the lab.,IGNORE
Good luck with your implementation.,IGNORE
Good luck with your implementation. Submit a PDF report containing the methodology and results.,ADMIN_TRAP
Discuss your findings with your group members during the lab. Perform thorough evaluation using confusion matrices and F1-scores.,WEIGHTED_PRIORITY
Download the NLTK package and import webtext.,PRE_REQUISITE
Integrate a domain-specific dataset from Hugging Face.,TECH_STACK
Download the NLTK package and import webtext.,PRE_REQUISITE
Please read the instructions carefully before starting. Visualise vectors using PCA after fine-tuning.,TECHNICAL_TASK
Please read the instructions carefully before starting. Download the NLTK package and import webtext.,PRE_REQUISITE
This exercise is designed to test your understanding of Unit 2.,IGNORE
Integrate a domain-specific dataset from Hugging Face.,TECH_STACK
This exercise is designed to test your understanding of Unit 2.,IGNORE
This exercise is designed to test your understanding of Unit 2. Submit a PDF report containing the methodology and results.,ADMIN_TRAP
Perform thorough evaluation using confusion matrices and F1-scores.,WEIGHTED_PRIORITY
Discuss your findings with your group members during the lab. Integrate a domain-specific dataset from Hugging Face.,TECH_STACK
Good luck with your implementation.,IGNORE
Visualise vectors using PCA after fine-tuning.,TECHNICAL_TASK
Download the NLTK package and import webtext.,PRE_REQUISITE
This exercise is designed to test your understanding of Unit 2. Integrate a domain-specific dataset from Hugging Face.,TECH_STACK
Perform thorough evaluation using confusion matrices and F1-scores.,WEIGHTED_PRIORITY
This exercise is designed to test your understanding of Unit 2. Submit a PDF report containing the methodology and results.,ADMIN_TRAP
Visualise vectors using PCA after fine-tuning.,TECHNICAL_TASK
Submit a PDF report containing the methodology and results.,ADMIN_TRAP
Perform thorough evaluation using confusion matrices and F1-scores.,WEIGHTED_PRIORITY
Discuss your findings with your group members during the lab. Download the NLTK package and import webtext.,PRE_REQUISITE
Please read the instructions carefully before starting. Integrate a domain-specific dataset from Hugging Face.,TECH_STACK
Welcome to the second semester of the computer science program. Integrate a domain-specific dataset from Hugging Face.,TECH_STACK
Welcome to the second semester of the computer science program.,IGNORE
Visualise vectors using PCA after fine-tuning.,TECHNICAL_TASK
This exercise is designed to test your understanding of Unit 2. Visualise vectors using PCA after fine-tuning.,TECHNICAL_TASK
Visualise vectors using PCA after fine-tuning.,TECHNICAL_TASK
This exercise is designed to test your understanding of Unit 2. Final project must include a full pipeline from preprocessing to evaluation.,ADMIN_TRAP
Submit a PDF report containing the methodology and results.,ADMIN_TRAP
"Please read the instructions carefully before starting. Implement association rule mining, classification, and clustering.",TECHNICAL_TASK
This exercise is designed to test your understanding of Unit 2.,IGNORE
Welcome to the second semester of the computer science program.,IGNORE
Discuss your findings with your group members during the lab.,IGNORE
Visualise vectors using PCA after fine-tuning.,TECHNICAL_TASK
Discuss your findings with your group members during the lab. Perform thorough evaluation using confusion matrices and F1-scores.,WEIGHTED_PRIORITY
Discuss your findings with your group members during the lab.,IGNORE
Good luck with your implementation. Submit a PDF report containing the methodology and results.,ADMIN_TRAP
Final project must include a full pipeline from preprocessing to evaluation.,ADMIN_TRAP
Discuss your findings with your group members during the lab. Final project must include a full pipeline from preprocessing to evaluation.,ADMIN_TRAP
"Discuss your findings with your group members during the lab. Implement association rule mining, classification, and clustering.",TECHNICAL_TASK
Please read the instructions carefully before starting.,IGNORE
Discuss your findings with your group members during the lab. Final project must include a full pipeline from preprocessing to evaluation.,ADMIN_TRAP
"Implement association rule mining, classification, and clustering.",TECHNICAL_TASK
Please read the instructions carefully before starting.,IGNORE
Please read the instructions carefully before starting. Perform thorough evaluation using confusion matrices and F1-scores.,WEIGHTED_PRIORITY
Good luck with your implementation. Visualise vectors using PCA after fine-tuning.,TECHNICAL_TASK
Please read the instructions carefully before starting. Submit a PDF report containing the methodology and results.,ADMIN_TRAP
Good luck with your implementation.,IGNORE
Welcome to the second semester of the computer science program. Download the NLTK package and import webtext.,PRE_REQUISITE
Welcome to the second semester of the computer science program. Final project must include a full pipeline from preprocessing to evaluation.,ADMIN_TRAP
Please read the instructions carefully before starting.,IGNORE
Discuss your findings with your group members during the lab. Visualise vectors using PCA after fine-tuning.,TECHNICAL_TASK
Submit a PDF report containing the methodology and results.,ADMIN_TRAP
Perform thorough evaluation using confusion matrices and F1-scores.,WEIGHTED_PRIORITY
This exercise is designed to test your understanding of Unit 2.,IGNORE
This exercise is designed to test your understanding of Unit 2.,IGNORE
This exercise is designed to test your understanding of Unit 2. Final project must include a full pipeline from preprocessing to evaluation.,ADMIN_TRAP
This exercise is designed to test your understanding of Unit 2.,IGNORE
Good luck with your implementation.,IGNORE
"Implement association rule mining, classification, and clustering.",TECHNICAL_TASK
Welcome to the second semester of the computer science program.,IGNORE
Welcome to the second semester of the computer science program.,IGNORE
This exercise is designed to test your understanding of Unit 2.,IGNORE
Good luck with your implementation.,IGNORE
Good luck with your implementation. Download the NLTK package and import webtext.,PRE_REQUISITE
Good luck with your implementation. Visualise vectors using PCA after fine-tuning.,TECHNICAL_TASK
Welcome to the second semester of the computer science program.,IGNORE
Good luck with your implementation.,IGNORE
Welcome to the second semester of the computer science program.,IGNORE
Perform thorough evaluation using confusion matrices and F1-scores.,WEIGHTED_PRIORITY
Good luck with your implementation. Integrate a domain-specific dataset from Hugging Face.,TECH_STACK
Download the NLTK package and import webtext.,PRE_REQUISITE
Please read the instructions carefully before starting. Submit a PDF report containing the methodology and results.,ADMIN_TRAP
This exercise is designed to test your understanding of Unit 2. Visualise vectors using PCA after fine-tuning.,TECHNICAL_TASK
"Implement association rule mining, classification, and clustering.",TECHNICAL_TASK
Good luck with your implementation.,IGNORE
Welcome to the second semester of the computer science program. Submit a PDF report containing the methodology and results.,ADMIN_TRAP
Integrate a domain-specific dataset from Hugging Face.,TECH_STACK
Please read the instructions carefully before starting.,IGNORE
This exercise is designed to test your understanding of Unit 2.,IGNORE
Good luck with your implementation.,IGNORE
Final project must include a full pipeline from preprocessing to evaluation.,ADMIN_TRAP
Submit a PDF report containing the methodology and results.,ADMIN_TRAP
Good luck with your implementation.,IGNORE
"Please read the instructions carefully before starting. Implement association rule mining, classification, and clustering.",TECHNICAL_TASK
Submit a PDF report containing the methodology and results.,ADMIN_TRAP
Integrate a domain-specific dataset from Hugging Face.,TECH_STACK
Integrate a domain-specific dataset from Hugging Face.,TECH_STACK
Please read the instructions carefully before starting.,IGNORE
Good luck with your implementation. Visualise vectors using PCA after fine-tuning.,TECHNICAL_TASK
Perform thorough evaluation using confusion matrices and F1-scores.,WEIGHTED_PRIORITY
Welcome to the second semester of the computer science program.,IGNORE
Discuss your findings with your group members during the lab.,IGNORE
Please read the instructions carefully before starting. Final project must include a full pipeline from preprocessing to evaluation.,ADMIN_TRAP
Integrate a domain-specific dataset from Hugging Face.,TECH_STACK
"Please read the instructions carefully before starting. Implement association rule mining, classification, and clustering.",TECHNICAL_TASK
This exercise is designed to test your understanding of Unit 2.,IGNORE
Discuss your findings with your group members during the lab.,IGNORE
This exercise is designed to test your understanding of Unit 2. Download the NLTK package and import webtext.,PRE_REQUISITE
Integrate a domain-specific dataset from Hugging Face.,TECH_STACK
Discuss your findings with your group members during the lab.,IGNORE
Download the NLTK package and import webtext.,PRE_REQUISITE
Please read the instructions carefully before starting. Final project must include a full pipeline from preprocessing to evaluation.,ADMIN_TRAP
Discuss your findings with your group members during the lab.,IGNORE
Perform thorough evaluation using confusion matrices and F1-scores.,WEIGHTED_PRIORITY
Good luck with your implementation. Submit a PDF report containing the methodology and results.,ADMIN_TRAP
Discuss your findings with your group members during the lab. Perform thorough evaluation using confusion matrices and F1-scores.,WEIGHTED_PRIORITY
Please read the instructions carefully before starting. Integrate a domain-specific dataset from Hugging Face.,TECH_STACK
Integrate a domain-specific dataset from Hugging Face.,TECH_STACK
Discuss your findings with your group members during the lab. Final project must include a full pipeline from preprocessing to evaluation.,ADMIN_TRAP
Final project must include a full pipeline from preprocessing to evaluation.,ADMIN_TRAP
This exercise is designed to test your understanding of Unit 2. Submit a PDF report containing the methodology and results.,ADMIN_TRAP
"Implement association rule mining, classification, and clustering.",TECHNICAL_TASK
Please read the instructions carefully before starting. Final project must include a full pipeline from preprocessing to evaluation.,ADMIN_TRAP
"Please read the instructions carefully before starting. Implement association rule mining, classification, and clustering.",TECHNICAL_TASK
This exercise is designed to test your understanding of Unit 2.,IGNORE
Welcome to the second semester of the computer science program. Download the NLTK package and import webtext.,PRE_REQUISITE
Welcome to the second semester of the computer science program. Perform thorough evaluation using confusion matrices and F1-scores.,WEIGHTED_PRIORITY
Download the NLTK package and import webtext.,PRE_REQUISITE
Download the NLTK package and import webtext.,PRE_REQUISITE
Welcome to the second semester of the computer science program.,IGNORE
Please read the instructions carefully before starting. Final project must include a full pipeline from preprocessing to evaluation.,ADMIN_TRAP
Integrate a domain-specific dataset from Hugging Face.,TECH_STACK
Integrate a domain-specific dataset from Hugging Face.,TECH_STACK
Submit a PDF report containing the methodology and results.,ADMIN_TRAP
This exercise is designed to test your understanding of Unit 2. Submit a PDF report containing the methodology and results.,ADMIN_TRAP
Download the NLTK package and import webtext.,PRE_REQUISITE
Good luck with your implementation.,IGNORE
Please read the instructions carefully before starting. Submit a PDF report containing the methodology and results.,ADMIN_TRAP
Discuss your findings with your group members during the lab. Perform thorough evaluation using confusion matrices and F1-scores.,WEIGHTED_PRIORITY
Perform thorough evaluation using confusion matrices and F1-scores.,WEIGHTED_PRIORITY
Good luck with your implementation.,IGNORE
This exercise is designed to test your understanding of Unit 2. Download the NLTK package and import webtext.,PRE_REQUISITE
This exercise is designed to test your understanding of Unit 2. Final project must include a full pipeline from preprocessing to evaluation.,ADMIN_TRAP
Visualise vectors using PCA after fine-tuning.,TECHNICAL_TASK
This exercise is designed to test your understanding of Unit 2. Submit a PDF report containing the methodology and results.,ADMIN_TRAP
This exercise is designed to test your understanding of Unit 2.,IGNORE
Discuss your findings with your group members during the lab.,IGNORE
Integrate a domain-specific dataset from Hugging Face.,TECH_STACK
This exercise is designed to test your understanding of Unit 2.,IGNORE
This exercise is designed to test your understanding of Unit 2. Perform thorough evaluation using confusion matrices and F1-scores.,WEIGHTED_PRIORITY
Integrate a domain-specific dataset from Hugging Face.,TECH_STACK
Please read the instructions carefully before starting. Integrate a domain-specific dataset from Hugging Face.,TECH_STACK
Please read the instructions carefully before starting.,IGNORE
This exercise is designed to test your understanding of Unit 2.,IGNORE
"Implement association rule mining, classification, and clustering.",TECHNICAL_TASK
Discuss your findings with your group members during the lab.,IGNORE
Good luck with your implementation. Download the NLTK package and import webtext.,PRE_REQUISITE
Please read the instructions carefully before starting. Visualise vectors using PCA after fine-tuning.,TECHNICAL_TASK
Good luck with your implementation. Submit a PDF report containing the methodology and results.,ADMIN_TRAP
Welcome to the second semester of the computer science program.,IGNORE
Good luck with your implementation. Visualise vectors using PCA after fine-tuning.,TECHNICAL_TASK
Please read the instructions carefully before starting. Final project must include a full pipeline from preprocessing to evaluation.,ADMIN_TRAP
Good luck with your implementation.,IGNORE
Final project must include a full pipeline from preprocessing to evaluation.,ADMIN_TRAP
Good luck with your implementation.,IGNORE
Perform thorough evaluation using confusion matrices and F1-scores.,WEIGHTED_PRIORITY
"Good luck with your implementation. Implement association rule mining, classification, and clustering.",TECHNICAL_TASK
Submit a PDF report containing the methodology and results.,ADMIN_TRAP
Please read the instructions carefully before starting. Integrate a domain-specific dataset from Hugging Face.,TECH_STACK
Visualise vectors using PCA after fine-tuning.,TECHNICAL_TASK
Discuss your findings with your group members during the lab. Submit a PDF report containing the methodology and results.,ADMIN_TRAP
Discuss your findings with your group members during the lab. Perform thorough evaluation using confusion matrices and F1-scores.,WEIGHTED_PRIORITY
This exercise is designed to test your understanding of Unit 2. Download the NLTK package and import webtext.,PRE_REQUISITE
Download the NLTK package and import webtext.,PRE_REQUISITE
Discuss your findings with your group members during the lab.,IGNORE
Submit a PDF report containing the methodology and results.,ADMIN_TRAP
Discuss your findings with your group members during the lab. Submit a PDF report containing the methodology and results.,ADMIN_TRAP
Visualise vectors using PCA after fine-tuning.,TECHNICAL_TASK
Integrate a domain-specific dataset from Hugging Face.,TECH_STACK
This exercise is designed to test your understanding of Unit 2. Final project must include a full pipeline from preprocessing to evaluation.,ADMIN_TRAP
Please read the instructions carefully before starting.,IGNORE
Please read the instructions carefully before starting.,IGNORE
This exercise is designed to test your understanding of Unit 2.,IGNORE
"Implement association rule mining, classification, and clustering.",TECHNICAL_TASK
Final project must include a full pipeline from preprocessing to evaluation.,ADMIN_TRAP
Please read the instructions carefully before starting. Perform thorough evaluation using confusion matrices and F1-scores.,WEIGHTED_PRIORITY
"Implement association rule mining, classification, and clustering.",TECHNICAL_TASK
This exercise is designed to test your understanding of Unit 2.,IGNORE
Please read the instructions carefully before starting.,IGNORE
Please read the instructions carefully before starting. Download the NLTK package and import webtext.,PRE_REQUISITE
Download the NLTK package and import webtext.,PRE_REQUISITE
Final project must include a full pipeline from preprocessing to evaluation.,ADMIN_TRAP
"Please read the instructions carefully before starting. Implement association rule mining, classification, and clustering.",TECHNICAL_TASK
This exercise is designed to test your understanding of Unit 2.,IGNORE
Welcome to the second semester of the computer science program. Perform thorough evaluation using confusion matrices and F1-scores.,WEIGHTED_PRIORITY
Perform thorough evaluation using confusion matrices and F1-scores.,WEIGHTED_PRIORITY
Welcome to the second semester of the computer science program.,IGNORE
Discuss your findings with your group members during the lab. Visualise vectors using PCA after fine-tuning.,TECHNICAL_TASK
Welcome to the second semester of the computer science program. Perform thorough evaluation using confusion matrices and F1-scores.,WEIGHTED_PRIORITY
Perform thorough evaluation using confusion matrices and F1-scores.,WEIGHTED_PRIORITY
Integrate a domain-specific dataset from Hugging Face.,TECH_STACK
Welcome to the second semester of the computer science program. Download the NLTK package and import webtext.,PRE_REQUISITE
Good luck with your implementation. Download the NLTK package and import webtext.,PRE_REQUISITE
Final project must include a full pipeline from preprocessing to evaluation.,ADMIN_TRAP
Visualise vectors using PCA after fine-tuning.,TECHNICAL_TASK
Perform thorough evaluation using confusion matrices and F1-scores.,WEIGHTED_PRIORITY
Good luck with your implementation.,IGNORE
Submit a PDF report containing the methodology and results.,ADMIN_TRAP
Please read the instructions carefully before starting. Integrate a domain-specific dataset from Hugging Face.,TECH_STACK
Welcome to the second semester of the computer science program. Visualise vectors using PCA after fine-tuning.,TECHNICAL_TASK
This exercise is designed to test your understanding of Unit 2.,IGNORE
Please read the instructions carefully before starting.,IGNORE
Discuss your findings with your group members during the lab.,IGNORE
Discuss your findings with your group members during the lab.,IGNORE
Please read the instructions carefully before starting. Submit a PDF report containing the methodology and results.,ADMIN_TRAP
Discuss your findings with your group members during the lab. Submit a PDF report containing the methodology and results.,ADMIN_TRAP
Welcome to the second semester of the computer science program.,IGNORE
"Welcome to the second semester of the computer science program. Implement association rule mining, classification, and clustering.",TECHNICAL_TASK
Welcome to the second semester of the computer science program. Visualise vectors using PCA after fine-tuning.,TECHNICAL_TASK
"Implement association rule mining, classification, and clustering.",TECHNICAL_TASK
Discuss your findings with your group members during the lab.,IGNORE
Submit a PDF report containing the methodology and results.,ADMIN_TRAP
Discuss your findings with your group members during the lab. Visualise vectors using PCA after fine-tuning.,TECHNICAL_TASK
Please read the instructions carefully before starting. Visualise vectors using PCA after fine-tuning.,TECHNICAL_TASK
Visualise vectors using PCA after fine-tuning.,TECHNICAL_TASK
Welcome to the second semester of the computer science program. Download the NLTK package and import webtext.,PRE_REQUISITE
Good luck with your implementation. Perform thorough evaluation using confusion matrices and F1-scores.,WEIGHTED_PRIORITY
Welcome to the second semester of the computer science program.,IGNORE
"Implement association rule mining, classification, and clustering.",TECHNICAL_TASK
Welcome to the second semester of the computer science program. Perform thorough evaluation using confusion matrices and F1-scores.,WEIGHTED_PRIORITY
Please read the instructions carefully before starting. Perform thorough evaluation using confusion matrices and F1-scores.,WEIGHTED_PRIORITY
Good luck with your implementation.,IGNORE
"Discuss your findings with your group members during the lab. Implement association rule mining, classification, and clustering.",TECHNICAL_TASK
"Welcome to the second semester of the computer science program. Implement association rule mining, classification, and clustering.",TECHNICAL_TASK
Perform thorough evaluation using confusion matrices and F1-scores.,WEIGHTED_PRIORITY
Final project must include a full pipeline from preprocessing to evaluation.,ADMIN_TRAP
Integrate a domain-specific dataset from Hugging Face.,TECH_STACK
Good luck with your implementation.,IGNORE
Please read the instructions carefully before starting.,IGNORE
Final project must include a full pipeline from preprocessing to evaluation.,ADMIN_TRAP
Discuss your findings with your group members during the lab. Integrate a domain-specific dataset from Hugging Face.,TECH_STACK
Integrate a domain-specific dataset from Hugging Face.,TECH_STACK
Please read the instructions carefully before starting. Submit a PDF report containing the methodology and results.,ADMIN_TRAP
Welcome to the second semester of the computer science program.,IGNORE
Please read the instructions carefully before starting.,IGNORE
Welcome to the second semester of the computer science program.,IGNORE
This exercise is designed to test your understanding of Unit 2.,IGNORE
Please read the instructions carefully before starting. Submit a PDF report containing the methodology and results.,ADMIN_TRAP
"This exercise is designed to test your understanding of Unit 2. Implement association rule mining, classification, and clustering.",TECHNICAL_TASK
Integrate a domain-specific dataset from Hugging Face.,TECH_STACK
Final project must include a full pipeline from preprocessing to evaluation.,ADMIN_TRAP
Good luck with your implementation. Integrate a domain-specific dataset from Hugging Face.,TECH_STACK
Final project must include a full pipeline from preprocessing to evaluation.,ADMIN_TRAP
Submit a PDF report containing the methodology and results.,ADMIN_TRAP
Please read the instructions carefully before starting. Final project must include a full pipeline from preprocessing to evaluation.,ADMIN_TRAP
"Please read the instructions carefully before starting. Implement association rule mining, classification, and clustering.",TECHNICAL_TASK
Good luck with your implementation.,IGNORE
Discuss your findings with your group members during the lab.,IGNORE
Discuss your findings with your group members during the lab.,IGNORE
Please read the instructions carefully before starting.,IGNORE
Submit a PDF report containing the methodology and results.,ADMIN_TRAP
This exercise is designed to test your understanding of Unit 2. Integrate a domain-specific dataset from Hugging Face.,TECH_STACK
Perform thorough evaluation using confusion matrices and F1-scores.,WEIGHTED_PRIORITY
This exercise is designed to test your understanding of Unit 2.,IGNORE
Integrate a domain-specific dataset from Hugging Face.,TECH_STACK
Final project must include a full pipeline from preprocessing to evaluation.,ADMIN_TRAP
"Good luck with your implementation. Implement association rule mining, classification, and clustering.",TECHNICAL_TASK
Integrate a domain-specific dataset from Hugging Face.,TECH_STACK
Please read the instructions carefully before starting.,IGNORE
Please read the instructions carefully before starting.,IGNORE
Integrate a domain-specific dataset from Hugging Face.,TECH_STACK
"Implement association rule mining, classification, and clustering.",TECHNICAL_TASK
Perform thorough evaluation using confusion matrices and F1-scores.,WEIGHTED_PRIORITY
"Implement association rule mining, classification, and clustering.",TECHNICAL_TASK
Discuss your findings with your group members during the lab. Visualise vectors using PCA after fine-tuning.,TECHNICAL_TASK
Please read the instructions carefully before starting. Visualise vectors using PCA after fine-tuning.,TECHNICAL_TASK
This exercise is designed to test your understanding of Unit 2. Integrate a domain-specific dataset from Hugging Face.,TECH_STACK
This exercise is designed to test your understanding of Unit 2. Integrate a domain-specific dataset from Hugging Face.,TECH_STACK
Discuss your findings with your group members during the lab. Download the NLTK package and import webtext.,PRE_REQUISITE
Welcome to the second semester of the computer science program.,IGNORE
Welcome to the second semester of the computer science program. Integrate a domain-specific dataset from Hugging Face.,TECH_STACK
This exercise is designed to test your understanding of Unit 2.,IGNORE
Please read the instructions carefully before starting. Perform thorough evaluation using confusion matrices and F1-scores.,WEIGHTED_PRIORITY
Integrate a domain-specific dataset from Hugging Face.,TECH_STACK
Good luck with your implementation. Visualise vectors using PCA after fine-tuning.,TECHNICAL_TASK
Welcome to the second semester of the computer science program.,IGNORE
Good luck with your implementation.,IGNORE
Welcome to the second semester of the computer science program. Submit a PDF report containing the methodology and results.,ADMIN_TRAP
Final project must include a full pipeline from preprocessing to evaluation.,ADMIN_TRAP
Good luck with your implementation. Integrate a domain-specific dataset from Hugging Face.,TECH_STACK
Good luck with your implementation.,IGNORE
Integrate a domain-specific dataset from Hugging Face.,TECH_STACK
Download the NLTK package and import webtext.,PRE_REQUISITE
Please read the instructions carefully before starting.,IGNORE
"Implement association rule mining, classification, and clustering.",TECHNICAL_TASK
Submit a PDF report containing the methodology and results.,ADMIN_TRAP
Good luck with your implementation. Integrate a domain-specific dataset from Hugging Face.,TECH_STACK
Discuss your findings with your group members during the lab. Download the NLTK package and import webtext.,PRE_REQUISITE
"Welcome to the second semester of the computer science program. Implement association rule mining, classification, and clustering.",TECHNICAL_TASK
Submit a PDF report containing the methodology and results.,ADMIN_TRAP
Final project must include a full pipeline from preprocessing to evaluation.,ADMIN_TRAP
Discuss your findings with your group members during the lab. Integrate a domain-specific dataset from Hugging Face.,TECH_STACK
Good luck with your implementation.,IGNORE
Please read the instructions carefully before starting. Perform thorough evaluation using confusion matrices and F1-scores.,WEIGHTED_PRIORITY
"Implement association rule mining, classification, and clustering.",TECHNICAL_TASK
Welcome to the second semester of the computer science program. Submit a PDF report containing the methodology and results.,ADMIN_TRAP
This exercise is designed to test your understanding of Unit 2. Final project must include a full pipeline from preprocessing to evaluation.,ADMIN_TRAP
"Implement association rule mining, classification, and clustering.",TECHNICAL_TASK
Submit a PDF report containing the methodology and results.,ADMIN_TRAP
Please read the instructions carefully before starting.,IGNORE
This exercise is designed to test your understanding of Unit 2.,IGNORE
Perform thorough evaluation using confusion matrices and F1-scores.,WEIGHTED_PRIORITY
This exercise is designed to test your understanding of Unit 2. Visualise vectors using PCA after fine-tuning.,TECHNICAL_TASK
Please read the instructions carefully before starting. Final project must include a full pipeline from preprocessing to evaluation.,ADMIN_TRAP
Final project must include a full pipeline from preprocessing to evaluation.,ADMIN_TRAP
This exercise is designed to test your understanding of Unit 2. Visualise vectors using PCA after fine-tuning.,TECHNICAL_TASK
Download the NLTK package and import webtext.,PRE_REQUISITE
This exercise is designed to test your understanding of Unit 2.,IGNORE
Welcome to the second semester of the computer science program.,IGNORE
Final project must include a full pipeline from preprocessing to evaluation.,ADMIN_TRAP
Welcome to the second semester of the computer science program. Visualise vectors using PCA after fine-tuning.,TECHNICAL_TASK
This exercise is designed to test your understanding of Unit 2. Integrate a domain-specific dataset from Hugging Face.,TECH_STACK
Welcome to the second semester of the computer science program. Submit a PDF report containing the methodology and results.,ADMIN_TRAP
Discuss your findings with your group members during the lab. Perform thorough evaluation using confusion matrices and F1-scores.,WEIGHTED_PRIORITY
Welcome to the second semester of the computer science program.,IGNORE
This exercise is designed to test your understanding of Unit 2.,IGNORE
Discuss your findings with your group members during the lab. Final project must include a full pipeline from preprocessing to evaluation.,ADMIN_TRAP
Please read the instructions carefully before starting.,IGNORE
Final project must include a full pipeline from preprocessing to evaluation.,ADMIN_TRAP
"Implement association rule mining, classification, and clustering.",TECHNICAL_TASK
Discuss your findings with your group members during the lab. Final project must include a full pipeline from preprocessing to evaluation.,ADMIN_TRAP
"This exercise is designed to test your understanding of Unit 2. Implement association rule mining, classification, and clustering.",TECHNICAL_TASK
Submit a PDF report containing the methodology and results.,ADMIN_TRAP
Discuss your findings with your group members during the lab.,IGNORE
"Implement association rule mining, classification, and clustering.",TECHNICAL_TASK
Please read the instructions carefully before starting. Visualise vectors using PCA after fine-tuning.,TECHNICAL_TASK
Download the NLTK package and import webtext.,PRE_REQUISITE
This exercise is designed to test your understanding of Unit 2. Perform thorough evaluation using confusion matrices and F1-scores.,WEIGHTED_PRIORITY
Discuss your findings with your group members during the lab. Download the NLTK package and import webtext.,PRE_REQUISITE
Final project must include a full pipeline from preprocessing to evaluation.,ADMIN_TRAP
This exercise is designed to test your understanding of Unit 2. Visualise vectors using PCA after fine-tuning.,TECHNICAL_TASK
Good luck with your implementation.,IGNORE
Perform thorough evaluation using confusion matrices and F1-scores.,WEIGHTED_PRIORITY
This exercise is designed to test your understanding of Unit 2. Visualise vectors using PCA after fine-tuning.,TECHNICAL_TASK
Welcome to the second semester of the computer science program.,IGNORE
Please read the instructions carefully before starting.,IGNORE
Download the NLTK package and import webtext.,PRE_REQUISITE
Visualise vectors using PCA after fine-tuning.,TECHNICAL_TASK
Integrate a domain-specific dataset from Hugging Face.,TECH_STACK
Please read the instructions carefully before starting.,IGNORE
Visualise vectors using PCA after fine-tuning.,TECHNICAL_TASK
This exercise is designed to test your understanding of Unit 2.,IGNORE
Perform thorough evaluation using confusion matrices and F1-scores.,WEIGHTED_PRIORITY
Download the NLTK package and import webtext.,PRE_REQUISITE
Discuss your findings with your group members during the lab. Final project must include a full pipeline from preprocessing to evaluation.,ADMIN_TRAP
Submit a PDF report containing the methodology and results.,ADMIN_TRAP
"Implement association rule mining, classification, and clustering.",TECHNICAL_TASK
Discuss your findings with your group members during the lab. Download the NLTK package and import webtext.,PRE_REQUISITE
Discuss your findings with your group members during the lab.,IGNORE
Welcome to the second semester of the computer science program.,IGNORE
This exercise is designed to test your understanding of Unit 2. Integrate a domain-specific dataset from Hugging Face.,TECH_STACK
Please read the instructions carefully before starting.,IGNORE
Download the NLTK package and import webtext.,PRE_REQUISITE
Download the NLTK package and import webtext.,PRE_REQUISITE
Good luck with your implementation. Download the NLTK package and import webtext.,PRE_REQUISITE
Good luck with your implementation.,IGNORE
Please read the instructions carefully before starting.,IGNORE
Welcome to the second semester of the computer science program.,IGNORE
Welcome to the second semester of the computer science program. Final project must include a full pipeline from preprocessing to evaluation.,ADMIN_TRAP
This exercise is designed to test your understanding of Unit 2. Download the NLTK package and import webtext.,PRE_REQUISITE
Discuss your findings with your group members during the lab.,IGNORE
Good luck with your implementation. Final project must include a full pipeline from preprocessing to evaluation.,ADMIN_TRAP
Please read the instructions carefully before starting. Download the NLTK package and import webtext.,PRE_REQUISITE
Please read the instructions carefully before starting.,IGNORE
Discuss your findings with your group members during the lab. Perform thorough evaluation using confusion matrices and F1-scores.,WEIGHTED_PRIORITY
Please read the instructions carefully before starting.,IGNORE
"Welcome to the second semester of the computer science program. Implement association rule mining, classification, and clustering.",TECHNICAL_TASK
This exercise is designed to test your understanding of Unit 2.,IGNORE
This exercise is designed to test your understanding of Unit 2.,IGNORE
This exercise is designed to test your understanding of Unit 2. Visualise vectors using PCA after fine-tuning.,TECHNICAL_TASK
"Implement association rule mining, classification, and clustering.",TECHNICAL_TASK
Submit a PDF report containing the methodology and results.,ADMIN_TRAP
"Implement association rule mining, classification, and clustering.",TECHNICAL_TASK
Submit a PDF report containing the methodology and results.,ADMIN_TRAP
"Good luck with your implementation. Implement association rule mining, classification, and clustering.",TECHNICAL_TASK
Submit a PDF report containing the methodology and results.,ADMIN_TRAP
Please read the instructions carefully before starting. Visualise vectors using PCA after fine-tuning.,TECHNICAL_TASK
Please read the instructions carefully before starting.,IGNORE
Welcome to the second semester of the computer science program. Perform thorough evaluation using confusion matrices and F1-scores.,WEIGHTED_PRIORITY
Final project must include a full pipeline from preprocessing to evaluation.,ADMIN_TRAP
Please read the instructions carefully before starting.,IGNORE
Submit a PDF report containing the methodology and results.,ADMIN_TRAP
Submit a PDF report containing the methodology and results.,ADMIN_TRAP
Discuss your findings with your group members during the lab.,IGNORE
"Welcome to the second semester of the computer science program. Implement association rule mining, classification, and clustering.",TECHNICAL_TASK
Download the NLTK package and import webtext.,PRE_REQUISITE
Discuss your findings with your group members during the lab. Visualise vectors using PCA after fine-tuning.,TECHNICAL_TASK
Perform thorough evaluation using confusion matrices and F1-scores.,WEIGHTED_PRIORITY
Visualise vectors using PCA after fine-tuning.,TECHNICAL_TASK
Welcome to the second semester of the computer science program.,IGNORE
"Implement association rule mining, classification, and clustering.",TECHNICAL_TASK
Visualise vectors using PCA after fine-tuning.,TECHNICAL_TASK
Good luck with your implementation.,IGNORE
Welcome to the second semester of the computer science program.,IGNORE
"Please read the instructions carefully before starting. Implement association rule mining, classification, and clustering.",TECHNICAL_TASK
Good luck with your implementation. Submit a PDF report containing the methodology and results.,ADMIN_TRAP
This exercise is designed to test your understanding of Unit 2.,IGNORE
Integrate a domain-specific dataset from Hugging Face.,TECH_STACK
Good luck with your implementation.,IGNORE
Welcome to the second semester of the computer science program. Download the NLTK package and import webtext.,PRE_REQUISITE
Visualise vectors using PCA after fine-tuning.,TECHNICAL_TASK
Visualise vectors using PCA after fine-tuning.,TECHNICAL_TASK
This exercise is designed to test your understanding of Unit 2.,IGNORE
This exercise is designed to test your understanding of Unit 2.,IGNORE
"Implement association rule mining, classification, and clustering.",TECHNICAL_TASK
Visualise vectors using PCA after fine-tuning.,TECHNICAL_TASK
Welcome to the second semester of the computer science program. Visualise vectors using PCA after fine-tuning.,TECHNICAL_TASK
Please read the instructions carefully before starting.,IGNORE
Welcome to the second semester of the computer science program.,IGNORE
Submit a PDF report containing the methodology and results.,ADMIN_TRAP
Discuss your findings with your group members during the lab.,IGNORE
Discuss your findings with your group members during the lab. Final project must include a full pipeline from preprocessing to evaluation.,ADMIN_TRAP
Final project must include a full pipeline from preprocessing to evaluation.,ADMIN_TRAP
This exercise is designed to test your understanding of Unit 2. Integrate a domain-specific dataset from Hugging Face.,TECH_STACK
This exercise is designed to test your understanding of Unit 2. Visualise vectors using PCA after fine-tuning.,TECHNICAL_TASK
Good luck with your implementation.,IGNORE
This exercise is designed to test your understanding of Unit 2. Visualise vectors using PCA after fine-tuning.,TECHNICAL_TASK
Welcome to the second semester of the computer science program.,IGNORE
Download the NLTK package and import webtext.,PRE_REQUISITE
Welcome to the second semester of the computer science program.,IGNORE
This exercise is designed to test your understanding of Unit 2.,IGNORE
Discuss your findings with your group members during the lab. Download the NLTK package and import webtext.,PRE_REQUISITE
Discuss your findings with your group members during the lab.,IGNORE
"Implement association rule mining, classification, and clustering.",TECHNICAL_TASK
Perform thorough evaluation using confusion matrices and F1-scores.,WEIGHTED_PRIORITY
Discuss your findings with your group members during the lab. Perform thorough evaluation using confusion matrices and F1-scores.,WEIGHTED_PRIORITY
Please read the instructions carefully before starting. Perform thorough evaluation using confusion matrices and F1-scores.,WEIGHTED_PRIORITY
Final project must include a full pipeline from preprocessing to evaluation.,ADMIN_TRAP
"Welcome to the second semester of the computer science program. Implement association rule mining, classification, and clustering.",TECHNICAL_TASK
Good luck with your implementation. Perform thorough evaluation using confusion matrices and F1-scores.,WEIGHTED_PRIORITY
"Discuss your findings with your group members during the lab. Implement association rule mining, classification, and clustering.",TECHNICAL_TASK
"Discuss your findings with your group members during the lab. Implement association rule mining, classification, and clustering.",TECHNICAL_TASK
Final project must include a full pipeline from preprocessing to evaluation.,ADMIN_TRAP
Download the NLTK package and import webtext.,PRE_REQUISITE
Submit a PDF report containing the methodology and results.,ADMIN_TRAP
This exercise is designed to test your understanding of Unit 2.,IGNORE
Please read the instructions carefully before starting.,IGNORE
Good luck with your implementation.,IGNORE
Please read the instructions carefully before starting. Download the NLTK package and import webtext.,PRE_REQUISITE
Welcome to the second semester of the computer science program.,IGNORE
This exercise is designed to test your understanding of Unit 2.,IGNORE
Good luck with your implementation.,IGNORE
This exercise is designed to test your understanding of Unit 2. Perform thorough evaluation using confusion matrices and F1-scores.,WEIGHTED_PRIORITY
Welcome to the second semester of the computer science program. Submit a PDF report containing the methodology and results.,ADMIN_TRAP
Good luck with your implementation.,IGNORE
"Implement association rule mining, classification, and clustering.",TECHNICAL_TASK
Discuss your findings with your group members during the lab. Visualise vectors using PCA after fine-tuning.,TECHNICAL_TASK
"Implement association rule mining, classification, and clustering.",TECHNICAL_TASK
Visualise vectors using PCA after fine-tuning.,TECHNICAL_TASK
"Please read the instructions carefully before starting. Implement association rule mining, classification, and clustering.",TECHNICAL_TASK
Integrate a domain-specific dataset from Hugging Face.,TECH_STACK
Visualise vectors using PCA after fine-tuning.,TECHNICAL_TASK
Discuss your findings with your group members during the lab. Perform thorough evaluation using confusion matrices and F1-scores.,WEIGHTED_PRIORITY
Submit a PDF report containing the methodology and results.,ADMIN_TRAP
Visualise vectors using PCA after fine-tuning.,TECHNICAL_TASK
